"content","cmp_code","eu_code"
"ALTERNATIVA PARA O BRASIL","H",NA
"Programa de Governo de Ciro Gomes, apresentado na Campanha para Presidente em 1998","H",NA
"Para resolver seus graves problemas sociais na área da saúde,","504",NA
"educação,","506",NA
"moradia,","504",NA
"segurança,","605.1",NA
"transporte,","411",NA
"reforma agrária e combate permanente à seca,","703.1",NA
"o povo brasileiro precisa de um Governo que tenha vontade política,","305.1",NA
"compromisso social","606.1",NA
"e recursos.","408",NA
"Para garantir o emprego do trabalhador, criar novos empregos, melhorar os salários, defender o servidor público","701",NA
"e tratar com dignidade os aposentados,","504",NA
"precisa de um Governo capaz de fazer a economia crescer,","410",NA
"sem contudo trazer a inflação de volta.","414",NA
"Ciro Gomes, por sua experiência como Deputado, Prefeito, Governador e Ministro da Fazenda, sabe que não basta prometer priorizar o social e estimular o desenvolvimento sem definir os meios para alcançar estes objetivos.","305.2",NA
"O povo brasileiro quer um Estado que funcione,","303",NA
"que defenda o produtor nacional","703.1",NA
"e se coloque ao lado dos que trabalham.","701",NA
"E não aceita que para manter a estabilidade tenha que abrir mão de tudo isso, convivendo pacificamente com o desemprego, a recessão e a paralisia do Governo.","414",NA
"O Programa de Governo do Partido Popular Socialista, com Ciro Gomes Presidente, propõe um conjunto de medidas arrojadas e realistas de caráter permanente,","305.1",NA
"e uma série de medidas práticas e urgentes para combater o desemprego, a fome e a miséria.","701",NA
"A idéia básica é salvar o Estado, fazendo com que ele seja forte, atuante e capaz, e se transforme num verdadeiro aliado de todo o povo brasileiro.","305.3",NA
"Um governo empreendedor.","409",NA
"O Programa de Governo de Ciro Gomes começa por preservar o Real e manter a estabilidade.","414",NA
"Mas sabe que a estabilidade não pode continuar dependendo da sobrevalorização do câmbio, do endividamento interno e externo, dos juros altíssimos e do arrocho salarial que inviabilizam o desenvolvimento do país.","409",NA
"O PPS propõe refundar a estabilidade da moeda em bases compatíveis com o desenvolvimento e com a capacidade do Governo de investir no social.","409",NA
"Para isso é preciso promover uma reforma tributária efetiva,","204",NA
"que desonere completamente a produção e o salário, ao tempo em que fortaleça a receita pública.","403",NA
"A reforma tributária de Ciro Gomes propõe o fim dos impostos atuais, inclusive o imposto de renda, que pena-liza a classe média sem atingir quem realmente tem renda.","403",NA
"A tributação deve recair principalmente sobre o consumo, desonerando o salário e a produção, com apenas cinco impostos com funções arrecadadoras:","403",NA
"um sobre as vendas (a principal fonte de receita); um sobre o consumo de luxo (bebidas, cigarros, armas e munições, etc.);","403",NA
"um tributando a diferença entre as rendas altas e a poupança investida dos contribuintes mais ricos;","403",NA
"um sobre heranças e doações;","403",NA
"um predial ou territorial,","403",NA
"sobre a propriedade urbana e rural.","703.1",NA
"A reforma tributária prevê ainda investimentos e aperfeiçoamento do aparato da Receita Federal para poder colocar os sonegadores — sobretudo os graúdos — na cadeia. .","605.1",NA
"Um País com Recursos Próprios.","H",NA
"Enquanto o Brasil não tiver uma poupança interna forte será obrigado a ficar de joelhos diante do pior capital estrangeiro — o financeiro e o especulativo. .","403",NA
"A solução é aprender que ""capital se faz em casa"", .","403",NA
"e alcançar alta poupança pública graças a uma reforma tributária que refinancie o governo, .","204",NA
"e alta poupança privada por um sistema onde as pessoas poupam compulsoriamente parte proporcional e progressiva de suas rendas. .","412",NA
"Os mais pobres, que trabalhem ou se matriculem nos cursos de retreinamento para o trabalho, devem ter renda mínima garantida. .","503",NA
"Este Programa de Governo defende que, além de aumentar a poupança, é preciso estreitar os vínculos entre a poupança e a produção. .","410",NA
"O país não pode deixar que o seu potencial produtivo se dissipe num verdadeiro cassino financeiro, nas jogadas das bolsas de valores e do mercado especulativo. .","403",NA
"Parte da poupança previdenciária das pessoas deve, por exemplo, ir para fundos que invistam em empresas emergentes e nas pequenas e médias empresas dos setores mais vulneráveis da nossa economia. .","404",NA
"A Superação da Armadilha Cambial.","H",NA
"A política cambial é um assunto muito técnico, mas interessa diretamente a todos os brasileiros.","414",NA
"Porque tem a ver com o salário, com o preço das mercadorias, com o custo de vida, com o controle da inflação, com o nível de emprego, enfim, com tudo aquilo que interfere diretamente na vida das pessoas.","414",NA
"É um assunto complicado, mas pode ser entendido com uma simples pergunta: faz sentido que um país como o Brasil, com suas limitações econômicas e sociais, tenha uma moeda que vale mais do que a moeda dos americanos, o dólar?","412",NA
"Não faz.","412",NA
"E na prática, hoje, a moeda brasileira, o Real, está valendo mais do que o Dólar americano.","412",NA
"E isso acontece por uma política artificial do atual Governo, que com isso pretende alcançar alto nível de popularidade, ainda que com o sacrifício de toda a nação.","305.1",NA
"O fato é que, por incapacidade de encontrar os meios de financiar o Estado de maneira sólida e duradoura, o Governo vê-se obrigado a manter o valor do Real preso ao valor do Dólar americano.","305.1",NA
"O custo para o país é terrível.","305.1",NA
"Para atrair capital estrangeiro, e manter reservas em moeda estrangeira necessárias para manter o câmbio fixo, os juros têm que ser elevados até limites insuportáveis.","305.1",NA
"Nossas exportações perdem competitividade.","305.1",NA
"A estabilidade da moeda acaba se opondo ao crescimento da economia, condenando o país à recessão e ao desemprego.","305.1",NA
"Ciro Gomes, por sua experiência como Ministro da Fazenda no momento decisivo da consolidação do Real,","305.2",NA
"sabe que é impossível sair da armadilha cambial sem refundar a estabilidade da moeda em novo padrão de financiamento público,","204",NA
"e sem aumentar a poupança, tanto privada quanto pública,","404",NA
"e canalizá-la para a produção. //","404",NA
"Só depois de equacionar esses dois problemas básicos é que o país pode tomar novo rumo na política do câmbio.","404",NA
"O objetivo é instituir o regime de câmbio flutuante, com o valor das conversões monetárias estabelecido pelo mercado, como nas economias fortes e organizadas,","414",NA
"e não mediante uma cotação oficial arbitrada pelo Governo.","414",NA
"Com isso o Governo pode recuperar a possibilidade de usar a política dos juros no interesse do crescimento da economia e da criação de empregos.","410",NA
"Mas a mudança do regime cambial só será possível no quadro de confiança criado pelo refinanciamento do Governo e pela elevação da poupança interna do país.","412",NA
"E deverá ser precedida de uma transição segura e controlada, via ampliação gradual da banda de variação.","412",NA
"A reforma do regime cambial deve ser complementada por medidas que regulem o capital especulativo, de curto prazo, que entra e sai do país, sem compromisso produtivo, ao sabor da conjuntura financeira internacional.","412",NA
"Medidas como o depósito compulsório de parte do dinheiro no Banco Central, por prazo fixo, têm sido experimentadas com êxito em países de economia reconhecidamente aberta como o Chile.","403",NA
"A proposta de Ciro Gomes, em resumo, propõe a combinação de câmbio flutuante com o controle do capital especulativo, de curto prazo.","305.2",NA
"A possível complicação é que o câmbio flutuante costuma trazer volatilidade, com subidas e descidas, muitas vezes exageradas, da taxa cambial.","414",NA
"Hoje as grandes empresas podem controlar muitos desses riscos com planejamento financeiro e com a compra, nos mercados financeiros, de uma espécie de seguro contra a instabilidade.","403",NA
"O Governo deve possibilitar o acesso dos pequenos importadores e exportadores a esse seguro.","403",NA
"Basta juntar os recursos dos próprios interessados, sem comprometer recursos públicos, como se faz no seguro de depósito bancário.","403",NA
"Novo Ciclo de Desenvolvimento","H",NA
"Refinanciando o Governo, e elevando o nível da poupança interna, o Brasil terá condições de promover um novo ciclo de desenvolvimento,","408",NA
"essencial para rever-ter os índices de desemprego, criar novos empregos com a velocidade que o aumento da oferta de mão-de-obra exige, e começar a resolver os problemas sociais.","701",NA
"O ponto de partida do ciclo de desenvolvimento do Programa de Governo de Ciro Gomes é a redução drástica dos juros, permitida pelo saneamento das finanças públicas e pelo refinanciamento do Governo.","408",NA
"A diretriz da política de desenvolvimento é colocar o Governo ao lado dos produtores e dos trabalhadores.","701",NA
"Significa que todo o poder de ajuda financeira e tecnológica do Governo será usado para beneficiar os pequenos e médios produtores que, em economias modernas e dinâmicas, respondem pela maioria dos empregos, pelas exportações e pelas inovações.","703.1",NA
"A economia mundial está sendo reorganizada como rede internacional de vanguardas produtivas, enquanto a maioria do povo fica de fora.","109",NA
"A tarefa democrática e desenvolvimentista do Governo não é administrar, como caridade pública, esta divisão.","202.1",NA
"É enfrentá-la e superá-la.","305.3",NA
"O Governo vira parceiro do produtor, sobretudo do pequeno.","703.1",NA
"O Estado atuante é condição, não inimigo, da economia de mercado.","412",NA
"A reforma agrária que Ciro Gomes propõe é um exemplo deste novo modelo de desenvolvimento.","204",NA
"A organização associada dos pequenos produtores rurais é que vai co-administrar a ajuda financeira, comercial e tecnológica do Governo, aproveitando o imenso potencial de eficiência da agricultura de pequena escala e dando ao pequeno produtor condições de competir.","703.1",NA
"O novo ciclo de desenvolvimento deve ser complementado por um projeto nacional de reconstituição da base produtiva do país, hoje em frangalhos,","703.1",NA
"recuperando a rede rodoviária, ampliando a rede ferroviária, o transporte hidroviário e a navegação de cabotagem,","411",NA
"e fortalecendo a base energética e as telecomunicações em parceria com a iniciativa privada.","401",NA
"Recuperando e Ampliando a Infra-estrutura","H",NA
"O Brasil está sendo impedido de crescer ao nível de suas necessidades e possibilidades não só pela depressão econômica, mas também pelo estrangulamento de sua infra-estrutura.","411",NA
"O Programa de Governo de Ciro Gomes estabelece que, ao lado de resolver as questões macroeconômicas, o país precisa se voltar para o fortalecimento de sua infra-estrutura.","305.2",NA
"É preciso ampliar a produção e a distribuição de energia,","411",NA
", em parceria com a iniciativa privada,","401",NA
"e trabalhar também na geração de energia alternativa.","416.2",NA
"No capítulo das telecomunicações, também em parceria com a iniciativa privada, é possível duplicar, em quatro anos, a atual capacidade instalada.","411",NA
"Em matéria de estrada, o Brasil precisa criar um mecanismo permanente de financiamento para a manutenção, recuperação e melhoria de sua estrutura rodoviária.","411",NA
"A prioridade do Governo Ciro Gomes é incorporar os amplos vazios econômicos do Brasil, utilizando-se da infra-estrutura como elemento indutor deste desenvolvimento.","411",NA
"E a ênfase não deve ser apenas rodoviária, mas baseada nos processos hidroviário, ferroviário e no estímulo à navegação de cabotagem, com incentivos à recuperação da capacidade do Brasil de ampliar sua indústria naval, hoje sucateada.","411",NA
"Política Industrial e de Comércio Exterior","H",NA
"A economia brasileira mostra que temos empresas em diversos estágios de competitividade, variando de setor a setor, de forma dramática.","410",NA
"Setores ultra-competitivos, em padrão mundial, convivem com amplos setores em estágios os mais va-riados de atraso, incapazes de competir numa economia globalizada.","410",NA
"Isso impõe claramente a necessidade de criar uma política industrial seletiva, capaz de compatibilizar os diversos níveis de proteção e de abertura ao estágio de competitividade de cada setor.","410",NA
"O primeiro passo da política industrial que o Programa de Governo de Ciro Gomes propõe é produzir, em parceria com o setor privado, um amplo diagnóstico que identifique, setor a setor, o estágio atual de capacidade de competir das empresas brasileiras.","410",NA
"Dado o nível de competitividade que esse diagnóstico apurar, o país deve buscar um processo de mediação dessa competição internacional.","403",NA
"O princípio geral da política industrial e de comércio exterior deve ser a abertura, porque só assim o país pode seguir ganhando produtividade, modernizando seu aparato econômico e garantindo ao consumidor brasileiro o menor preço com a melhor qualidade.","401",NA
"É preciso encerrar a crônica de manipulação que é na prática co-responsável pelo atraso tecnológico brasileiro, pela especulação com os preços e pela formação de oligopólios.","403",NA
"A idéia central é transformar as agências atuais de financiamento — BNDES, BNB, BASA e outras — num balcão ativo, ao invés de serem, como são hoje, balcões passivos, que só concedem créditos aos setores mais dinâmicos da economia.","403",NA
"E estes créditos oficiais devem ser condicionados a ganhos de produtividade; seja removendo o atraso tecnológico, fazendo a reconversão industrial, seja através de um banco, especificamente criado para a exportação, previsto no Programa de Governo de Ciro Gomes.","403",NA
"A grande diretriz da política comercial não deve ser cercear as importações.","401",NA
"Deve ser ampliar o consumo interno e fortalecer a capacidade de exportar do Brasil, criando mecanismos para que a pequena e a média empresa — que hoje no Brasil quase nada exportam — possam frequentar o mercado internacional.","403",NA
"É exercendo essa política que o mundo moderno se desenvolve.","403",NA
"É com base nesta experiência que o Brasil tem que construir seus caminhos.","403",NA
"Suprindo as Deficiências da Agricultura","H",NA
"A agricultura brasileira se ressente de três problemas, e o Estado brasileiro tem que ser o parceiro do produtor rural para suprir essas três deficiências.","703.1",NA
"A primeira deficiência é o estrangulamento no crédito e no financiamento;","703.1",NA
"a segunda é a questão das deficiências tecnológicas;","703.1",NA
"e a terceira está nas fragilidades da comercialização, tanto interna quanto externamente.","703.1",NA
"Para resolver a questão do financiamento, o essencial é criar condições para baixar os juros — prioridade absoluta do Programa de Governo de Ciro Gomes — ancorada no saneamento das contas públicas e na reforma tributária.","703.1",NA
"Para suprir as deficiências tecnológicas da agricultura, a segunda questão, é preciso que o Governo promova um esforço de parceria, que prestigie o sistema de pesquisa e fortaleça os mecanismos de extensão rural, tanto na esfera pública, em direção ao pequeno e médio produtores, como também incorporando mecanismos para que a iniciativa privada invista na área da extensão rural.","703.1",NA
"Para melhorar as condições de comercialização é preciso que o país defina e pratique uma política agrícola competente, planejando os estágios de produção com base nas expectativas do mercado interno e externo.","703.1",NA
"E o Governo não deve hesitar em subsidiar eventuais prejuízos decorrentes das oscilações de preço.","703.1",NA
"Para ampliar a produção interna, o Governo deve formar, em parceria com a iniciativa privada, estoques reguladores, que terão função dupla: regular o mercado na entressafra, combatendo de forma intransigente o atravessador;","703.1",NA
"e fortalecer amplos programas de suplemento alimentar, não só na merenda escolar mas também na assistência às populações miseráveis da periferia das grandes cidades e das zonas rurais de baixa produtividade.","703.1",NA
"E o Governo deve atuar firmemente, promovendo um conjunto de negociações bilaterais, atuando sempre com a idéia de que é preciso ampliar os espaços para nossas commodities.","703.1",NA
"O Programa de Governo de Ciro Gomes para a agricultura propõe inaugurar um conjunto de relações bila-terais em que o Brasil,","703.1",NA
"como condição de importar produtos de um determinado país,","703.1",NA
"tentará obter franquias para o ingresso da nossa produção nesses países.","703.1",NA
"Desenvolvimento Regional e Combate à Seca.","H",NA
"O Brasil não pode continuar sendo um país de contrastes, abrigando em seu território regiões desenvolvidas e industrializadas ao lado de bolsões de miséria.","301",NA
"O desenvolvimento econômico é incompatível com esse trágico desequilíbrio regional.","301",NA
"O Programa de Governo de Ciro Gomes propõe um projeto nacional de desenvolvimento, valorizando e expandindo nossos pólos industriais mas, ao mesmo tempo, corrigindo distorções históricas que penalizam o Nordeste, o Centro-Oeste e a Região Norte, incluindo a Amazônia.","301",NA
"A Amazônia, por exemplo, exige uma estratégia de desenvolvimento que combine crescimento econômico, progresso social e preservação da natureza.","301",NA
"E que deve se basear numa Zona Franca mais forte, autônoma e dinâmica, que não dependa apenas dos incentivos do Governo Federal;","301",NA
"no desenvolvimento de um setor econômico regional, baseado na exploração de riquezas tipicamente amazônicas, através de incentivo à pesquisa, à produção mineral, industrial, agrícola e agro- industrial;","703.1",NA
"em investimentos em estradas, portos, hidrovias e geração de energia para suportar o desenvolvimento,","411",NA
"permitindo inclusive o escoamento de sua produção para os mercados do Norte da América Latina.","401",NA
"O Brasil pode buscar ser ponta mundial em biotecnologia e engenharia genética.","411",NA
"A seca do Nordeste não pode continuar a ser tratada como uma emergência, assunto da preocupação go-vernamental apenas quando ocorrem saques, ou quando a mídia inclui a miséria e a fome na sua pauta.","301",NA
"O combate à seca deve ser permanente, coordenado, planejado com rigor e executado com honestidade, e inclui, basicamente:","703.1",NA
"alteração na estrutura fundiária em todo o semi-árido brasileiro, para evitar que as providências contra a seca acabem beneficiando um ou mais proprietários em detrimento da imensa maioria de pequenos produtores rurais.","703.1",NA
"A reforma agrária, nestes bolsões, tem que ser acelerada prioritariamente;","204",NA
"mapeamento das regiões com maior escassez de água e da existência de recursos hídricos em abundância nas proximidades;","703.1",NA
"construção de um conjunto de barragens e açudes interligados, suprindo as carências de água e criando áreas especiais para a implantação de projetos de irrigação;","411",NA
"levantamento e qualificação do solo nas regiões mais atingidas pelas secas, para identificar e selecionar suas potencialidades agrícolas;","703.1",NA
"educação,","506",NA
"qualificação e assistência aos produtores rurais, para orientar a escolha das culturas mais adequadas às condições da terra;","703.1",NA
"estabelecimento de condomínios de irrigação, com a lógica de um empreendimento comercial — mas executado sob a supervisão governamental — para garantir o acesso dos pequenos produtores à agricultura irrigada;","703.1",NA
"estabelecimento de um grande projeto nacional de transposição de águas do São Francisco e do Tocantins, em bases realistas,","703.1",NA
"ambientalmente sustentáveis","416.2",NA
"e politicamente negociado entre todos os Estados envolvidos.","204",NA
"Valorização dos Salários","H",NA
"A política social mais eficaz que se pode promover no Brasil é a valorização do salário.","701",NA
"A começar, necessariamente, pelo salário mínimo, hoje no patamar mais baixo desde que foi instituído.","701",NA
"O Programa de Governo de Ciro Gomes propõe dobrá-lo, com a condição de antes quebrar as vantagens corporativistas de aposentados privilegiados, cujas aposentadorias se calculam por múltiplos do salário mínimo.","304",NA
"Acima do salário mínimo, Ciro Gomes defende a generalização compulsória do princípio de participação dos trabalhadores nos lucros das empresas, o que vai permitir a valorização dos salários sem gerar inflação.","412",NA
"O Fim do Pesadelo da Previdência","H",NA
"A Previdência Social, que hoje é um pesadelo para os aposentados e para o Governo,","504",NA
"deve se transformar na principal ferramenta de poupança,","410",NA
"base para o investimento produtivo gerador de empregos.","701",NA
"Para tanto o sistema previdenciário deve deixar de ser um mero sistema de repartição — corrupto, ineficiente, e insustentável — para se transformar num sistema de capitalização.","304",NA
"Assim, a contribuição arrecadada se associa ao investimento produtivo, e extrai dessa parceria o ganho extra para dar dignidade ao pagamento dos pensionistas e aposentados.","504",NA
"O Programa de Governo de Ciro Gomes propõe que ao invés da atual exclusividade de incidência sobre a folha de pagamentos, o cálculo da contribuição passe a se utilizar de incidências sobre o faturamento líquido das empresas, desonerando as folhas de pagamento, estimulando a formalização do mercado de trabalho, apoiando os setores produtivos que mais intensivamente utilizam mão-de-obra.","701",NA
"O Governo vem se revelando tradicionalmente corrupto e ineficiente no manejo deste imenso ativo financeiro que são as receitas da previdência.","304",NA
"O Programa de Governo de Ciro Gomes propõe que a gestão final da Previdência Social se dê por um coletivo de aposentados, trabalhadores, empresários e representação governamental, obrigada por lei à gestão profissional, e também por lei obrigada ao investimento produtivo.","202.1",NA
"O Essencial na Educação","H",NA
"Para assegurar o nível mínimo de educação para todos e agregar conteúdo à educação brasileira,","506",NA
"o Programa de Governo de Ciro Gomes propõe que a União se associe aos estados e municípios na supervisão compartilhada do sistema educacional no país.","301",NA
"Esta supervisão conjunta exigiria de cada município um patamar mínimo de investimentos por aluno,","503",NA
"garantindo vagas para todas as crianças de 7 a 14 anos,","506",NA
"o que o atual Governo prometeu e não fez.","305.1",NA
"Toda a ajuda pública, inclusive o apoio e a gestão da bolsa-escola, que o Programa de Governo de Ciro Gomes propõe aperfeiçoar e ampliar, será distribuída através de associações que reúnam professores e pais de alunos.","503",NA
"O tratamento das universidades públicas — a parte do ensino mais diretamente sob controle do Governo Federal — servirá de modelo para toda a política educacional.","506",NA
"0 ponto decisivo é tratar as universidades como um sistema integrado.","506",NA
"Acaba o vestibular, substituído pela média das notas obtidas nos três últimos anos do curso secundário.","503",NA
"A média estabelece a ordem dos alunos para admissão nas universidades de sua preferência, em todo o território nacional.","506",NA
"Cada universidade deve procurar desenvolver as áreas em que é mais forte.","506",NA
"E as verbas serão distribuídas de acordo com critérios que levem em conta o número de alunos, a produção acadêmica e a integração com os problemas do meio social em que está inserida cada universidade.","503",NA
"0s centros de pesquisa avançados receberão investimentos especiais para sustentar uma política nacional de ciência e tecnologia","506",NA
"0s estudantes universitários vão dispor de financiamento público para apoio ao esforço acadêmico (deslocamentos, material didático, residência, etc.), e podem optar por pagar o custo deste financiamento quer como empréstimo, a ser pago no exercício da vida profissional, quer como benefício concedido em programa federal de trabalho comunitário.","503",NA
"O Governo Federal deve liderar uma revolução no conteúdo da educação brasileira, substituindo o decoreba pelo ensino das capacidades práticas e conceituais.","506",NA
"E fundar, em todo o país, uma rede de escolas-piloto, desde o pré-primário até a pós-graduação universitária, para servir de modelo de política educacional.","506",NA
"Ao mesmo tempo, o Governo criará um programa de requalificação pedagógica e salarial dos professores primários e secundários.","506",NA
"Aderindo voluntariamente aos cursos de retreinamento, e obtendo qualificação ao final, os professores receberão complemento salarial do Governo.","506",NA
"É salário melhor para o professor melhor qualificado.","506",NA
"O Programa de Governo de Ciro Gomes para a área da educação parte do princípio que sem ensino capacitador não há povo capacitado.","506",NA
"Cultura, um Bem Essencial","H",NA
"Um Programa de Governo que se pretende sério e competente não pode deixar de considerar a questão da cultura nacional.","502",NA
"E a cultura deve ser entendida como um instrumento fundamental de afirmação da cidadania, definidor da possibilidade de termos, ou não termos, um verdadeiro projeto de nação.","502",NA
"0 Programa de Governo de Ciro Gomes propõe a animação da identidade cultural brasileira, aprimorando os mecanismos de renúncia fiscal para produção artística, com aplicação direta de subsídios, sob controle e supervisão da sociedade.","502",NA
"É preciso ainda promover investimentos na afirmação da identidade cultural em todas as linguagens, não só naquelas de retorno comercial garantido, mas nas linguagens experimentais, no vanguardismo artístico.","502",NA
"Um Salto de Qualidade na Saúde Pública","504",NA
"O Programa de Governo de Ciro Gomes propõe inverter as duas lógicas perversas que hoje presidem a política de saúde no Brasil: 75% do dinheiro público vai para os provedores privados, quando poderiam ser usados para elevar o nível de qualidade dos serviços públicos;","504",NA
"e a medicina terapêutica prevalece sobre a medicina preventiva.","504",NA
"Num país pobre e desigual como o Brasil, os recursos da saúde têm que privilegiar a medicina preventiva e social.","504",NA
"Saúde começa com comida, água limpa e vacinação.","503",NA
"E continua no contato das famílias com os agentes comunitários de saúde e com os médicos de família.","504",NA
"A gestão básica da rede pública deve ser municipal, com as instituições federais exercendo funções de complementação e apoio.","301",NA
"A idéia é radicalizar o processo de municipalização, só permitindo transferências de recursos para os estados que estejam municipalizando seus serviços dentro de prazos claros e curtos.","301",NA
"Serviço local, responsabilidade local, supervisão nacional.","301",NA
"Para complementar o trabalho de resgate do núcleo público de saúde, o Governo Federal deve organizar, em parceria com os governos estaduais, os programas de agentes comunitários de saúde, levando à população o conhecimento dos cuidados básicos de higiene e prevenção.","504",NA
"O objetivo, numa segunda etapa da política de saúde, é dar ao serviço público a dimensão e a qualidade que lhe permita atender bem à população carente","503",NA
"e ainda incluir a classe média entre seus beneficiários.","704",NA
"Só com a ampliação dos serviços, e a elevação do grau de exigência dos usuários, o sistema de saúde pode dar um salto de qualidade.","504",NA
"O sistema de saúde tem que ser atacado em bases estruturais, mas o que o Governo pode fazer imediatamente é produzir medidas exemplares, capazes de modificar o quadro substancialmente.","504",NA
"Há, por exemplo, uma vulnerabilidade generalizada no sistema atual: a corrupção.","304",NA
"Para acabar com isso de forma rápida, a idéia é contratar auditorias privadas, e remunerá-las com base num percentual das fraudes demonstradas.","401",NA
"Essa atitude pode gerar um efeito preventivo importante, e demonstrar rapidamente que a impunidade acabou.","605.1",NA
"Outra medida exemplar: atacar e acabar com os surtos de dengue, de cólera e de malária,","504",NA
"o que é perfeitamente possível de ser executado, com trabalho e vontade política, sob a liderança pessoal do Presidente da República.","305.2",NA
"É preciso também produzir exemplaridades na rede.","301",NA
"Tomar grandes hospitais de emergência, que é onde explode realmente a angústia da população brasileira com saúde, e sanear estes hospitais.","504",NA
"A experiência demonstra que 80% da demanda dos grandes hospitais de emergência ocorre por ineficiência na rede de postos de atendimento.","411",NA
"Equipando estes postos, e dando incentivos aos profissionais para que eles ali permaneçam, é possível reduzir drasticamente a procura pelos grandes hospitais, tornando possível seu sanemento.","411",NA
"Outro exemplo pode ser produzido com a intervenção radical no sistema de compra de medicamentos","412",NA
"As licitações tem que ser realizadas localmente, para compra de pequenas quantidades de medicamentos","301",NA
"A compra de grandes partidas, entregues em Brasília e depois redistribuídas, é de ineficiência absoluta, permitindo o desperdício.","303",NA
"e em muitos casos estimulando a corrupção","304",NA
"Os idosos aposentados terão direito de requerer ao Estado os remédios que estiverem necessitando.","706",NA
"Com medidas exemplares é possível mostrar à população que a saúde realmente começou a mudar.","504",NA
"Medidas Efetivas de Segurança","H",NA
"Para situar corretamente a compreensão e a solução do problema da segurança pública é preciso entender que crime é manifestação da desordem social,","605.1",NA
"além de ser consequência da miséria e da quebra de autoridade.","503",NA
"O Programa de Governo de Ciro Gomes propõe, de imediato, quatro medidas objetivas para começar a resolver o problema da segurança pública no Brasil.","605.1",NA
"Reaparelhar e duplicar o contigente da Polícia Federal, e apoiar o reaparelhamento das polícias estaduais, dentro da idéia de ""tolerância zero"" ao crime, aplicada com êxito em algumas grandes cidades.","605.1",NA
"Assegurar aos municípios a faculdade e os meios para criar guardas municipais,","301",NA
"com finalidade de vigilância e prevenção.","605.1",NA
"Generalizar o policiamento comunitário para que as associações de moradores possam trabalhar junto com a polícia.","605.1",NA
"Promover o desarmamento geral, pondo fim à legalidade do porte de armas.","605.1",NA
"O crime organizado e o narcotráfico serão enfrentados com um esforço prioritário e continuado de inteligência policial, liderado pela Polícia Federal.","605.1",NA
"Direitos da Cidadania para Todos","H",NA
"De pouco vale reformar instituições políticas se faltam aos brasileiros os meios práticos para conhecer e lutar por seus direitos.","503",NA
"E os direitos da cidadania não devem ser privilégio das classes abastadas.","503",NA
"Só num ambiente de reivindicação, de justiça e autoorganização social é que o desenvolvimento democratizante proposto por Ciro Gomes poderá prosperar.","202.1",NA
"O povo brasileiro precisa ter ao seu lado um Governo que o ajude a conhecer e reivindicar seus direitos na família, na vizinhança, na rua e no trabalho.","202.1",NA
"Para isso, o Programa de Governo de Ciro Gomes prevê o estabelecimento, em todo o país, de centros de assistência jurídica popular, e vai propor a regulamentação de instrumentos como o mandado de injunção, com rito sumário, salvaguardando os direitos econômicos e sociais de toda a população.","203",NA
"É fundamental, ainda, o compromisso de promover a ascensão das mulheres, das minorias raciais e dos negros, sem contudo praticar um sistema rígido de cotas reservadas a esses grupos nas empresas e nas escolas.","503",NA
"O Governo não só deve dar o exemplo da participação das mulheres, dos negros e das outras minorias desfavorecidas em seus próprios quadros, como deve incentivar as empresas privadas a fazerem o mesmo.","503",NA
"O Governo deve estar permanente e agressivamente engajado no enquadramento criminal da violência contra as mulheres e contra as crianças.","605.1",NA
"E deve combater por todos os meios a segregação social de negros e índios.","705",NA
"As portas da educação precisam ser abertas para os pobres.","506",NA
"E o Governo deverá criar programas pró-ativos para preparar jovens pobres e negros para as provas e os concursos, em todos os níveis do ensino, desde o secundário, em todas as carreiras.","506",NA
"O combate ao analfabetismo é condição determinante dessa nova ordem social.","503",NA
"Não faz sentido que o Brasil, às vesperas de completar 500 anos, ainda tenha cidadãos analfabetos.","503",NA
"Assim, criaremos condições práticas para exercer a cidadania e desenvolver a identidate cultural brasileira.","502",NA
"Uma Reforma Política de Fato","H",NA
"O Programa de Governo de Ciro Gomes defende que para democratizar a economia é preciso aprofundar a democracia com uma ampla reforma política.","204",NA
"O Brasil precisa criar as bases institucionais de uma política democrática que promova a cidadania e o engajamento político de todos os cidadãos para a solução dos impasses políticos.","202.1",NA
"O regime presidencialista adotado no Brasil favorece o surgimento de impasses entre um Presidente que propõe reformas e um Congresso que resiste a elas.","202.1",NA
"O Programa de Governo de Ciro Gomes propõe uma maneira de superar esses impasses, mediante plebiscitos ou por eleições antecipadas.","202.4",NA
"Tanto o Presidente quanto o Congresso devem ter o direito de convocar unilateralmente eleições antecipadas para ambos os poderes.","202.3",NA
"A política continua corrompida pelo dinheiro.","304",NA
"E a solução é assegurar bases de financiamento público das campanhas eleitorais e transparência dos financiamentos privados.","303",NA
"Por seu passado político, e por sua experiência como administrador público, Ciro Gomes sabe que as mudanças no Brasil não vão acontecer apenas com conversa de bastidores ou acordos entre políticos.","305.2",NA
"É preciso manter a pressão reivindicatória da sociedade, enquanto se constrói, dentro e fora do Congresso Nacional, uma grande frente progressista para mudar a política do país.","305.2",NA
"Ciro defende a organização de uma grande base partidária,","202.1",NA
"no calor de uma sociedade que exige, se organiza e se levanta.","606.2",NA
"Só a combinação da negociação e do enfrentamento pode se traduzir na reforma efetiva do Brasil.","202.1",NA
"Criando Alternativas de Empregos","H",NA
"A questão do emprego no Brasil vem sendo colocada de forma absolutamente deformada pela propaganda oficial.","305.1",NA
"O Governo tenta explicar as altíssimas taxas de desemprego que estamos registrando hoje, a maior de toda a nossa história, atribuindo a culpa ao estágio de modernização e de automação dos processos produtivos provocado pela globalização.","305.1",NA
"Isso é falso.","305.1",NA
"O que está provocando a taxa de desemprego não é o processo de automação, mas sim o estrangulamento do crescimento econômico, via colapso da poupança, sobrevalorização do câmbio, taxa de juros elevada e o aumento dramático das estatísticas de falências e concordatas.","410",NA
"A falta de uma ação política responsável e consequente é a única explicação para a taxa recorde de desemprego no Brasil.","305.1",NA
"Então, para criar alternativas de emprego de forma permanente é preciso reorganizar o Estado","303",NA
", fazer uma reforma tributária,","204",NA
"elevar o nível de poupança interna e promover um novo ciclo de desenvolvimento.","410",NA
"Entretanto, no quadro de carência atual, com a poupança ainda muito baixa, com o Estado desorganizado e com um sistema tributário injusto e ineficaz, é preciso propor medidas urgentes para minimizar as taxas de desemprego, ao tempo em que se combatem suas razões estruturais.","305.1",NA
"Medidas Urgentes Contra o Desemprego","H",NA
"Um programa de saneamento básico e cons-trução de moradias populares financiado pelas transferências voluntárias da União.","504",NA
"Hoje estas transferências são feitas com a lógica de financiar o clientelismo, atendendo a emendas sem consistência, que não alteram estruturalmente nenhum setor, nem social nem econômico.","304",NA
"É preciso que se dê um destino consequente às verbas destas transferências voluntárias, que serão destinadas exclusivamente ao financiamento de um agressivo programa de moradia popular e de saneamento urbano, com repercussão instantânea no nível de emprego.","504",NA
"Existem hoje, no Brasil, mais de 6 milhões de famílias sem moradia, e a construção civil é o setor que mais incorpora mão-de-obra, especialmente com baixa qualificação profissional.","504",NA
"Criação de frentes de trabalho urbanas, com os recursos do programa de saneamento, especialmente na periferia das grandes cidades.","504",NA
"Para executar o programa de construção de moradias populares e saneamento básico, a proposta é criar frentes de trabalho nas cidades, a exemplo do que se faz no Nordeste para combater os efeitos da seca.","504",NA
"A contratação de trabalhadores será feita sob a supervisão das associações comunitárias, igrejas, clubes de serviços e organizações não-governamentais, dando emprego imediato a um extrato da população de mão-de-obra pouco qualificada.","701",NA
"Estas frentes vão criar empregos, garantir condições de viver com dignidade para grande número de famílias e melhorar as condições sanitárias na periferia das grandes cidades.","701",NA
"Arrancada da produção rural.","703.1",NA
"Programa de incentivo à produção, a ser desenvolvido em parceria com os movimentos organizados dos trabalhadores e os pequenos e médios produtores rurais.","703.1",NA
"O Governo, ao tempo em que acelera a reforma agrária, criaria polos de irradiação de sementes selecionadas, fertilizantes e máquinas agrícolas, visando o incremento da produção em propriedades de até 20 hectares, produzindo alimentos e gerando empregos.","703.1",NA
"O Governo garantiria o crédito e a compra da produção por um preço justo.","412",NA
"Retira-se o pequeno produtor rural do mercado financeiro, substituindo o crédito bancário pelo fornecimento direto de materiais e instrumentos em troca da produção, com preço ajustado previamente.","703.1",NA
"Promoção nacional de incentivo ao turismo externo.","502",NA
"O turismo é a atividade pós-industrial que melhor e mais rapidamente promove a elevação do nível de emprego e a distribuição de renda.","502",NA
"O Brasil, como raros países, reúne as condições objetivas para ser um dos principais destinos turísticos do mundo,","502",NA
"e isto pode ser alcançado muito rapidamente, em parceria com o trade turístico privado.","401",NA
"O desenvolvimento do turismo de forma permanente vai depender de uma série de esforços de promoção de vendas, de amadurecimento mais lento,","502",NA
"exigindo qualificação de recursos humanos, melhorias na infra-estrutura de equipamentos e outras providências estruturantes.","411",NA
"Mas apenas movimentando os recursos que já dispomos, num programa liderado pela Presidência da República,","305.2",NA
"podemos atingir a marca de cinco milhões de turistas estrangeiros/ano no prazo de dois anos,","502",NA
"com um impacto radical no nível de emprego e renda de regiões como a Amazônia e o Pantanal,  com o eco-turismo,","416.2",NA
", Rio de Janeiro, cidades históricas de Minas, São Paulo, Foz do Iguaçu e região nordestina.","301",NA
"Fazendo a Reforma Tributária","H",NA
"O atual sistema tributário brasileiro é complicado, ineficiente e injusto.","303",NA
"Complicado porque o cidadão e as empresas são obrigados a pagar uma infinidade de impostos como o IPI, o ICMS, o PIS, o Cofins, IPTU, IPVA, ITR, Imposto de Renda e mais de 10 outros impostos.","303",NA
"Um mar de buro-cracia, de guias, de carimbos, de coletorias, de fiscais, que só estimula a fraude e a sonegação.","304",NA
"Ineficiente porque um sistema tributário moderno deve cumprir simultaneamente duas funções: financiar bem o setor público e estimular a competitividade da estrutura produtiva do País.","303",NA
"O atual não faz nem uma coisa nem outra.","303",NA
"Mesmo arrochando o bolso de quem trabalha e produz, o Governo não tem dinheiro para cuidar da saúde, melhorar a educação e oferecer segurança à população.","504",NA
"Injusto porque acaba pesando mais no bolso dos trabalhadores que descontam na fonte, e nas pequenas e médias empresas.","503",NA
"Apenas 5 Impostos, Pagos por Quem Realmente Deve","H",NA
"O cidadão brasileiro paga uma infinidade de impostos, muitas vezes sem saber o que está pagando.","303",NA
"Ciro Gomes propõe fazer as coisas às claras.","303",NA
"Todos os brasileiros vão pagar apenas 5 impostos.","303",NA
"Mas pagar de maneira direta, transparente e justa.","303",NA
"Com isso, a soma dos impostos arrecadados pode aumentar sem prejudicar os salários nem a produção.","410",NA
"A folha de pagamentos, por exemplo, estaria livre de encargos.","410",NA
"O Estado vai ter mais recursos para investir em saúde, educação, segurança, agricultura e emprego.","504",NA
"Vai ter recursos para pagar melhor ao funcionalismo, premiando quem realmente trabalha.","701",NA
"Vai poder garantir o pagamento dos aposentados.","701",NA
"E ainda permitir ao cidadão vigiar e cobrar pela aplicação dos recursos.","606.1",NA
"O novo modelo é baseado em apenas 5 tributos, todos incidentes sobre o consumo e sobre a apropriação especulativa do capital e da propriedade.","303",NA
"E os 12,5% do PIB que os estados e municípios recebem atualmente serão rigorosamente mantidos.","301",NA
"Imposto sobre o Valor Agregado (IVA)","H",NA
"Imposto sobre o valor das mercadorias, cobrado no ato da venda ao consumidor final, e especificado na nota fiscal para acabar com a sonegação.","403",NA
"Os produtos da cesta básica e os aluguéis de casas populares estarão isentos do IVA, beneficiando assim as pessoas que ga-nham menos.","504",NA
"Imposto sobre o Consumo de Supérfluos (ICS)","H",NA
"Cobrado sobre o consumo de artigos de luxo e supérfluos como armas, munições, bebidas alcoólicas, cigarros, cosméticos, lanchas e carros de luxo, e ainda sobre o consumo excessivo de serviços de telecomunicações e energia elétrica.","504",NA
"Imposto Progressivo sobre o Consumo Pessoal (IPCP)","H",NA
"Imposto com alíquota progressiva, cobrado sobre o consumo das faixas de renda mais altas.","504",NA
"Incide sobre as grandes desigualdades de padrão de vida, enquanto protege e incentiva a poupança.","504",NA
"No final do ano, o cidadão faria uma declaração mais simples que a do Imposto de Renda atual, relatando quanto ganhou e quanto poupou e investiu.","504",NA
"Sobre a poupança, ou sobre os investimentos, não se pagaria nada.","504",NA
"Sobre a diferença, que é o consumo presumido, é que incidiriam as alíquotas, progressivamente mais elevadas nos níveis de consumo mais altos.","504",NA
"Imposto sobre Heranças e Doações (IHD)","H",NA
"Imposto com alíquotas progressivas, sem efeito confiscatório, incidente sobre o valor real das heranças e doações.","504",NA
"Imposto sobre a Propriedade (IPR)","H",NA
"Imposto não declaratório a ser cobrado sobre a propriedade predial e territorial urbana e rural, com alíquotas progressivas em função do tamanho, do uso e do valor real da propriedade, incidindo pesadamente sobre terras improdutivas, o que vai ajudar a fazer a reforma agrária.","703.1",NA
"Cadeia e Multa Pesada para Quem Sonegar","H",NA
"Ciro Gomes, por sua experiência de Prefeito que tirou Fortaleza do caos, Governador que garantiu o desenvolvimento do Ceará e conquistas sociais reco-nhecidas até no exterior, e o Ministro da Fazenda que ajudou a consolidar o Plano Real, sabe que não adianta criar leis se elas não forem cumpridas à risca.","305.2",NA
"E a sua Reforma Tributária propõe, como ponto de partida, o combate permanente à fraude e à sonegação, com multas pesadas e prisão.","304",NA
"Quem sonegar 1 Real paga uma multa três vezes maior.","605.1",NA
"E pode ser condenado a prestar serviços comunitários ou ir direto para a cadeia.","605.1",NA
"Apenas 5 Impostos Vão Substituir os Atuais.","H",NA
"A Reforma Tributária que Ciro Gomes está propondo é simples, direta e clara.","303",NA
"E decreta o fim do imposto sobre imposto, do imposto escondido em outro imposto, do imposto que ninguém sabe bem qual é e outras injustiças que os brasileiros pagam hoje.","303",NA
"É o fim do Imposto de Renda, Imposto Territorial Rural, Imposto Predial e Territorial Urbano, PIS, Cofins, Imposto sobre a Circulação de Mercadorias, Contribuição Provisória sobre Movimentação Financeira, etc.","303",NA
"E o começo de um Brasil real e justo também no bolso do cidadão.","201.1",NA
