"text","cmp_code","eu_code"
"ÚLTIMAS NOTÍCIAS",NA,NA
"Eleições 2006 - 27/07/2006",NA,NA
"Manifesto da Frente de Esquerda",NA,NA
"Lançamos este chamado desde o Quilombo dos Palmares, inspirados na força da luta de Zumbi, para construir a frente de esquerda (PSOL - PSTU - PCB), e proclamar a candidatura de Heloísa Helena à Presidência da República.",NA,NA
"Por uma alternativa para o Brasil",NA,NA
"Contra os banqueiros, o imperialismo e os políticos corruptos",NA,NA
"Heloísa Helena - César Benjamin",NA,NA
"Assim como foi necessária a resistência dos escravos e um forte movimento abolicionista para terminar a escravidão no passado, atualmente, para derrotar a escravidão moderna e conquistar uma pátria justa","503",NA
"e soberana,","103.1",NA
"os trabalhadores, os camponeses, as classes médias, os intelectuais e artistas, a juventude brasileira, o povo pobre necessitam erguer sua voz e se mobilizar.","606.2",NA
"O povo brasileiro não pode ser condenado a escolher entre Lula e Alckmin,","305.2",NA
"dois candidatos que defendem o mesmo programa neoliberal,","403",NA
"a mesma prática política marcada pela corrupção que impera no Congresso Nacional e no Governo.","304",NA
"A candidatura de Heloísa Helena é uma alternativa real para o povo brasileiro contra estes dois candidatos apoiados pelos banqueiros.","103.2",NA
"A Frente de Esquerda quer libertar o país das garras do capital financeiro","103.2",NA
"e do imperialismo.","103.1",NA
"Têm lugar nesta frente os trabalhadores, os desempregados, os milhões de homens e mulheres que estão na economia informal vivendo a duras penas de seu trabalho, organizações políticas e sociais dos trabalhadores,","701",NA
"ativistas independentes,","606.2",NA
"enfim todos os brasileiros que se revoltam diante da corrupção","304",NA
"e da submissão aos grandes capitais financeiros e banqueiros.","403",NA
"Vamos estar juntos nas lutas diretas das ruas e nas entidades de massas,","606.2",NA
"e vamos disputar também o apoio eleitoral dos trabalhadores contra os dois blocos da classe dominante, PT e PSDB-PFL.","701",NA
"PT e PSDB governam para 20 mil famílias",NA,NA
"A batalha eleitoral é parte da luta do povo.","701",NA
"Nas eleições vamos mostrar que os banqueiros e os grandes empresários representados pelos políticos e partidos conservadores, já governam e não representam uma alternativa para o Brasil.","701",NA
"Vamos apresentar uma nova alternativa diante do bloco governista do PT e da “oposição” burguesa do PSDB-PFL.","701",NA
"Eles apenas disputam e brigam para ocupar mais espaço político, para ver quem fica com a máquina do governo,","304",NA
"mas têm acordo no essencial: no plano econômico neoliberal","403",NA
"e na defesa destas instituições marcadas pela corrupção.","304",NA
"É só uma briga para ver quem usufrui mais dos privilégios do poder.","304",NA
"O PSDB e o PFL já mostraram com FHC que governam para os banqueiros,","403",NA
"que usam a corrupção no dia a dia do poder.","304",NA
"Mas a direita não está só com o PSDB-PFL, está também no governo Lula.","403",NA
"Os bancos têm mais lucros ainda com o governo do PT do que tiveram com FHC, que já eram fabulosos.","403",NA
"Não por acaso doaram 7,9 milhões ao PT e 4,3 milhões ao PSDB nas eleições de 2004.","304",NA
"O governo Lula vai pagar aos banqueiros em seu governo cerca de 520  bilhões de reais de juros da dívida pública.","503",NA
"Mais de 70% desta montanha de dinheiro vai parar nas contas das 20 mil famílias mais ricas do Brasil.","503",NA
"Enquanto isso, o governo gasta 5,5 bilhões ao ano no Bolsa Família, o programa assistencial que é utilizado como seu principal cabo eleitoral.","503",NA
"Para combater a concentração de renda, defender o povo e mudar o Brasil, a frente de esquerda apresenta uma série de propostas.","503",NA
"Faz um chamado à luta e pede seu voto.","503",NA
"Conquistar a verdadeira soberania e independência nacional,  rompendo com o imperialismo e o capital financeiro",NA,NA
"A política econômica do governo está dirigida para atender os interesses dos mercados internacionais,","103.2",NA
"com altas taxas de juros, livre circulação dos capitais especulativos,","403",NA
"livre remessa de lucros das empresas estrangeiras, fazendo do Brasil um exportador de capitais para os países ricos.","103.2",NA
"A dívida externa segue sendo uma sangria dos recursos nacionais.","103.2",NA
"O orçamento da União é consumido em cerca de 40% para pagamento dos juros da dívida pública,","103.2",NA
"enquanto que para os investimentos resta menos de 5%.","410",NA
"Defendemos a proposta sustentada pelo movimento Jubileu contra a dívida: Suspender o pagamento da dívida externa,","103.2",NA
"e realizar auditoria.","303",NA
"Em relação à dívida interna defendemos auditoria,","408",NA
"conforme prevista na Constituição de 88 e a discriminação de seu perfil,","203",NA
"para identificar os especuladores e as grandes empresas para os quais defendemos suspender o pagamento.","408",NA
"Grupos estrangeiros se utilizam de áreas estratégicas para remeter grandes lucros para suas matrizes.","103.1",NA
"As áreas estratégicas devem estar sob controle do povo brasileiro como no petróleo, telecomunicações, energia, siderurgia.","413",NA
"A proposta de um novo projeto alternativo econômico e social exige mudanças estruturais que o capitalismo brasileiro nunca realizou","403",NA
"e, nos marcos da globalização neoliberal, estão mais distantes do que nunca","103.2",NA
"porque não poderão ser realizadas sem uma ruptura com a dominação imperialista.","103.1",NA
"A eliminação da tirania financeira,","103.2",NA
"da especulação e do fardo das dívidas,","403",NA
"o controle dos capitais,","412",NA
"a recuperação da capacidade de intervenção e regulação estatal,","403",NA
"a expansão dos serviços públicos,","504",NA
"assim como redistribuição e garantia de renda,","503",NA
"geração de empregos,","701",NA
"reforma agrária e urbana,","503",NA
"preservação ambiental,","501",NA
"são medidas imprescindíveis para superarmos a miséria em que está mergulhada a maioria da população brasileira e atender as reivindicações histórias dos trabalhadores e do povo.","503",NA
"Com os 520 bilhões das dívidas que Lula terá pago aos banqueiros em seu mandato, seria possível fazer um grande mutirão nacional para resolver problemas sociais gravíssimos.","504",NA
"Poderíamos construir , por exemplo, seis milhões de casas populares (o déficit habitacional do país) a um custo unitário de 12 mil reais,","504",NA
"e empregar neste esforço a massa de desempregados do país.","701",NA
"Este dinheiro ainda daria para financiar um plano real de reforma agrária assentando as 4,5 milhões de famílias de sem terras, a um custo de 17,5 mil reais cada.","703.1",NA
"E poderíamos ainda dobrar o orçamento nacional de educação (21 bilhões)","506",NA
"e saúde (40,5 bilhões) de 2005.","504",NA
"A soma dessas iniciativas, qualitativas para resolver os problemas sociais do país, custaria 394,5 bilhões, bem menos que os bilhões entregues por Lula aos banqueiros.","504",NA
"Por novas instituições realmente democráticas que signifiquem um novo poder sob controle direto dos trabalhadores e do povo",NA,NA
"O Governo Lula transformou-se em palco de uma crise política que como nenhuma outra expôs à opinião pública as vísceras do regime da falsa democracia do poder econômico","202.1",NA
"e da corrupção.","304",NA
"Revelou, de forma escancarada, a podridão de suas instituições.","304",NA
"Desde a Presidência da República e do Executivo até o Poder Judiciário, passando pelo Congresso Nacional e pelos partidos políticos, as principais instituições da República foram identificadas de maneira avassaladora, como instrumentos das classes dominantes a serviço da corrupção","304",NA
"e da exploração do povo.","415",NA
"Lula e Alckmin são os representantes da corrupção reinante neste país.","304",NA
"Não é possível que se dissemine a idéia de que “todos são assim”, porque a maioria absoluta do povo não é assim.","304",NA
"A corrupção dos políticos e das elites é intrínseca deste sistema capitalista.","415",NA
"A apresentação de uma proposta de democratização radical do poder e da ação política","202.1",NA
"deve ser feita combinando, sempre e sistematicamente, a denúncia da decadente democracia do dinheiro e da corrupção","304",NA
"com o contraponto da verdadeira democracia da participação e da ação dos trabalhadores e do povo que precisamos construir.","202.1",NA
"A necessidade de democratizar radicalmente o poder alterando o seu conteúdo de classe deverá ser repetida exaustivamente","202.1",NA
"como condição preliminar para a aplicação de um programa de emergência capaz de tirar o país da crise e de resolver os problemas da maioria do povo.","503",NA
"Queremos que os eleitores possam revogar o mandato dos que forem eleitos e não cumprirem suas promessas.","202.4",NA
"Defendemos a prisão e confisco de bens dos corruptos e corruptores.","304",NA
"Queremos a alteração radical da representação popular e de seus mandatos,","202.1",NA
"através da instituição do financiamento público exclusivo de campanha,","202.1",NA
"da democratização dos horários para a propaganda eleitoral nos meios de comunicação,","202.1",NA
"na introdução da revogabilidade dos mandatos,","202.4",NA
"do fim da cláusula de barreira que dificulta a representação dos partidos ou candidatos sem poder econômico.","202.1",NA
"Estas medidas têm que atacar radicalmente a corrupção","304",NA
"instituindo também o fim dos foros privilegiados,","503",NA
"o fim dos sigilos bancário e fiscal,","304",NA
"o salário dos parlamentares e governantes definidos através de plebiscito","202.4",NA
"e vinculados com o salário mínimo.","503",NA
"Com o propósito de conquistar a verdadeira soberania popular no Brasil","202.1",NA
"é que a frente de esquerda anuncia que no governo da companheira Heloísa Helena o povo brasileiro será chamado, através de uma intensa jornada de mobilizações, para decidir, dar a última palavra,","202.4",NA
"sobre as relações com o imperialismo (FMI, ALCA, etc.);","103.2",NA
"a dívida externa e interna e a necessidade de uma verdadeira independência nacional;","103.2",NA
"a reforma agrária e urbana e um novo estatuto sobre a propriedade da terra;","703.1",NA
"o valor do salário mínimo e as prioridades orçamentárias;","412",NA
"os parâmetros para a preservação da ecologia, etc.","501",NA
"É necessária uma nova abolição para acabar com a moderna escravatura",NA,NA
"Um contingente gigantesco do povo brasileiro ainda vive em situação de semi-escravidão.","503",NA
"A começar pela escravidão do trabalho assalariado mal remunerado e com direitos trabalhistas desrespeitados.","701",NA
"São 22 milhões de brasileiros que vivem do salário mínimo, um dos mais baixos do mundo.","412",NA
"Levantamento do IBGE revela que 46,7% das famílias consideram não comer o suficiente, índice que chega a quase 70% no nordeste.","503",NA
"Enquanto isso, as cinco mil famílias mais ricas do país, que representam 0,01% das famílias existentes concentram patrimônio equivalente a 46% de toda a riqueza gerada por ano no país (PIB).","503",NA
"Caso Lula ou Alckmin fossem eleitos a situação iria piorar muito.","503",NA
"Lula já se comprometeu a implementar uma reforma trabalhista que vai significar um golpe duríssimo contra conquistas históricas dos trabalhadores, cortando as férias","701",NA
"e o décimo terceiro salário.","701",NA
"O projeto do Super Simples do governo, em discussão no Congresso já é uma antecipação desta reforma, cortando estes direitos para os trabalhadores das micro empresas.","701",NA
"Uma política radical de enfrentamento à superexploração do trabalho no Brasil, motor do desemprego crônico e da precarização do trabalho, é uma das diretrizes do programa da frente de esquerda.","701",NA
"Queremos um plano de obras públicas para absorver o desemprego,","409",NA
"ao lado da redução da jornada de trabalho sem redução salarial.","701",NA
"Queremos dobrar o salário mínimo de imediato.","412",NA
"Por uma reforma agrária ampla e controlada pelos trabalhadores do campo.","703.1",NA
"Defendemos a revogação das reformas neoliberais, a começar pela reforma da previdência.","403",NA
"Não à reforma trabalhista e sindical do governo","701",NA
"e do FMI.","103.2",NA
"Não à reforma universitária privatizante do governo.","413",NA
"Queremos a revogação imediata das privatizações das empresas estatais, a começar pela da Vale do Rio Doce.","413",NA
"Anulação das privatizações parciais da Petrobrás e dos leilões das reservas de petróleo.","413",NA
"Pela retirada imediata das negociações da ALCA.","110",NA
"Pela retirada imediata das tropas brasileiras do Haiti.","105",NA
"Todo apoio à nacionalização do gás na Bolívia.","413",NA
"Em defesa da mulher trabalhadora, defendemos a criação de creches e pré-escolas para crianças de 0 a 6 anos.","506",NA
"Lutamos contra toda forma de discriminação racial e sexual.","503",NA
"Além disso, defendemos a tributação severa das grandes fortunas,","403",NA
"dos lucros dos bancos e das grandes empresas.","403",NA
"O controle público dos trabalhadores e dos consumidores sobre a produção de bens essenciais é uma necessidade","412",NA
"para que a distribuição de renda ocorra acabando com a enorme desigualdade que envergonha nosso país.","503",NA
"Desde o Quilombo dos Palmares chamamos os trabalhadores a se rebelar novamente contra a nova escravidão.","701",NA
"A dignidade do trabalhador começa por seu direito ao trabalho","701",NA
"e a um salário digno.","701",NA
"É preciso ousar, é preciso criar o novo.","305.1",NA
"O novo é a Frente de Esquerda.","305.1",NA
"Nem Lula nem Alckmin!","305.2",NA
"Heloísa Helena Presidente!","305.2",NA
"Source: http://psol50.org.br/site/noticias/201/manifesto-da-frente-de-esquerda, January 8, 2014",NA,NA
