"content","cmp_code","eu_code"
"Mais Mudanças, Mais Futuro","H",NA
"Essas são as linhas gerais do Programa de Governo que a candidata Dilma Rousseff e o Partido dos Trabalhadores (PT) propõem para debate, num processo de ampla consulta aos movimentos sociais e aos partidos aliados.","305.1",NA
"Um trabalho que será aprofundado por meio de grupos temáticos.","305.1",NA
"Os 12 anos que transformaram o Brasil","H",NA
"Pouco mais de uma década de profundas transformações econômicas e sociais tornaram o Brasil mais justo.","503",NA
"Ao longo de três gestões comprometidas com a garantia do direito de cidadania a todos, houve um salto inegável de melhoria nas condições de vida da população.","503",NA
"Nenhum país conseguiu, em tão pouco tempo, tirar um contingente tão grande de pessoas da miséria.","503",NA
"Um período tão continuado de políticas distributivistas produziu algo inédito: milhões de jovens cresceram em melhores condições que seus pais,","503",NA
"tiveram acesso à educação","506",NA
"e à saúde como nenhum de seus antepassados,","504",NA
"vivem um período prolongado de contínua ascensão social","503",NA
"e construíram uma imensa confiança no futuro.","503",NA
"Em apenas 12 anos, o PT e os partidos aliados fizeram uma revolução social pacífica,","503",NA
"o mais amplo e vigoroso processo de mudança da história do país.","503",NA
"Depois dessas grandes transformações, é preciso inaugurar um novo ciclo de mudanças,","503",NA
"para superar problemas estruturais e seculares que ainda impedem o desenvolvimento pleno de um país mais justo e para garantir que não ocorrerão retrocessos nas importantes conquistas obtida nos últimos 12 anos.","503",NA
"Este novo ciclo estará assentado nos dois pilares básicos do nosso modelo – a solidez econômica","408",NA
"e a amplitude das políticas sociais –","504",NA
"e na estruturação de um novo pilar: a competitividade produtiva.","408",NA
"A competitividade produtiva será atingida por meio dos investimentos em produção","402",NA
"e consumo de massa,","409",NA
"investimentos em infraestrutura social e econômica,","411",NA
"na construção de um Brasil sem Burocracia","303",NA
"e nas áreas de Educação, Ciência, Tecnologia e Inovação, construindo uma sociedade do conhecimento.","506",NA
"Esse novo pilar trará avanços ainda maiores na melhoria da infraestrutura","411",NA
"e dos serviços públicos,","504",NA
"na desburocratização de nosso País,","303",NA
"na ampliação e efetivação do crédito,","402",NA
"na melhoria da qualidade do emprego,","701",NA
"no estímulo continuado ao empreendedorismo,","402",NA
"no desenvolvimento tecnológico","411",NA
"e no aumento da produtividade da nossa economia.","410",NA
"O crescimento do emprego,","701",NA
"a ampliação e qualificação do mercado interno","409",NA
"e a expansão das exportações","408",NA
"põem no centro da política econômica a questão da produtividade.","408",NA
"Seu incremento se dará pela modernização do parque industrial brasileiro,","411",NA
"pela melhoria no ambiente de negócios","402",NA
"e pela maior capacitação de nossas empresas e qualificação de nossa mão de obra.","411",NA
"Fincando raízes na defesa intransigente da solidez macroeconômica,","414",NA
"na continuidade e no fortalecimento das políticas sociais,","503",NA
"e na busca permanente do crescimento econômico inclusivo e sustentável,","416.2",NA
"promovendo a competitividade produtiva","410",NA
"e assumindo a garantia de acesso à educação de qualidade como grande motor da transformação,","506",NA
"o novo ciclo histórico que propomos ao Brasil passa pelas reformas política,","204",NA
"federativa,","301",NA
"urbana","301",NA
"e dos serviços públicos.","303",NA
"Grandes mudanças, o ponto de partida para mais transformações","H",NA
"Nas três primeiras gestões petistas, os governantes, junto com os partidos aliados, tomaram a decisão política de reconhecer direitos que até então eram subtraídos da imensa maioria da população:","201.1",NA
"morar,","503",NA
"comer,","503",NA
"estudar,","506",NA
"ter acesso a serviços de saúde,","504",NA
"ao saneamento básico,","503",NA
"à casa própria,","503",NA
"ao emprego","701",NA
"e a um patamar mínimo de renda para ter uma vida digna.","504",NA
"Ao mudar as condições de vida desse enorme contingente de pessoas, trouxe-os à esfera pública, conscientes de seus direitos.","201.2",NA
"São eles que ingressam no mercado de trabalho mais instruídos que a mão de obra anterior;","701",NA
"que conseguem chegar à faculdade como os primeiros dentro de seus núcleos familiares;","506",NA
"que pressionam o poder público com demandas por mais serviços e de melhor qualidade.","303",NA
"Doze anos de governos comprometidos com o desenvolvimento,","410",NA
"com a geração de oportunidades","503",NA
"e com a garantia de direitos colocaram o debate sobre o futuro do Brasil em outros termos.","201.2",NA
"A discussão hoje é outra porque a tarefa de combater a extrema pobreza, que remonta à criação do Estado brasileiro, foi superada em pouco mais de uma década de governos integralmente comprometidos com o objetivo de mudar a realidade social do país.","305.1",NA
"Para os cidadãos brasileiros, o necessário para o futuro mudou porque o patamar de exigências passou a ser outro: não querem mais o mínimo necessário para viver, mas o máximo possível para que mantenham o seu poder de consumo e possam acenar para seus filhos com vidas melhores que as deles.","503",NA
"Deixamos para trás a estagnação econômica, a falta de esperança e de perspectivas que contaminavam o Brasil e os brasileiros quando o PT e os partidos aliados chegaram ao poder, em 2003.","305.1",NA
"A profissão de fé do PT em um novo modelo de desenvolvimento economicamente viável,","410",NA
"socialmente justo","503",NA
"e ambientalmente sustentável","416.2",NA
"mostrou-se o caminho para construir um país melhor e muito menos desigual do que o oferecido ao Brasil antes de 2002.","503",NA
"Um modelo sustentável de desenvolvimento,","410",NA
"baseado no aumento de investimentos na economia,","402",NA
"em inflação baixa,","412",NA
"numa radical redução da pobreza,","503",NA
"em redistribuição de renda","503",NA
"e no fortalecimento do consumo de massa.","409",NA
"Em 2010, quando a presidenta Dilma se apresentou como candidata de continuidade do governo Lula, esse modelo estava solidamente estruturado por oito anos de radicais mudanças no modo anterior de gerir a economia e a vida dos brasileiros.","305.1",NA
"O PT e seus aliados haviam provado sobejamente que o programa de desenvolvimento proposto à sociedade oito anos antes era o que tinha condições de proporcionar uma mudança histórica na estrutura social e econômica de um país marcado pela pobreza.","305.1",NA
"Recusamos, nestes 12 anos, o pensamento único que anunciava a inevitabilidade da sociedade dual, onde crescimento rimava com desigualdade.","503",NA
"De forma inédita, conseguimos associar crescimento econômico","410",NA
"e redução da desigualdade,","503",NA
"aumento do salário mínimo","412",NA
"e elevação das taxas de emprego,","701",NA
"expansão das políticas sociais universais com maior inclusão dos setores mais pobres e vulneráveis da população.","504",NA
"As políticas econômica e social ampliaram sua articulação.","503",NA
"O dinamismo da economia e a melhoria das contas públicas no período permitiram a expansão do gasto social e a ampliação do seu impacto distributivo, social e regional.","503",NA
"Nesta trajetória, o incremento do emprego e da renda do trabalho","701",NA
"foi acompanhado pela ampliação da rede de proteção social.","504",NA
"A nossa política econômica foi erguida sobre dois pilares: a solidez da condução da política econômica","408",NA
"e a criação e fortalecimento de um grande mercado de consumo de massas.","409",NA
"A política macroeconômica defendida nas campanhas eleitorais e executada nos governos do PT e dos partidos aliados é baseada na construção de condições para redução sustentável das taxas de juros;","409",NA
"na flexibilidade da taxa de câmbio em patamares compatíveis com as condições estruturais do País;","412",NA
"na inflação baixa e estável;","412",NA
"no rigor da gestão fiscal;","414",NA
"na ampliação do investimento público;","402",NA
"no incentivo ao investimento privado","402",NA
"e no fortalecimento das parcerias entre Estado e iniciativa privada.","402",NA
"A esses elementos foram agregadas medidas para promover maior competitividade de nossa estrutura produtiva,","410",NA
"como desonerações tributárias,","402",NA
"redução dos custos de produção,","402",NA
"crédito em condições adequadas,","402",NA
"incentivos à inovação","411",NA
"e os investimentos crescentes em educação.","506",NA
"Entre as desonerações promovidas no governo Dilma, vale destacar as da cesta básica","503",NA
"e da folha de pagamentos.","701",NA
"Esta última beneficia 56 setores.","701",NA
"O Plano Brasil Maior foi o condutor da agenda de política industrial implementada no Governo Dilma,","404",NA
"com o propósito de aumentar a capacidade competitiva da nossa indústria, particularmente em um período de grandes adversidades internacionais.","410",NA
"Com o Brasil Maior, defendemos a produção nacional por meio de políticas de compras governamentais, fixando margens de preferência para produtos nacionais e a política de conteúdo local, em especial na área do petróleo.","406",NA
"Adotamos medidas de estímulo ao desenvolvimento de cadeias produtivas, como o Inovar-Auto.","402",NA
"Estimulamos o aumento de exportações com o Reintegra.","410",NA
"Ampliamos os recursos do BNDES para o financiamento do investimento, com o PSI/BNDES, bem como os recursos para capital de giro, com o PROGEREN.","402",NA
"Criamos a Agência Brasileira Garantidora de Fundos.","402",NA
"Em um cenário de normalização do crescimento e do comércio internacional esperado para os próximos anos, nossa política industrial deverá gerar inquestionáveis benefícios à indústria brasileira e à prestação de serviços e à agropecuária.","404",NA
"Foram adotadas também políticas consistentes e continuadas de apoio ao agronegócio e à agricultura familiar.","703.1",NA
"A produção de grãos saltou de 96 milhões de toneladas em 40 milhões de hectares, na safra 2001/2002, para 191 milhões de toneladas em 56 milhões de hectares, na safra 2013/2014.","703.1",NA
"Tamanho aumento da capacidade de produção e da produtividade foi possível pela expansão do crédito e das políticas de apoio à produção","703.1",NA
"e será ainda mais impulsionada pela conclusão de obras estratégicas de infraestrutura.","703.1",NA
"Para a safra de 2014/2015, estão previstos R$ 156,1 bilhões para financiar o agronegócio.","703.1",NA
"Como resultado da política de fortalecimento da agricultura familiar, com crédito, seguro safra e políticas de comercialização, a renda no campo aumentou 52%, em termos reais, nos últimos quatro anos.","703.1",NA
"Para a safra 2014/2015, o crédito para agricultura familiar será de R$ 24,1 bilhões.","703.1",NA
"As iniciativas dos governos Lula e Dilma para o estímulo ao empreendedorismo e o fortalecimento das micro e pequenas empresas merecem destaque.","403",NA
"Em 2006, o Simples Nacional foi implantado, dando consistência prática à previsão de tratamento diferenciado contida na Constituição Federal.","403",NA
"Em 2008, foi instituído o Microempreendedor Individual (MEI), para trazer para a formalidade milhões de pequenos negócios.","402",NA
"O governo Dilma cuidou muito do aprimoramento dos mecanismos de apoio ao empreendedorismo.","402",NA
"Aprimorou a legislação da pequena empresa e do microempreendedor individual, ampliando em 50% o limite das faixas para enquadramento no Simples Nacional.","402",NA
"No caso do MEI, houve também redução da alíquota de contribuição para o INSS para apenas 5% do salário mínimo.","504",NA
"Com isto, hoje já são 4,16 milhões de brasileiras e brasileiros no MEI que trabalham por conta própria formalizados e protegidos pela Previdência.","504",NA
"Outras 4,7 milhões de empresas são micro e pequenas que se beneficiam do Simples Nacional.","402",NA
"Foi criado o CRESCER, programa de microcrédito produtivo orientado para facilitar o acesso dos pequenos empreendedores aos recursos necessários para abrir, manter e expandir seus negócios.","402",NA
"Em menos de três anos, o CRESCER concedeu R$ 14,1 bilhões em crédito, em 9,4 milhões de operações.","402",NA
"Deste total, um terço foi realizado por beneficiários do Bolsa Família, que buscam fortalecer seu pequeno negócio com o microcrédito.","402",NA
"Alcançamos metas ousadas em nossas políticas ambientais.","501",NA
"Os excepcionais resultados logrados pelo Brasil no combate ao desmatamento ilegal na Amazônia e no Cerrado garantiram ao País o papel de maior redutor de emissões de gases de efeito estufa no Planeta.","501",NA
"Após anos de debate, conseguimos aprovar, em 2013, o novo Código Florestal,","501",NA
"que garantiu as bases mais sustentáveis para a produção agrícola e mais segurança jurídica para os produtores.","703.1",NA
"Também aprimoramos os mecanismos de licenciamento ambiental e avançamos na regulamentação do uso sustentável de nossa biodiversidade.","416.2",NA
"Este é o primeiro pilar do modelo desenvolvimento sustentável que mudou o Brasil.","416.2",NA
"Ao final de três mandatos, todos os indicadores econômicos do período são positivos e sempre muito melhores que os vigentes em 2002.","410",NA
"Em 2002, a inflação anual chegou a 12,5%.","408",NA
"Em 2013, estava num patamar de 5,9%.","412",NA
"A expectativa para 2014 estará dentro da meta definida pelo Conselho Monetário Nacional (CMN).","412",NA
"O controle da inflação foi mantido, sempre, como prioridade de nossos governos, e assim continua.","412",NA
"Entendemos o poder devastador da inflação sobre as rendas das famílias, os salários e os lucros das empresas e por isso jamais transigiríamos ou transigiremos com um elemento da política econômica com esse potencial desorganizador da vida das pessoas e da economia.","412",NA
"A taxa de investimento da economia brasileira, que era de 16,4% em 2002, passou para 18,2% em 2013.","410",NA
"A taxa de desemprego assumiu a desejada trajetória de queda: em dezembro de 2002, 10,5% da população economicamente ativa estava desempregada; em abril de 2014, o desemprego havia caído para 4,9%, configurando uma situação inédita na história do país, de pleno emprego.","701",NA
"No setor externo, todos os indicadores atingiram marcas históricas nesse período de 12 anos.","410",NA
"No período de doze meses encerrado em maio de 2014, o Brasil recebeu US$ 66,5 bilhões em Investimento Direto Externo (IDE), quatro vezes o montante de 2002 (US$ 16,6 bilhões).","410",NA
"São históricos também os volumes de exportações e de reservas internacionais do período 2002-2013.","410",NA
"As exportações, que somavam US$ 60 bilhões em 2002, atingiram US$ 242 bilhões de 2013.","410",NA
"As reservas cambiais saltaram de US$ 37,8 bilhões em 2002 para US$ 379,8 bilhões em maio de 2014.","414",NA
"Sob qualquer ótica, portanto, os indicadores macroeconômicos mudaram de patamar.","414",NA
"O risco de quebra do País deixou de ser uma ameaça.","410",NA
"A dívida líquida do setor público decresceu de 60,2%, em 2002, para o patamar de 34,6% em maio de 2014.","414",NA
"A dívida externa brasileira foi equacionada pelo acúmulo de reservas cambiais.","414",NA
"Ela representava 19,2% do PIB em 2002; em 2013, não passava de 3,1% do PIB.","414",NA
"Não só pagamos a dívida feita junto ao FMI para salvar o Brasil da insolvência, como nos tornamos credores do Fundo, situação inédita em nossa história.","414",NA
"Os governos Lula e Dilma se propuseram a dar um caminho de desenvolvimento contínuo ao país e conseguiram isso,","410",NA
"com crescimento econômico,","410",NA
"sem vender patrimônio público,","413",NA
"sem submeter o país às exigências do Fundo Monetário Internacional (FMI),","103.2",NA
"sem desconhecer direitos históricos do trabalhador","701",NA
"e sem transferir para os mais pobres a conta das crises internacionais.","503",NA
"Com o Programa de Aceleração do Crescimento (PAC) e com o Programa de Investimento em Logística, os governos do PT assumiram a histórica tarefa de investir na infraestrutura logística brasileira, fundamental para o crescimento e a competitividade de nossa economia.","411",NA
"Investimentos públicos e parcerias com a iniciativa privada estão mudando radicalmente nossas rodovias, ferrovias, aeroportos, portos, nossa capacidade de geração de energia e nossa infraestrutura urbana, com destaque para habitação, mobilidade e saneamento básico.","411",NA
"O Brasil dos governos do PT e de seus aliados ficará marcado como o período da história recente com mais entregas de grandes obras de infraestrutura.","411",NA
"Desde 2007, foram concedidos 8.630 km de rodovias, que correspondem a 13% da malha rodoviária federal, e foram construídos ou duplicados 6,1 mil km de rodovias.","411",NA
"Após décadas de paralisação de investimentos em ferrovias, foram construídos 1,96 mil km de novas ferrovias e o novo modelo de concessão e operação ferroviária foi aprovado.","411",NA
"Para aumentar a produtividade de nossa infraestrutura portuária, concluímos a dragagem de 13 portos e ampliamos berços, cais e melhoramos acessos terrestres em 9 portos.","411",NA
"Com a nova Lei dos Portos, aprovada em 2013, ampliamos a participação do setor privado no setor portuário, por meio de arrendamentos nos portos organizados, bem como autorizações para Terminais de Uso Privado (TUP).","411",NA
"Até o momento já foram autorizados 22 novos TUPs.","411",NA
"A capacidade instalada de nossos aeroportos cresceu 191% entre 2002 e 2013, passando de 97,9 milhões para 285 milhões de passageiros por ano.","411",NA
"Concluímos obras de ampliação de terminais de passageiros, pátios e pistas em aeroportos.","411",NA
"Durante o governo Dilma, foram concedidos 6 grandes aeroportos nacionais - Guarulhos/SP, Campinas/SP, Brasília/DF, Galeão/RJ, Confins/MG e São Gonçalo Amarante/RN.","411",NA
"Entre 2003 e 2014, retomamos a construção de grandes usinas hidrelétricas e foram acrescidos ao parque gerador brasileiro 48.866 MW, cerca de 60% da capacidade instalada do País em 2002.","411",NA
"O aumento médio de mais que 4 mil MW por ano é superior à construção de uma usina do porte de Jirau, no rio Madeira, a cada ano.","411",NA
"A contribuição de fontes alternativas para o sistema integrado, como a biomassa, energia eólica e solar, cresceu de 240 MW para 3.101 MW.","416.2",NA
"Criamos o Programa Nacional do biodiesel, para fortalecer a diversificação de nossa matriz energética.","416.2",NA
"A partir de 2010 passou ser obrigatória a mistura de 5% do biodiesel no diesel, em 2014 já são 6% e, a partir de novembro deste ano, será 7%.","416.2",NA
"Ao mesmo tempo, a Presidenta Dilma instituiu medidas para reduzir o custo da energia,","412",NA
"melhorando a competitividade da indústria brasileira","410",NA
"e desonerando os consumidores.","409",NA
"Foi antecipada a renovação das concessões de usinas antigas que já estavam amortizadas, proporcionando redução do custo da energia de, no mínimo, 18%.","411",NA
"No mesmo período, construímos 43,5 mil km de linhas de transmissão, reforçando o Sistema Integrado Nacional, garantindo o fornecimento seguro de energia.","411",NA
"Na área de petróleo e gás, o resultado de maior destaque foi, sem dúvida, a descoberta do pré-sal.","411",NA
"Em 2013, foi realizado o primeiro leilão do pré-sal, no campo de Libra, com volume de petróleo recuperável estimado entre 8 e 12 bilhões de barris.","411",NA
"Em 2014, foi autorizada a contratação direta da Petrobras para a exploração dos campos de Búzios, entorno de Iara, Florim e Nordeste de Tupi, com volume de petróleo recuperável estimado entre 10 a 15 bilhões de barris.","411",NA
"Somente nesses campos e em Libra estima-se haver um volume de petróleo equivalente a 1,5 vezes as reservas provadas no país até 2013.","411",NA
"A média de produção de petróleo cresceu 50% entre 2002 e 2013.","410",NA
"Agora, em 2014, a produção da Petrobras oriunda de petróleo do pré-sal chegou a mais de 500 mil barris/dia.","410",NA
"Levamos 31anos para produzir os primeiros 500 mil barris e agora, em apenas três anos, produzimos 500 mil barris de petróleo oriundos do pré-sal.","410",NA
"O número de plataformas de produção de petróleo em operação passou de 36 para 82 entre 2002 e 2014.","411",NA
"Atualmente, 28 sondas para exploração do pré-sal estão contratadas para construção em estaleiros brasileiros.","411",NA
"A infraestrutura de gasodutos cresceu de 5.417 km de extensão para 9.489 km, entre 2002 e 2014.","411",NA
"Foram também retomados os investimentos em novas plantas de refino com a construção da importantes refinarias.","411",NA
"A indústria naval brasileira recuperou e ampliou sua capacidade produtiva","410",NA
"e alcança hoje 80 mil trabalhadores, voltando a ocupar uma posição de destaque no mundo.","701",NA
"Até 2017, deverá ocupar 100 mil trabalhadores.","701",NA
"Essa recuperação é fruto das grandes encomendas da PETRO BRAS com exigência de conteúdo nacional, e da disponibilidade de financiamento pelo Fundo de Marinha Mercante, que cresceu 784%, em termos reais, entre 2002 e 2013.","410",NA
"O programa Minha Casa, Minha Vida, em suas duas fases, já contratou 3,45 milhões de casas, 1,7 milhão das quais já foi entregue, o que corresponde a mais de 6 milhões de brasileiros vivendo em sua casa própria, o equivalente à população da cidade do Rio de Janeiro, a segunda maior do país.","504",NA
"O sistema de financiamento habitacional, por meio do SBPE-Sistema Brasileiro de Poupança e Empréstimo, financiou 529,8 mil moradias em 2013, 18 vezes mais do que em 2002, quando foram financiadas 28,9 mil moradias.","504",NA
"Para melhorar as condições de transporte urbano da população nas grandes cidades, principalmente para reduzir o tempo que se gasta nos deslocamentos diários para o trabalho ou para o estudo, o Governo Federal garantiu R$ 143 bilhões em investimentos de mobilidade urbana para Estados e municípios.","411",NA
"Com esses recursos, importantes obras estão sendo realizadas e planejadas em todas as regiões brasileiras.","411",NA
"São mais 651 km de transportes sobre trilhos (metrô, Monotrilho, VLT, Trem Urbano e aeromóvel), 3.188 km de transportes sob pneus (BRT e corredores) e 21 km de transporte fluvial urbano.","411",NA
"Para enfrentar o déficit de saneamento básico, desde 2007, foram selecionados pelo Governo Federal R$ 74 bilhões em obras.","411",NA
"Os desembolsos anuais em saneamento cresceram mais de 10 vezes em termos reais, passando de R$998 milhões em 2002 para R$ 10,3 bilhões em 2013.","411",NA
"Embora grande parte das obras ainda esteja em execução pelos municípios e Estados, o índice de tratamento de esgoto cresceu 19% no país.","411",NA
"Os investimentos em segurança hídrica ganharam escala inédita nos últimos três anos.","411",NA
"São mais de R$ 32 bilhões em obras para garantir oferta de água em quantidade e qualidade para populações que vivem no semiárido e outras regiões com escassez de água.","411",NA
"A principal obra em execução é a Integração do Rio São Francisco, maior obra hídrica do Brasil, com 469 km, que se estende pelos Estados do Ceará, Paraíba e Pernambuco.","411",NA
"A ela se somam, em todo o Nordeste, obras estruturantes, que vão mudar o perfil da oferta de água: o Eixão das Águas e o Cinturão das Águas no Ceará; as Adutoras de Piaus e Bocaina, no Piauí; a Adutora do Alto Oeste e Seridó, no Rio Grande do Norte; o canal da Vertente Litorânea, na Paraíba; o Ramal do Agreste e as Adutoras do Agreste e do Pajeú, em Pernambuco; o Canal do Sertão Alagoano, em Alagoas; a Adutora do S. Francisco, em Sergipe; a Adutora do Algodão e a do Feijão, na Bahia.","411",NA
"Para democratizar o acesso à água, já foram entregues, no Nordeste, 937 mil cisternas, das quais 607 mil somente no governo da Presidenta Dilma.","411",NA
"Até o final de 2014, chegaremos a 1,080 milhão cisternas instaladas por todo o Nordeste.","411",NA
"Vale destacar que, embora o Brasil tenha vivido, nos últimos três anos, a maior seca das últimas décadas, graças à intensa ação do governo Dilma não houve o drama dos retirantes famintos e sem rumo que nos afligia no passado.","305.2",NA
"Não houve saques motivados pelo desespero da falta de comida;","605.1",NA
"a mortalidade infantil não aumentou.","504",NA
"Foi montada a maior operação de oferta de água por carros-pipa da história, sob a coordenação do Exército, mobilizando mais de seis mil pipeiros contratados pelo Governo Federal.","411",NA
"Foram implantados 207 sistemas simplificados de abastecimento de água e 95 poços nos Estados de Alagoas, Bahia, Minas Gerais e Pernambuco e Sergipe.","411",NA
"Para garantir renda às famílias de agricultores, pagamos o Bolsa Estiagem para cerca de um milhão de famílias, e o Garantia Safra para outros 870 mil.","703.1",NA
"Foram vendidas 930 mil toneladas de milho a preço subsidiado para auxiliar na alimentação dos animais.","703.1",NA
"Para apoiar a continuidade dos pequenos negócios, foram feitas 511 mil operações por uma linha de crédito emergencial, mobilizando 3,45 bilhões de reais.","402",NA
"Todos os investimentos descritos até aqui têm sido essenciais para ampliar a eficiência e a competitividade da economia,","402",NA
"para estimular o crescimento,","410",NA
"para gerar emprego e melhorar a vida dos cidadãos em todo o país.","701",NA
"Investir para proporcionar mais e melhor infraestrutura produtiva e social tornou-se fator de dinamização econômica,","410",NA
"assim como as políticas de inclusão social e redistribuição de renda.","504",NA
"O segundo pilar do modelo de desenvolvimento dos governos do PT e de seus aliados foi a implantação de uma rede de políticas de proteção e inclusão social que tornaram o Brasil um país verdadeiramente de 200 milhões de cidadãos.","504",NA
"Em três mandatos sucessivos, criamos um imenso e dinâmico mercado de consumo de massa,","401",NA
"e obtivemos marcas históricas de geração de emprego,","701",NA
"aumento do salário real","701",NA
"e distribuição de renda.","504",NA
"Em nenhuma outra situação a frase “nunca antes na história deste país” refletiu tão fielmente a realidade dos números.","410",NA
"Desde 2003, 36 milhões de brasileiros foram tirados da extrema pobreza.","504",NA
"Somente entre 2011 e 2013, com o Plano Brasil Sem Miséria, 22 milhões de pessoas foram resgatadas da extrema pobreza.","504",NA
"O governo Dilma pode, portanto, garantir a superação da extrema pobreza no Brasil, sob o critério de renda.","504",NA
"Além do enfrentamento da extrema pobreza, alcançamos, nos três governos do PT, uma extraordinária mudança no perfil da sociedade brasileira, pois 42 milhões ascenderam à classe média.","704",NA
"Antes de 2003, na base da pirâmide social estavam concentrados 54,9% dos brasileiros (classes D e E) e a classe média (C) representava 37% da população.","704",NA
"Hoje, a maioria da população está situada no meio da pirâmide: 55% dos brasileiros estão na classe média.","704",NA
"As classes D e E, somadas, hoje representam 25% dos brasileiros.","704",NA
"A decisão de dar centralidade ao combate a pobreza e a miséria,","504",NA
"e de fazer política econômica sem suprimir direitos,","504",NA
"fez o Brasil andar na contramão dos países desenvolvidos vitimados pela crise financeira iniciada em 2008","410",NA
"e que usaram os mecanismos tradicionais de política neoliberal – desemprego e redução de salário e de direitos trabalhistas - para combatê-la.","415",NA
"Em todo o período Lula-Dilma, até maio de 2014, o País gerou 20,4 milhões de novos empregos.","701",NA
"Enquanto, em todo o mundo, a crise eliminou 60 milhões de empregos, de 2008 até hoje, no Brasil 11 milhões de postos de trabalho com carteira assinada foram criados.","701",NA
"No governo Dilma, até maio de 2014, foram gerados 5,05 milhões de empregos formais.","701",NA
"Desde 2003, a taxa de desemprego declinou até chegar a 4,9% em abril de 2014, considerada uma situação de pleno emprego.","701",NA
"De 2003 até hoje, a renda do trabalhador cresceu 70% acima da inflação.","701",NA
"Outro marco histórico dos governos do PT e de seus aliados.","305.1",NA
"No campo, 771 mil famílias tiveram acesso à terra por meio da Reforma Agrária, com acesso a crédito fundiário.","703.1",NA
"Entre 2003 e 2013, 51 milhões de hectares foram incorporados pelo programa de reforma agrária.","703.1",NA
"Fizemos da inclusão social um fator de dinamização da economia brasileira e os resultados são extraordinários: mais emprego, mais renda, mais futuro para todos os brasileiros.","504",NA
"Um caminho que não possui retorno e não admite recomeço, somente mais avanços, mais mudanças.","305.1",NA
"No novo Brasil que estamos construindo desde 2003, a democratização do acesso à educação de qualidade tem uma dupla função.","506",NA
"Por um lado, permite moldar uma nação democrática e soberana,","202.1",NA
"fundada na disseminação do conhecimento e da cidadania,","606.1",NA
"o que deve assegurar a perenidade da erradicação da miséria e da pobreza.","504",NA
"E, por outro, permite preparar o país para o grande desafio de fundar seu crescimento na criação de tecnologia e na inovação,","411",NA
"ou seja, privilegiando a formação educacional e científica e, portanto, a economia do conhecimento.","506",NA
"O reconhecimento do direito à cidadania foi fortemente alicerçado na democratização do acesso à Educação.","606.1",NA
"Este papel central da educação foi reconhecido, nos últimos 12 anos, na ampliação do orçamento federal do setor, que passou de R$ 18 bilhões, em 2002, para R$ 112 bilhões, em 2014, um crescimento real de 223%.","506",NA
"Foi reafirmado com a criação do FUNDEB, em 2006, aumentando o apoio concedido a Estados e municípios para que ofereçam educação de qualidade em seus territórios.","506",NA
"No governo Dilma, pela primeira vez, o governo federal estabeleceu uma política de construção de creches.","506",NA
"Além disso, reduziu de sete para seis anos a obrigatoriedade do início da escolarização.","506",NA
"A partir de 2016, a idade cairá de seis para quatro anos.","506",NA
"Os municípios passaram a ser apoiados no processo de expansão de vagas para a educação infantil.","506",NA
"No governo Lula, foi contratada a construção de 2.543 creches e, no governo Dilma, até maio de 2014, mais 6.036 creches tiveram recursos autorizados pelo governo federal.","506",NA
"Nossa tarefa é garantir a todas as nossas crianças, desde cedo, os estímulos pedagógicos e cuidados de qualidade tão necessários à sua formação.","506",NA
"A expansão da educação em tempo integral nas escolas públicas tornou-se prioridade para o governo federal.","506",NA
"Antes do governo Lula, praticamente não havia apoio aos Estados e municípios para oferecer atividades pedagógicas no contraturno escolar.","305.1",NA
"Ao final do governo Lula, 10 mil escolas já ofereciam educação em tempo integral.","506",NA
"No governo Dilma já são 49 mil escolas em tempo integral.","506",NA
"Os governos Lula e Dilma removeram a inaceitável restrição herdada dos governos anteriores, que impedia a expansão da rede federal de escolas técnicas.","305.1",NA
"Que impedia, enfim, de levar oportunidades de formação técnica e profissional a jovens de todo o país.","305.1",NA
"No governo Lula, foram criadas 214 novas escolas da Rede Federal de Educação Profissional, Científica e Tecnológica.","506",NA
"No governo Dilma, foram mais 208 escolas.","506",NA
"Em apenas 12 anos, a rede de educação profissional federal saltou de 140 escolas em 119 municípios para 562 em 507 municípios.","506",NA
"A esse esforço de expansão da rede federal de escolas técnicas, somou-se o PRONA TEC, o maior programa de formação profissional da história do Brasil, criado no governo Dilma.","506",NA
"Até o final de 2014, serão 8 milhões de vagas para jovens e trabalhadores em cursos técnicos e de qualificação profissional, feito em parceria com o sistema S – SENAI, SENAC, SENAR e SENAT.","506",NA
"No governo Dilma, ampliou-se fortemente a oportunidade de chegar à universidade.","506",NA
"Além de oportunidades reais de entrada na rede pública de ensino superior, o estudante também pode ter acesso, a partir do ENEM, a um caminho de oportunidades também na rede privada, seja por meio do ProUni ou do FIES.","506",NA
"Desde 2010, foram firmados mais de 1,6 milhões de contratos de financiamento no ensino superior.","506",NA
"A grande transformação que os governos do PT e de seus aliados vêm promovendo no ensino expressa-se, também, na duplicação do número de matrículas nas universidades brasileiras entre 2002 e 2013.","506",NA
"Expressa-se na adoção da lei de cotas nas universidades públicas e nos 3 milhões de estudantes que tiveram oportunidade de fazer um curso superior graças ao ProUni e ao FIES.","506",NA
"Expressa-se também nas 18 novas universidades federais e 173 campi criados nos últimos 12 anos.","506",NA
"Expressa-se na afirmação do ENEM como critério nacional de acesso ao ensino técnico e superior, reconhecido pelos 9,5 milhões de brasileiras e brasileiros que se inscreveram para o exame em 2014.","506",NA
"Ou ainda no fortalecimento, a cada ano, do SISU como processo seletivo nacional para nossas universidades, baseado na nota do ENEM.","506",NA
"E também no Ciência sem Fronteiras, criado no governo da Presidenta Dilma, para oferecer bolsas de estudo nas melhores universidades do exterior para os melhores estudantes brasileiros das áreas tecnológicas, de engenharia, exatas e biomédicas.","506",NA
"Até o final de 2014, 101 mil bolsas serão concedidas.","506",NA
"São políticas amplas e diferenciadas, mas com um propósito único: construir um caminho de oportunidades para os jovens brasileiros.","706",NA
"Este é o diferencial dos governos do PT, a semente da grande mudança do Brasil: os brasileiros sempre quiseram avançar, sempre se esforçaram, sempre buscaram novas oportunidades.","601.1",NA
"Com os governos do PT, o Estado brasileiro assumiu a tarefa de garantir essas oportunidades para todos, em todo o País.","305.1",NA
"Tornamos o Estado brasileiro parceiro de nossa população na construção de um futuro mais promissor com base no acesso à educação.","506",NA
"A melhoria das condições de saúde do povo brasileiro, nos últimos anos, explica-se tanto pela expansão das ações e serviços garantidos pelo SUS","504",NA
"como pelo crescimento econômico,","410",NA
"pela implementação de políticas sociais de combate à pobreza,","504",NA
"e pelo aumento do acesso a esgoto e água tratada durante os Governos Lula e Dilma.","411",NA
"O impacto sobre os indicadores de saúde no período é bastante expressivo.","504",NA
"O Brasil é um dos países que mais reduziu a mortalidade infantil no mundo, segundo a UNICEF.","504",NA
"Para garantir acesso, com qualidade, aos serviços e ações de Saúde, os governos Lula e Dilma, em parceria com Estados e municípios, implantaram importantes políticas.","504",NA
"Com o Mais Médicos, garantimos melhoria na atenção à saúde para 50 milhões de pessoas, em 3.800 municípios.","504",NA
"O Programa Aqui Tem Farmácia Popular atende a mais de 6,8 milhões de pessoas/mês","504",NA
"e o SAMU atende 73% da população brasileira.","504",NA
"Atualmente, 80 milhões de pessoas têm acesso à atenção de saúde bucal pelo Programa Brasil Sorridente.","504",NA
"O governo federal tem apoiado os municípios na construção, ampliação e reforma de equipamentos de saúde, como as mais de mil Unidades de Pronto Atendimento-UPA e os mais de 26 mil Postos de Saúde.","504",NA
"Os governos Lula e Dilma não se furtaram, um só momento, de enfrentar o desafio de garantir segurança à população brasileira.","605.1",NA
"Nos últimos 12 anos, a palavra-chave das principais políticas na área de Segurança Pública tem sido a integração com os governos estaduais.","605.1",NA
"O governo federal tem procurado estabelecer parcerias para fortalecer e complementar as ações estaduais, além de ter aprimorado sua atuação nas áreas de fronteira.","605.1",NA
"O Plano Estratégico de Fronteiras, em parceria com as forças estaduais de segurança, tem garantido um controle mais efetivo das nossas fronteiras.","605.1",NA
"Evitamos, com o enfrentamento ao tráfico de drogas e armas, o fortalecimento do crime organizado em todo o país.","605.1",NA
"O sistema prisional brasileiro está entre as prioridades na área de segurança pública.","605.1",NA
"O Programa de Apoio ao Sistema Prisional destinou, no governo Dilma, R$ 1,1 bilhão para que os Estados possam ampliar e construir unidades prisionais, gerando 47.419 novas vagas.","605.1",NA
"A Força Nacional de Segurança Pública ampliou sua ação, cumprindo papel decisivo no apoio ao combate à violência nos Estados.","605.1",NA
"Desde 2011, a Força atuou em 78 operações em 22 estados, nos mais diferentes tipos de situação.","605.1",NA
"O fortalecimento das Polícias Federal e Rodoviária Federal teve sequência, com investimentos em recursos humanos e inteligência, com adoção de ferramentas de alta tecnologia.","605.1",NA
"A Polícia Federal dispôs, no governo Dilma, de total autonomia para conduzir seus processos investigativos.","605.1",NA
"Os governos do PT e de seus aliados inauguraram um novo federalismo, uma nova relação entre o governo federal, os Estados e Municípios, baseado numa relação republicana de cooperação e parceria.","605.1",NA
"Num país de dimensões continentais, o fortalecimento do municipalismo foi determinante para a gestão eficiente de infraestrutura urbana e rural, principalmente em áreas de forte impacto social e na saúde pública, como saneamento, e moradia, como o Programa Minha Casa Minha Vida e o Minha Casa Minha Vida Rural.","411",NA
"Destaca-se a distribuição a todas as prefeituras, de até 50 mil habitantes, de um kit máquinas composto por uma retroescavadeira, uma motoniveladora e um caminhão caçamba.","411",NA
"Para os municípios do semi-árido, este kit foi acrescido de uma pá carregadeira e um caminhão pipa.","411",NA
"As mudanças que os governos do PT promoveram na sociedade brasileira trouxeram mais desejo de mudanças, agora em outro patamar, ainda mais elevado.","305.1",NA
"O desejo de mudar passa pela consolidação das conquistas já obtidas, e pela garantia de ainda mais conquistas","305.1",NA
"Um novo ciclo histórico","H",NA
"Construir um novo ciclo de transformações significa transpor o degrau que hoje separa o Brasil do mundo desenvolvido,","408",NA
"isso apenas pouco mais de uma década depois de termos iniciado, e estarmos vencendo, a batalha contra a miséria e a desigualdade.","305.1",NA
"o Brasil não será sempre um país em desenvolvimento.","408",NA
"seu destino é ser um país desenvolvido.","408",NA
"Chegou a hora de alçarmos o Brasil à condição de país desenvolvido","410",NA
"e justo,","503",NA
"uma nação em que todas as pessoas tenham as mesmas oportunidades: de estudar,","506",NA
"trabalhar,","503",NA
"de cuidar da sua saúde,","504",NA
"ter casa para  morar,","504",NA
"condições dignas de viver nas cidades e no campo.","504",NA
"Um país onde todas as pessoas tenham os mesmos direitos: à liberdade de informação e de opinião,","201.2",NA
"à cultura,","502",NA
"ao mercado de consumo;","409",NA
"à dignidade,","201.2",NA
"à igualdade de condições,","503",NA
"independentemente de sua raça, credo ou cor.","705",NA
"É isso o que diz nossa Constituição, e é assim que deve ser uma verdadeira democracia.","202.1",NA
"quando saímos da longa noite da ditadura, soubemos dizer “nunca mais”!","602.1",NA
"agora, após mais de uma década de grandes transformações em nosso país,","305.1",NA
"é hora de afirmarmos “nunca menos”!","202.1",NA
"estamos lançando um novo ciclo histórico de prosperidade,","410",NA
"oportunidades e de mudanças.","503",NA
"Um dos alicerces deste novo ciclo é o fortalecimento de uma política macroeconômica sólida,","408",NA
"intransigente no comBate à inflação e que proporcione um crescimento econômico e social robusto e sustentável.","410",NA
"Crescimento econômico estimulado pelo aumento da taxa de investimento da economia","410",NA
"e pela ampliação de um mercado doméstico sólido e dinâmico,","410",NA
"e que ocorra sem obstáculos, graças à expansão dos investimentos em infraestrutura.","411",NA
"Prosperidade social que seja acompanhada pela geração de oportunidades para todos, por meio dos programas de inclusão dos historicamente excluídos","503",NA
"e da educação para elevar a formação e a qualificação científica e técnica de nosso povo.","411",NA
"outro alicerce é nosso compromisso com o Brasil produtivo.","410",NA
"as nossas políticas Industrial, Científica, Tecnológica e agrícola vão atuar para reduzir os custos de investimento e produção,","408",NA
"estimulando nossa capacidade de inovação,","411",NA
"reduzindo os custos logísticos e melhorando o ambiente de negócios do país.","408",NA
"Incentivaremos o empreendedorismo ao reduzir drasticamente a burocracia, que impõe um alto custo para as empresas.","402",NA
"Simplificar será uma diretriz para a relação do estado com as empresas.","303",NA
"vamos informatizar, criar cadastro único e diminuir o volume de documentos e registros demandados do cidadão.","303",NA
"vamos construir um estado cada vez mais eficiente, transparente e moderno.","303",NA
"vamos promover novos aprimoramentos na legislação para progressivamente universalizar a cobertura do Simples nacional","303",NA
"e concluiremos esse processo com a implantação da redeSIm.","303",NA
"o empreendedorismo continuará ganhando imenso apoio no segundo mandato da Presidenta Dilma.","402",NA
"Haverá mais recursos para o CreSCer e novos estímulos para sua expansão no território nacional.","402",NA
"Será incentivada a ampliação da presença de micro e pequenos empreendedores nos cursos, em especial  de gestão, na segunda fase do PronaTeC.","402",NA
"além disso, vamos estimular cada vez mais a participação desses empreendedores nas compras públicas,","402",NA
"fortalecendo os pequenos negócios.","403",NA
"modernizaremos nosso parque industrial para assegurar o aumento da produtividade e da competitividade de nossa economia,","411",NA
"fundamental para uma inserção ativa do Brasil no cenário externo e para a ampliação das oportunidades de negócios para as empresas brasileiras.","410",NA
"Para este propósito, continuaremos adotando programas de desenvolvimento da cadeia de fornecedores e de exigência de conteúdo local.","406",NA
"estimularemos a modernização do parque fabril.","411",NA
"avançaremos na desburocratização de processos e procedimentos nos negócios,","303",NA
"incluindo ampla simplificação tributária,","303",NA
"e na redução de custos financeiros e de insumos.","303",NA
"Investiremos na formação educacional de nossa mão-de-obra.","411",NA
"a combinação desses instrumentos deverá resultar em relevante incremento na produtividade industrial brasileira.","410",NA
"a implantação das plataformas do conhecimento será uma das estratégias para acelerar a geração de inovação no Brasil.","411",NA
"elas preveem a criação de um ecossistema de inovação, no qual  a interação entre cientistas, instituições de pesquisa e empresas permitirá, para áreas estratégicas ao desenvolvimento, permitirá acelerar a produção de conhecimento e sua transformação em produtos  e processos inovadores,","411",NA
"fundamental para o crescimento de competitividade de nossa economia.","410",NA
"Para assegurar maior efetividade da política ambiental, fortaleceremos a coordenação intergovernamental, em âmbito nacional, de modo a somar os esforços da União àqueles dos  estados e municípios,","302",NA
"em especial nas áreas de licenciamento ambiental, recursos hídricos, mudança climática  e florestas.","501",NA
"as três instâncias de governo são protagonistas da política ambiental do país e a sinergia entre elas é fundamental para a qualificação de um projeto nacional de desenvolvimento sustentável e inclusivo.","416.2",NA
"aprofundaremos o processo de modernização do licenciamento amBiental em curso com a regulamentação da Lei Complementar 140.","303",NA
"a segurança hídrica será tratada com prioridade, mobilizando ações compartilhadas e concatenadas das três esferas de governo para que as necessidades  múltiplas de uso da água –  consumo humano, irrigação, hidroelétricas, pecuária e outros – sejam levadas em conta de forma racional e sustentável.","416.2",NA
"manteremos nosso compromisso com a redução de emissões.","501",NA
"Para isto, daremos continuidade ao combate do desmatamento, em especial na amazônia,","501",NA
"e aceleraremos a implementação dos planos setoriais previstos no Plano nacional de mudança Climática.","416.2",NA
"o Brasil se engajará fortemente nas negociações climáticas internacionais que terão lugar em 2015,","107",NA
"para que seus interesses sejam contemplados no processo de estabelecimento dos parâmetros globais.","107",NA
"aceleraremos a implementação do cadastro amBiental rural – peça fundamental do novo Código Florestal – , que envolve a integração entre o governo Federal e as administrações estaduais.","303",NA
"nosso compromisso é apoiar todos os proprietários rurais para que, no prazo definido por lei, tenham  a situação de suas propriedades regularizada.","703.1",NA
"Fortaleceremos a reestruturação produtiva em direção à economia de Baixo carBono e a aposta no uso de recursos naturais como a melhor forma de sua preservação, em especial pelas populações tradicionais que ocupam regiões importantes do ponto de vista da biodiversidade.","416.2",NA
"o novo ciclo de desenvolvimento proposto para o segundo mandato da presidenta dilma deverá ser lastreado pela educação.","506",NA
"depois de um período prolongado de democratização do acesso a todos os níveis de ensino, inclusive o técnico e o universitário,","305.1",NA
"chega-se agora à etapa de transformação da qualidade do ensino.","506",NA
"a proposta de investir fortemente na qualidade da educação e, ao mesmo tempo, ampliar cada vez mais o acesso ao ensino, em todos os níveis – desde as necessárias creches até os cursos mais especializada - manterá esse setor da vida pública como o responsável pelo êxito das metas de várias outras áreas da administração pública.","506",NA
"vai dar solidez à posição social dos brasileiros que subiram na escala social e estão hoje em posição melhor que a de origem.","503",NA
"Continuará a dar chances de ascensão àqueles que ainda permanecem pobres","503",NA
"e vai garantir mão de obra na quantidade e qualidade necessárias para sustentar o crescimento do país.","410",NA
"Cada vez mais, deverá ser ampliada a produção da Ciência, da Tecnologia e da Inovação necessárias para que o Brasil ingresse efetivamente numa sociedade do conhecimento.","411",NA
"Para essa grande transformação na realidade educacional do Brasil, o governo tomou a iniciativa de destinar os recursos originários da exploração do petróleo, no pré e no pós-sal, para as ações nessa área.","506",NA
"no novo governo de dilma, estarão gradativamente disponíveis para a educação 75% dos royalties do petróleo e 50% dos excedentes em óleo do pré-sal.","506",NA
"Somados ao orçamento da educação, que teve considerável aumento em doze anos,","305.1",NA
"os recursos provenientes da comercialização do petróleo oriundo do pré-sal vão tornar realidade o Plano nacional de educação (Pne), que o governo dilma aprovou sem vetos.","506",NA
"vamos continuar ampliando o atendimento em creches para universalizar a educação infantil de 4 a 5 anos até 2016.","506",NA
"vamos continuar ampliando e qualificando a rede de educação em tempo integral, de forma que ela atinja até 20% da rede pública, até 2018.","506",NA
"vamos garantir, com o PronaTeC, a formação plena da juventude brasileira, com acesso ao conhecimento científico e tecnológico, por meio de um pacto nacional pela melhoria de qualidade do ensino médio, até 2016.","411",NA
"vamos conceder, no período 2015-2018, mais 100 mil bolsas do Ciência sem Fronteiras.","506",NA
"vamos fazer uma mudança curricular e na gestão das escolas.","303",NA
"vamos enfrentar o desafio de valorizar  o professor, com melhores salários e melhor formação.","506",NA
"a política de mudança na qualidade do emprego também terá forte apoio da educação.","701",NA
"a criação de mais 12 milhões de vagas para cursos técnicos até 2015, na segunda fase do Pronatec-2, opera no sentido de qualificar trabalhadores.","411",NA
"neste novo ciclo histórico, realizaremos as reformas fundamentais para que o nosso país se torne desenvolvido","410",NA
"e mais justo.","503",NA
"reformas que só se tornaram possíveis depois desses 12 anos de crescimento econômico com distribuição de renda e inclusão social.","305.1",NA
"Para nós é urgente e necessária uma ampla e profunda reforma política cujo objetivo é resolver as distorções do nosso sistema representativo.","202.1",NA
"Para assegurá-la será imprescindível a participação popular, por meio de um plebiscito que defina a posição majoritária sobre  os principais temas.","202.4",NA
"Para nós, valores e representatividade são temas que, aliados ao combate sem tréguas à corrupção,","304",NA
"devem fazer parte da urgente transformação do sistema político e eleitoral brasileiro.","202.1",NA
"Sem dúvida, melhorar a representatividade política, aprimorar o sistema eleitoral, tornar a política mais transparente são as respostas mais evidentes que podemos dar a essa questão.","202.1",NA
"Precisamos oxigenar  o nosso  sistema eleitoral, definindo regras claras de financiamento.","202.1",NA
"o cidadão deve ter mecanismos de controle mais abrangentes sobre os seus representantes","202.1",NA
"bem como mais espaços para participar das decisões do governo em todos os níveis.","606.1",NA
"mais ética, mais democracia, mais oportunidade de participar  e ser ouvido.","202.1",NA
"este é um dos clamores de todos os cidadãos no Brasil e também pelo mundo a fora.","202.1",NA
"essa nova etapa de mudanças institucionais reforça as implementadas nos outros três mandatos de governos do PT e de seus aliados :","305.1",NA
"a criação na sua configuração atual da Controladoria geral da União","202.1",NA
"– CgU; a criação do Portal da Transparência, que facilita o acompanhamento de políticas públicas pela sociedade;","202.1",NA
"a afirmação da Polícia federal como uma polícia de estado, autônoma e republicana, que não persegue inimigos ou protege amigos;","301",NA
"a edição da Lei de acesso à informação;","202.1",NA
"a institucionalização de um organismo com o objetivo de traçar políticas e formular propostas unificadas de combate à corrupção e à lavagem de dinheiro,","304",NA
"- a estratégia nacional de Combate a Corrupção e Lavagem de dinheiro – enCCLa;","304",NA
"a nomeação de Procuradores da república que garantiram, de fato, a plena autonomia funcional ao ministério Público Federal;","202.1",NA
"a instituição da Comissão da verdade, que exerce o papel histórico de resgatar a memória dos brasileiros que lutaram contra a ditadura militar.","305.5",NA
"no segundo governo dilma vamos ampliar as medidas já tomadas ao longo destes anos.","305.1",NA
"devemos propiciar a criação de mecanismos que transfiram estas conquistas institucionais também para o âmbito de estados e municípios.","301",NA
"Por meio do governo digital, vamos utilizar cada vez mais a internet para que o cidadão acompanhe, com facilidade e transparência, a destinação dos recursos públicos.","202.1",NA
"Combater a impunidade de corruptores e corruptos, por meio de mudanças na nossa legislação,","304",NA
"especialmente por meio de uma reforma de nosso processo penal, é uma meta que teremos forte empenho em cumprir.","303",NA
"estruturar ainda mais e ampliar a eficiência dos órgãos públicos que têm por competência o enfrentamento  e a investigação da improbidade e o desvio de recursos é um compromisso que continuaremos a manter permanentemente com a sociedade brasileira, independentemente dos interesses políticos e econômicos que possam vir a ser afetados.","303",NA
"Para mudar ainda mais o Brasil, propomos enfrentar o desafio da realização de uma reforma federativa que defina melhor as atribuições dos entes federados – União, estados e municípios.","301",NA
"essa reforma é necessária para conferir maior agilidade e qualidade aos serviços públicos prestados hoje, em especial para aqueles sob responsabilidade de mais de um dos entes federados.","301",NA
"Buscaremos a construção de uma federação mais cooperativa, evitando a sobreposição de funções que possa retardar, encarecer e retalhar programas de atenção à população.","301",NA
"a reforma federativa e a reforma dos serviços públicos são complementares e se confundem.","301",NA
"Precisam ser realizadas juntas, para aumentar a efetividade e eficiência das políticas públicas, maximizar os seus efeitos e reduzir a relação entre o custo e o benefício dos serviços.","303",NA
"no âmbito desta reforma, caberá enfrentar o debate sobre a estrutura tributária nacional tão importante para os rumos de nosso desenvolvimento.","303",NA
"a reforma urBana pretende melhorar a qualidade de vida da população urbana, que hoje representa 81% dos brasileiros.","501",NA
"essa reforma enfrentará o desafio de equacionar o déficit habitacional, a questão da mobilidade urbana,","501",NA
"do saneamento","411",NA
"e da segurança pública.","605.1",NA
"Para continuar ampliando  o mCmv, precisamos garantir a oferta, nas grandes cidades, dos espaços necessários para a construção da casa própria.","408",NA
"os investimentos em mobilidade urbana buscarão assegurar transporte público rápido, seguro e eficiente.","411",NA
"vamos perseguir a universalização do saneamento Básico, com destaque para a universalização do abastecimento da água tratada e a expansão em todo o território nacional do esgotamento sanitário e do seu tratamento.","411",NA
"na segurança púBlica, a política do governo dilma será ampliar a presença do estado em territórios vulneráveis, por meio do incentivo à adesão dos estados ao Programa Brasil Seguro e ao Programa Crack, é Possível vencer.","605.1",NA
"está prevista também a criação da academia nacional de Segurança Pública, para formação conjunta das polícias, formulação e difusão de procedimentos operacionais padronizados e formação de analistas.","605.1",NA
"Fortaleceremos ainda mais as ações de combate às organizações criminosas e à lavagem de dinheiro e as ações de controle das fronteiras.","605.1",NA
"daremos continuidade ao processo da integração das instituições de segurança pública no País.","605.1",NA
"o segundo governo dilma buscará também promover um novo ciclo de avanços institucionais, destinado a eliminar os gargalos historicamente impostos às formas de representação política e ao acesso democrático a direitos de toda a população.","202.1",NA
"ampliar a democracia política é um objetivo que anda junto com o compromisso de aumentar cada vez mais a democracia econômica","202.1",NA
"– a distribuição de renda","503",NA
"e a eliminação da pobreza.","503",NA
"além das medidas que serão tomadas de aprofundamento da democracia, soma-se o sistema nacional de participação popular, que terá a função de consolidar as formas de participação colocadas em prática nos governos Lula e dilma e institucionalizá-las.","202.4",NA
"a proposta é transformar  a participação popular em uma cultura de gestão e as novas tecnologias permitem ampliar e estimular o debate da população.","202.4",NA
"as instâncias de participação não são conflitantes com as atribuições do Poder Legislativo.","202.1",NA
"elas são espaços de debate que não interferem com nenhuma das atribuições institucionais dos poderes da república.","202.1",NA
"São importantes porque o Brasil precisa sempre de mais, e nunca menos democracia.","202.1",NA
"ainda no elenco de desafios institucionais, a luta pelos direitos humanos se mantém, sempre, como prioridade,","201.2",NA
"até que não existam mais brasileiros tratados de forma vil ou degradante, ou discriminados por raça, cor, credo, orientação sexual ou identidade de gênero.","705",NA
"mais empoderamento, autonomia e violência zero serão as diretrizes das nossas políticas para as mulheres no próximo período da Presidenta dilma.","706",NA
"a implementação da Casa da mulher Brasileira será decisiva para este objetivo, assim como as medidas de promoção da igualdade.","706",NA
"a luta contra a discriminação e a promoção da igualdade racial continuarão a ser tarefas prioritárias do nosso governo.","503",NA
"Temos o desafio de tornar realidade a Lei de Cotas no serviço público federal, sancionada em junho de 2014, garantindo-lhe a mesma efetividade já alcançada pela lei de cotas nas universidades públicas.","503",NA
"de especial importância para o futuro de nosso Brasil é o enfrentamento da violência contra jovens negros e para isso fortaleceremos e ampliaremos o Programa Juventude viva.","503",NA
"a continuidade da implementação do viver sem Limite irá garantir igualdade de oportunidades aos brasileiros e brasileiras com deficiência, com ações de acesso à educação, atenção à saúde, inclusão social e acessibilidade.","503",NA
"na área de infraestrutura, aos enormes avanços obtidos a partir de 2003,","305.1",NA
"a candidata dilma propõe ao país outro salto de qualidade, necessário para que o país consolide o seu desenvolvimento e consiga interiorizá-lo – ou seja, atuar para reduzir radicalmente e estruturalmente as desigualdades regionais.","301",NA
"Será necessário dar prioridade aos modais ferroviários, hidroviários e à navegação de cabotagem, reduzindo os gargalos existentes e implantando novas redes logísticas em eixos nacionais e regionais para o escoamento da produção e a circulação de pessoas.","411",NA
"ao mesmo tempo devemos dar continuidade ao processo de modernização e ampliação da capacidade das rodovias, dos portos e aeroportos.","411",NA
"Implementaremos também novas medidas institucionais que potencializem ainda mais o investimento público-privado.","408",NA
"Seguiremos aprimorando os modelos de regulação,","403",NA
"estimulando o mercado privado de crédito de longo prazo","408",NA
"e o desenvolvimento de instrumentos de garantias para financiamento de projetos de grande vulto.","409",NA
"no setor de energia, o Brasil continuará o processo de expansão do seu parque gerador e transmissor para garantir a segurança do suprimento e a modicidade tarifária.","411",NA
"essa expansão ocorrerá de forma a manter a qualidade de nossa matriz energética, baseada em hidroelétricas e termoelétricas, fontes renováveis limpas e de baixa emissão de carbono,","416.2",NA
"e complementada por fontes alternativas, como  a eólica, a solar e a originária da biomassa.","411",NA
"Terá sequência prioritária a ampliação e modernização do parque instalado de transmissão de energia.","411",NA
"vamos promover a universalização do acesso a um serviço de internet barato, rápido e seguro.","411",NA
"Para isso, será necessária a expansão da infraestrutura de fibras óticas e equipamentos de última geração,","411",NA
"bem como o uso da Internet como ferramenta de educação,","506",NA
"lazer","502",NA
"e instrumento de participação popular, em especial nas decisões do governo.","606.1",NA
"vamos continuar implementando o marco Civil da internet, que é um dos mais avançados do mundo.","202.1",NA
"nosso marco Civil dá aos usuários garantias fundamentais como a liberdade de expressão,","201.1",NA
"o respeito aos direitos humanos","201.2",NA
"e à privacidade do cidadãos,","202.1",NA
"assegurando a neutralidade da rede frente a interesses comerciais ou de qualquer espécie.","503",NA
"o objetivo do marco Civil é fazer com que a Internet continue sendo um espaço aberto à liberdade de expressão,","201.1",NA
"à inovação","411",NA
"e ao desenvolvimento social e econômico.","410",NA
"daremos continuidade ao esforço de investimento em segurança hídrica","411",NA
"para avançar ainda mais na garantia de oferta de água com qualidade e regularidade em regiões historicamente carentes desse recurso.","504",NA
"Será também dedicado todo empenho ao desenvolvimento da tecnologia necessária para levar o Programa Luz para Todos para localidades isoladas, com meta de 137 mil ligações entre 2015 e 2018.","411",NA
"neste novo ciclo, avançaremos a partir de uma conquista extraordinária – a superação da extrema pobreza no Brasil.","503",NA
"Persistiremos, no segundo mandato da Presidenta dilma, guiando nossas ações pelo compromisso de que “o fim da miséria é só um começo”.","503",NA
"vamos perseguir metas ainda mais ousadas, para consolidar e ampliar os ganhos obtidos.","503",NA
"Queremos garantir que as famílias tiradas da extrema pobreza não voltem a ela.","503",NA
"Que superem também a pobreza, como milhões já têm feito, melhorando suas condições de vida e encontrando um país de oportunidades para todos!","503",NA
"Sabemos que dar oportunidade real implica em ajudar a quebrar as barreiras de acesso geradas por séculos de exclusão.","503",NA
"Por isto, ampliaremos o conceito de BUSCa aTIva.","503",NA
"É com essa diretriz que o segundo governo dilma vai continuar incluindo as famílias mais pobres nos programas sociais.","503",NA
"Por este conceito - o estado vai aonde os pobres estão -,","503",NA
"tão bem sucedido no primeiro mandato da Presidenta dilma,","305.1",NA
"será consolidada nessa próxima fase uma das faces necessárias de uma efetiva reforma do estado, colocando-o a serviço dos que mais precisam.","303",NA
"o projeto para mudar o patamar de qualidade e a amplitude de atendimento dos serviços de saúde prevê, no segundo mandato da presidenta: a expansão do Programa mais médicos;","504",NA
"a ampliação da rede de Unidades de Pronto atendimento (UPas) destinadas ao atendimento de emergências de baixa e média gravidade;","504",NA
"a extensão das redes de atendimento especializado,  com a qualificação dos serviços hospitalares;","504",NA
"o fortalecimento e a universalização do  SamU","504",NA
"e a ampliação do acesso da população a medicamentos.","504",NA
"a melhoria no atendimento e o aumento da rede de saúde exigirão uma rediscussão federativa,","301",NA
"que terá o poder de evitar superposição de investimentos e de planejar com mais eficiência a distribuição dos serviços de saúde públicos.","303",NA
"o sistema único de saúde (sus) é, hoje, a maior rede de saúde pública do mundo,  e tem cumprido um importante papel na universalização do acesso.","504",NA
"reafirmamos nosso compromisso com seu contínuo fortalecimento e aprimoramento, necessário devido a seu tamanho,","504",NA
"à extensão dos serviços envolvidos","504",NA
"e às sobreposições de atribuições entre os entes federativos.","301",NA
"os governos do PT investiram muito em esporte e cultura, implementando políticas que se tornaram instrumentos de inclusão social e desenvolvimento econômico.","305.1",NA
"Pela primeira vez  a cultura e o esporte foram concebidos como programas de estado,","502",NA
"fomentando o mercado de trabalho","701",NA
"e as potencialidades do nosso povo.","601.1",NA
"no segundo governo dilma, avançaremos ainda mais na Cultura e no esporte,","502",NA
"aprofundado os programas já estruturados e desenvolvidos em parcerias com os municípios, estados e sociedade civil.","301",NA
"o Sistema nacional de Cultura continuará sendo fortalecido, assim como todas as políticas públicas integradas decorrentes da sua criação.","502",NA
"a adoção de medidas para a aceleração da implantação do vale Cultura","502",NA
"ajudará a criar uma nova geração de consumidores culturais, favorecendo e estimulando a produção nacional.","502",NA
"a implantação e o fortalecimento do apoio aos Centros de artes e esportes Unificados e aos Pontos de Cultura propiciarão espaços comunitários para a expressão cultural plena dos cidadãos.","502",NA
"Com o Brasil de Todas as Telas, vamos fortalecer ainda mais a indústria audiovisual brasileira.","502",NA
"vale destacar o fortalecimento dos programas em parceria com a educação para que a cultura seja um potente instrumento de inclusão social e desenvolvimento da cidadania.","502",NA
"o esporte cada vez mais tem se tornado uma política pública com potencial para gerar riquezas, empregos e com muita capacidade de mobilizar nossas crianças, adolescentes e jovens como caminho complementar na construção de oportunidades.","502",NA
"desenvolver um sistema nacional de esportes que integre as políticas públicas entre os entes federados é prioridade.","502",NA
"É urgente modernizar a organização  e as relações do futebol,  por exemplo, nosso esporte mais popular.","502",NA
"a organização e a realização da Copa do mundo demonstram que o Brasil está preparado para sediar grandes eventos esportivos, culturais, de integração econômica, ou qualquer outra atividade de mobilização internacional.","305.1",NA
"a Copa das Copas antecipou investimentos urbanos, modernizou nossa infraestrutura esportiva, gerou investimentos em aeroportos e receptivos para o turismo.","305.1",NA
"a realização da Copa do mundo no Brasil é a vitória política de um país que tem vencido a crise econômica internacional com geração de empregos e distribuição de renda, é a vitória de um país que hoje é respeitado internacionalmente, é vitória da confiança na capacidade do povo brasileiro e a derrota do pessimismo.","305.1",NA
"em 2016, sediaremos as olimpíadas, evento que fará com que, mais uma vez, os olhos do mundo se voltem para o Brasil.","502",NA
"na área de esportes, este será, certamente, o maior desafio nos próximos anos.","502",NA
"além dos investimentos na organização dos Jogos e na infraestrutura de equipamentos olímpicos,","411",NA
"assumimos, em parceria com o Comitê olímpico Brasileiro e o Comitê Paraolímpico Brasileiro, o desafio de proporcionar condições para que o Brasil figure, em 2016, entre os dez primeiros colocados nos Jogos olímpicos e entre os cinco primeiros nos Jogos Paraolímpicos.","502",NA
"Para isto, estamos implementando o Plano Brasil medalhas 2016 que, com investimentos de r$ 1 bilhão, estimulará 21 modalidades olímpicas e 15 paraolímpicas no ciclo olímpico de 2013 a 2016.","502",NA
"garantir a plena execução do Plano Brasil medalhas será uma de nossas prioridades no próximo mandato.","502",NA
"Também daremos continuidade aos investimentos para construção dos Centros de Formação olímpica em todo o Brasil, inclusive o Centro Paraolímpico Brasileiro, em São Paulo, que será referência para a américa Latina e garantirá a nossos atletas paraolímpicos uma infraestrutura de preparação à altura da sua excelência.","411",NA
"daremos continuidade ao Bolsa atleta, auxílio financeiro que permite a nossos jovens atletas se dedicarem com afinco à sua formação e aprimoramento técnico.","502",NA
"avançaremos também na construção de 285 unidades dos Centros de Iniciação ao esporte (CIe) em 163 municípios de todos os estados e no distrito Federal.","411",NA
"estes centros propiciarão infraestrutura adequada ao surgimento dos futuros talentos esportivos brasileiros, e elevarão a um novo patamar as condições e a estrutura para a prática dos mais diversos esportes em nosso País.","502",NA
"Junto à reconstrução das políticas econômicas e sociais, os governos Lula e dilma tiveram de realizar uma profunda mudança na presença do Brasil no mundo.","305.1",NA
"o segundo governo dilma dará continuidade a esse processo, em sintonia com as transformações pelas quais vem passando a cena internacional.","107",NA
"a prioridade à américa do Sul, américa Latina e Caribe se traduzirá no empenho em fortalecer  o merCoSUL, a UnaSUL e a Comunidade dos Países da américa Latina e Caribe (CeLaC), sem discriminação de ordem ideológica.","108",NA
"o Brasil buscará antes de tudo a integração da região, por meio do fomento do comércio e da integração produtiva.","108",NA
"Para tanto, dará ênfase especial à integração financeira e de suas infraestruturas física e energética.","411",NA
"as transformações econômicas, sociais e políticas dos últimos anos em nosso continente habilitam a região a ser um importante ator no mundo multipolar que hoje se está desenhando.","108",NA
"da mesma forma será dada ênfase a nossas relações com a África,","107",NA
"com os países asiáticos - - a China é nosso principal parceiro comercial –","107",NA
"e com o mundo árabe.","107",NA
"a importância dada aos países do SUL do mundo, que têm expressão concreta nos BrICS, não significa desconsiderar os países desenvolvidos.","107",NA
"Bem ao contrário, é de grande relevância nosso relacionamento com os estados Unidos, por sua importância econômica, política científica e tecnológica, sem falar no volume de nosso comércio bilateral.","107",NA
"Critério semelhante é válido para nossas relações com a União europeia e com o Japão.","107",NA
"nossa presença no mundo será marcada pela defesa da democracia, pelo princípio de não-intervenção","202.1",NA
"e respeito à soberania das nações,","202.1",NA
"pela luta pela paz e","106",NA
"pela solução negociada dos conflitos,","106",NA
"pela defesa dos direitos Humanos,","201.2",NA
"pelo combate à pobreza e às desigualdades,","503",NA
"pela preservação do meio-ambiente","501",NA
"e pelo multilateralismo.","107",NA
"Queremos construir igualmente mecanismos que protejam todas as formas de comunicação – a internet, em particular – assegurando a privacidade da cidadania, das empresas e dos governos.","202.1",NA
"a prioridade que conferimos a uma visão multilateral do mundo nos conduz e conduzirá a lutar pela reforma dos principais organismos internacionais, como a onU, o Fundo monetário Internacional, o Banco mundial, entre outros, cuja governança hoje não reflete a atual correlação de forças global.","109",NA
"a política externa tem sido e continuará sendo mais do que um instrumento de projeção do Brasil no mundo.","107",NA
"Trata-se de um elemento fundamental de nosso projeto de nação.","107",NA
"o segundo governo dilma vai ter uma grande oportunidade: a de completar um segundo ciclo de mudanças, findo o qual o Brasil terá produzido uma ruptura sem volta à estrutura tradicional da sociedade brasileira, a um passado cujas bases foram assentadas em desigualdade, crescimento econômico condicionado aos interesses das elites tradicionais – e fundamentalmente excludente – e uma indiferença enorme em relação a uma situação até então imutável de miséria que vitimou adultos e crianças ao longo de séculos.","503",NA
"Há doze anos, o PT propôs à sociedade um novo Brasil, mais justo, mais humano e mais desenvolvido.","305.1",NA
"agora, a Presidenta dilma disputa mais um mandato, com a certeza de que pode mudar em definitivo a história do Brasil.","305.2",NA
"no novo patamar proposto para um Brasil que já se renovou muito, vamos criar as condições para que o país deixe para trás esse passado de desigualdades e exclusões","305.1",NA
"e cuide, com paixão e desvelo, das crianças, jovens  e adultos, para que todos vivam num país cheio de oportunidades.","503",NA
"Para tornar-se, enfim, um país desenvolvido.","410",NA
