"content","cmp_code","eu_code"
"Desenvolvimento com Justiça","H",NA
"O Brasil do Trabalho, da Produção, da Inovação e da Justiça","H",NA
"Iniciativas de um governo que crie condições para aproveitar a energia de todos os brasileiros","H",NA
"INTRODUÇÃO","H",NA
"1. Natureza deste documento.","H",NA
"Este documento representa ponto de partida, não ponto de chegada, na formulação de um projeto para o país.","202.1",NA
"Resume longa trajetória de experiência, aprendizagem, debate e proposta e meses de discussão intensa.","202.1",NA
"Submetido aos partidos políticos e às organizações da sociedade civil que convergem para apoiar a candidatura de Ciro Gomes à Presidência da República, pretende ajudar a aprofundar e a ampliar a discussão.","202.1",NA
"A forma final da proposta resultará dessa dinâmica.","202.1",NA
"Não há aqui planilha fechada.","000",NA
"Há a demarcação de um rumo, definido de um lado por visão dos problemas brasileiros e das aspirações dos brasileiros e de outro lado por um entendimento dos próximos passos a tomar.","000",NA
"Por isso mesmo, a ênfase recai sobre um conjunto de iniciativas práticas que dêem início ao caminho proposto.","000",NA
"O Presidente governa com o Congresso e com o país.","000",NA
"As iniciativas enumeradas aqui abrangem tanto o que o Presidente pode iniciar por conta própria como chefe da administração federal quanto o que ele pode propor ao Congresso e às demais instituições como Chefe de Estado e de Governo e como líder político.","000",NA
"Para ajudar a mudar o Brasil, o Presidente precisa negociar com os grandes interesses organizados.","202.1",NA
"Precisa também mobilizar as maiorias desorganizadas para apoiar as reformas necessárias.","606.2",NA
"Sem a negociação, a mobilização vira aventura populista.","202.1",NA
"Sem a mobilização, a negociação degenera em acerto elitista ou corporativista.","606.2",NA
"Nenhum vento ajuda a quem não sabe a que porto veleja.","000",NA
"Definir a direção e os passos iniciais do avanço é a tarefa.","000",NA
"2. Estrutura do documento e temas centrais.","H",NA
"Divide-se o documento em seis partes:","H",NA
"OS PROBLEMAS DO DIA-A-DIA: O SOCIAL QUE FUNCIONE.","H",NA
"A política social tem de fazer muito com pouco.","303",NA
"Suas prioridades são capacitar os brasileiros,","411",NA
"multiplicar os empregos, inclusive por medidas emergenciais,","410",NA
"aumentar a participação dos salários na renda nacional","503",NA
"e reduzir rapidamente os dois maiores bolsões de pobreza no país: nas periferias das grandes cidades e no campo.","503",NA
"O NOVO RUMO DO DESENVOLVIMENTO BRASILEIRO: A RECUPERAÇÃO DA CAPACIDADEESTRATÉGICA ESTADO.","H",NA
"O Estado precisa ter os recursos, os quadros e as práticas necessários para atuar como parceiro da iniciativa privada","403",NA
"e para redimir metade da Nação da vida de biscateiro.","503",NA
"Empregos e capacitações são o que importa.","411",NA
"Para assegurá-los é preciso reorientar o desenvolvimento brasileiro.","410",NA
"O país tem de elevar sua poupança","410",NA
"e dirigir a poupança de longo prazo ao investimento de longo prazo","404",NA
"para poder depender menos do financiamento externo.","103.2",NA
"(O capital estrangeiro é tanto mais útil quanto menos se depende dele.)","103.2",NA
"A prioridade é dar à massa de empreendedores emergentes acesso aos instrumentos e às oportunidades da produção: crédito, conhecimento, tecnologia e mercados.","403",NA
"Os compromissos com a estabilidade da moeda,","414",NA
"com o realismo fiscal (o governo e o país não devem viver acima dos seus meios)","414",NA
"e com a abertura criteriosa da economia brasileira para o mundo, precisam ser reafirmados.","406",NA
"Não devem, porém, servir de pretexto para sacrificar a economia real e produtiva aos interesses financeiros.","410",NA
"Portanto, uma das prioridades tem de ser baixar os juros.","410",NA
"Enquanto o juro real for superior à taxa média de retorno aos negócios, o crescimento continuará estrangulado.","410",NA
"Viver de renda será melhor do que viver de trabalhar e produzir.","410",NA
"JUSTIÇA PARA OS BRASILEIROS.","H",NA
"Há meios práticos para dar transparência ao uso dos recursos públicos,","304",NA
"para banir os corruptos da política,","304",NA
"para assegurar ao brasileiro e à brasileira comuns uma justiça acessível, ágil e barata","503",NA
"e para libertar as mulheres, sobretudo as mulheres pobres,","503",NA
"e os negros, a maioria deles pobres, das injustiças de que sofrem.","503",NA
"Nas nossas condições, o combate contra discriminação é inseparável do combate contra a pobreza e exige um novo conjunto de iniciativas.","503",NA
"E a luta contra as desigualdades regionais passa pelo investimento público na formação de recursos humanos","411",NA
"e na base de transporte e energia das regiões mais pobres.","411",NA
"A NATUREZA E A CULTURA BRASILEIRAS: AFIRMAÇÃO DA IDENTIDADE NACIONAL.","H",NA
"Organizar o lazer e o turismo de massa para que os brasileiros possam aproveitar o cenário natural do país, ajudar, sobretudo nas novas fronteiras agrárias e na Amazônia,","502",NA
"a disseminar padrões de produção que ajudem a preservar o ambiente","501",NA
"e dar aos brasileiros humildes maior acesso tanto à cultura popular brasileira quanto à alta cultura universal, por meio de um sistema de identificação e de financiamento dos talentos devem ser as preocupações norteadoras.","502",NA
"REFORMA DA POLÍTICA: O APROFUNDAMENTO DA DEMOCRACIA.","H",NA
"A reforma da política começa com o enfraquecimento da influência do dinheiro na política, graças ao financiamento público das campanhas eleitorais.","304",NA
"Passa pelo fortalecimento dos partidos políticos.","202.1",NA
"E culmina em iniciativas destinadas combinar a democracia representativa","202.3",NA
"com traços da democracia direta,","202.4",NA
"facilitando a participação popular no encaminhamento coletivo de soluções coletivas para os problemas coletivos.","202.1",NA
"Essa trajetória constitui preliminar a qualquer tentativa séria e democratizante de mudar a forma de governo,","202.1",NA
"inclusive pelo preparo do sistema parlamentar de governo.","204",NA
"O BRASIL NO MUNDO: INTEGRAÇÄO ATIVA.",NA,NA
"O Brasil não deve nem precisa escolher entre isolar-se do mundo, política ou economicamente,","107",NA
"e render-se à forma atual da globalização.","103.1",NA
"Precisa optar pela integração atuante, crítica e reconstrutiva.","107",NA
"Expressão do projeto interno, o projeto externo deve buscar as parcerias e os acordos que ajudem a ampliar o espaço para nossa estratégia nacional.","107",NA
"Isso significa negociar, sem medo, tanto com os Estados Unidos quanto com a Comunidade Européia,","107",NA
"aproximar-nos estrategicamente de outros grandes países periféricos, sobretudo a China e a Índia,","107",NA
"e buscar aliados para a luta pela reforma da ordem econômica e política mundial.","103.1",NA
"Lutar por um mundo pluralista, mais aberto à diversidade de trajetórias nacionais de desenvolvimento.","103.1",NA
"3. Idéias-força da proposta.","H",NA
"Alguns conceitos centrais, ligados entre si, animam toda a proposta.","H",NA
"A CAPACITAÇÃO DOS BRASILEIROS.","H",NA
"O Brasil já deu grande salto na difusão do conhecimento e das capacidades.","411",NA
"Agora, precisamos generalizar e aprofundar esse processo, fecundando a criatividade brasileira, com o preparo organizado e acabando com o reino do improviso.","411",NA
"A liquidação da miséria deve ser parte desse processo, não apenas espécie de caridade pública.","503",NA
"A CAPACITAÇÃO DO ESTADO.","H",NA
"Precisamos de um Estado atuante e enriquecido de quadros e recursos como agente da capacitação dos brasileiros","411",NA
"e promotor da democratização dos mercados.","403",NA
"Temos de contar com um nível mais alto de poupança,","410",NA
"e com um estreitamento dos vínculos entre a poupança e a produção,","414",NA
"para não termos de depender do financiamento externo, que vem e volta, periodicamente interrompendo nosso crescimento, com resultados sociais penosos.","103.2",NA
"A DEMOCRATIZAÇÃO DO MERCADO.","H",NA
"Não basta regular a economia,","403",NA
"nem compensar suas desigualdades com políticas compensatórias, como renda-mínima","412",NA
"e bolsa-escola, financiadas com as pequenas sobras de um Estado empobrecido.","504",NA
"O novo motor do desenvolvimento brasileiro -um desenvolvimento que beneficie dezenas de milhões de brasileiros, não apenas pequeno número de graúdos e apaniguados - será a descentralização do acesso aos recursos e às oportunidades da produção,","503",NA
"a começar pelo crédito,","403",NA
"o conhecimento e a tecnologia,","411",NA
"em favor de uma multidão de empreendedores emergentes e potenciais.","503",NA
"Nesse processo, o Estado é o parceiro indispensável, não o comandante nem mesmo o orquestrador.","403",NA
"A democratização das oportunidades econômicas cria ambiente favorável a uma dinâmica de crescimento em que cada quebra de limites da oferta, isto é, a capacidade de produzir, aumenta a pressão para fortalecer a demanda, ou seja, a capacidade de comprar, e cada fortalecimento da demanda aumenta a pressão para superar os limites – físicos, financeiros e humanos – da oferta.","503",NA
"O APROFUNDAMENTO DA DEMOCRACIA.","H",NA
"Não capacitaremos os brasileiros","411",NA
"nem acabaremos com a miséria,","503",NA
"e não refundaremos o desenvolvimento brasileiro na democratização das oportunidades econômicas,","503",NA
"sem também criar uma democracia de alta energia.","202.1",NA
"Democracia reformada para elevar, de maneira organizada e institucional, o engajamento dos cidadãos na vida pública.","202.1",NA
"E para facilitar a prática freqüente das reformas estruturais.","202.1",NA
"Democracia que cale a voz do dinheiro na política e aumente a voz dos partidos e das idéias.","202.1",NA
"Não temos por que imitar as democracias sonolentas de países ricos e consolidados, que dependem de crises para conseguir reformas.","601.1",NA
"Essa democracia de alta energia precisa favorecer uma dinâmica de auto-organização na sociedade brasileira,","202.1",NA
"respeitando a parte já organizada da sociedade civil sem permitir que o interesse nacional se confunda com os interesses corporativos.","606.1",NA
"OS PROBLEMAS DO DIA-A-DIA: O SOCIAL QUE FUNCIONE","H",NA
"1. Emprego","H",NA
"A) Aumentar oportunidades de emprego através de medidas emergenciais que também estimulem a retomada do crescimento.","410",NA
"Regularizar a posse da terra nas periferias das grandes cidades.","408",NA
"Esta é a iniciativa que, em menos tempo e com menor custo relativo, estimula o morador a construir ou a melhorar o que já construiu.","410",NA
"Desenvolver em parceria com os Estados e os Municípios rede de postos habitacionais para vender material de construção a preço subsidiado","412",NA
"e para orientar as populações nas técnicas populares de construção.","411",NA
"(Ver item 8, Moradia e Terra, adiante.)",NA,NA
"Construir trezentas mil casas populares por ano, com participação comunitária e técnicas simplificadas de construção.","504",NA
"Dar condições de estabilidade e modernização à agricultura, sobretudo de porte familiar:","703.1",NA
"organização dos estoques estratégicos e de um sistema de seguro contra as flutuações violentas dos preços dos produtos agrícolas;","504",NA
"desenvolvimento do apoio técnico e comercial ao agricultor","411",NA
"e implantação de um sistema nacional de segurança alimentar.","504",NA
"(Ver item 8, Política Agrícola e Reforma Agrária, na parte sobre o novo rumo do desenvolvimento brasileiro.)",NA,NA
"B) Trazer para o mercado formal os trabalhadores que trabalham sem carteira assinada -metade da população adulta do país.","701",NA
"-Acabar com todos os encargos sobre a folha salarial.","701",NA
"(Ver as medidas de reforma tributária).",NA,NA
"-Deslocar as contribuições à previdência da folha salarial para o faturamento líquido das empresas, extinguindo, com isso, um poderoso desestímulo ao emprego.","701",NA
"-Criar cartão único de acesso à previdência e a outros benefícios sociais.","303",NA
"Esse cartão seria vinculado à carteira assinada e ao procedimento para reconhecer e formalizar os trabalhadores autônomos.","701",NA
"2. Salário.",NA,NA
"Elevar o salário mínimo gradativa e continuamente no curso do mandato.","412",NA
"-Propor e promover, através de reformas da Constituição e das leis, a desvinculação do salário mínimo dos salários superiores no serviço público e das altas aposentadorias na previdência.","412",NA
"Propor legislação regulamentando o princípio constitucional de participação dos trabalhadores nos lucros das empresas.","503",NA
"Condicionar o direito de as empresas contratarem com o governo federal, inclusive com as entidades públicas de financiamento, à adoção por elas do regime de participação nos lucros.","503",NA
"-Tomar como objetivo da política salarial aumentar gradativamente a participação da massa salarial na renda nacional.","503",NA
"Reverter, portanto, o declínio dessa participação que caracterizou o período do atual governo,","305.1",NA
"quando os salários deixaram de acompanhar o aumento da produtividade e o desemprego e o subemprego se avolumaram.","503",NA
"Compreender que a política mais eficaz de redistribuição de renda no Brasil atual é o aumento sustentável do salário real,","503",NA
"possibilitado tanto pelos ganhos de produtividade","410",NA
"quanto pela defesa dos direitos trabalhistas.","701",NA
"Rejeitar a retórica e a política da ""flexibilização"" do mercado de trabalho.","701",NA
"Distinguir claramente entre os privilégios corporativistas que oneram a folha de pagamentos e prejudicam o emprego de novas levas de trabalhadores, dificultando o combate contra a informalidade,","701",NA
"e aqueles direitos do trabalhador que ajudam a elevar o salário real e a participação da massa salarial na renda nacional.","503",NA
"3. Segurança.","H",NA
"Desenvolver visão ampla, despreconcebida e prática da segurança que reconheça a necessidade tanto de resolver os problemas de miséria e desemprego","503",NA
"quanto de impor a ordem e de resguardar a segurança dos cidadãos.","605.1",NA
"Dentro dessa visão, a política da segurança terá duas linhas-força: (a) adensar a vida associativa e as parcerias entre a polícia e as associações comunitárias para dotar as comunidades de meios para reforçar, de maneira pacífica e desarmada, sua própria segurança","605.1",NA
"e (b) aumentar o poder da União Federal","302",NA
"para garantir a segurança, sobretudo naqueles setores do crime e da sociedade em que a parceria entre a polícia e as comunidades for insuficiente para conter o crime.","605.1",NA
"A primeira linha-força será desenvolvida, sobretudo, através do apoio que o governo federal dará à difusão do policiamento comunitário em todo o país.","605.1",NA
"O policiamento comunitário deve significar a parceria entre a polícia e as comunidades.","605.1",NA
"Deve representar também a organização das comunidades desarmadas para vigiarem suas próprias áreas, sob a orientação da polícia e com o apoio dela.","605.1",NA
"O governo federal dará a todos os Estados e Municípios ajuda técnica, e, no caso dos Estados e Municípios mais pobres, também ajuda material para desenvolver o policiamento comunitário assim entendido.","605.1",NA
"A segunda linha-força avançará através de um conjunto de iniciativas destinado a fortalecer a capacidade do governo federal para combater o crime.","605.1",NA
"Essas iniciativas são arroladas em seguida.","605.1",NA
"Federalizar amplo elenco de crimes: contrabando de armas, narcotráfico,","605.1",NA
"crimes contra a administração pública,","304",NA
"crime financeiro, crimes cometidos por policiais civis e militares, crime organizado.","605.1",NA
"Triplicar, num prazo de quatro anos, o quadro efetivo da polícia federal.","605.1",NA
"Aparelhar a polícia federal como polícia inteligente, com as melhores tecnologias disponíveis no mundo.","605.1",NA
"Construir uma rede de penitenciárias federais em regiões inóspitas.","605.1",NA
"Reformar o processo penal para torná-lo mais ágil e avançar na linha de fortalecer a investigação,","605.1",NA
"acelerar o julgamento,","303",NA
"aumentar as penas","605.1",NA
"e humanizar as prisões.","000",NA
"Revogar a lei Fleury.","000",NA
"-Criar para os condenados e presos suscetíveis de reabilitação e de reintegração social um sistema de penas alternativas, fora da cadeia.","605.2",NA
"Apoiar os Estados no esforço de unificação, ainda que apenas operacional, das polícias civil e militar.","303",NA
"Apoiar os Estados mais pobres no esforço de ampliação dos presídios e da polícia.","605.1",NA
"-Desarmar o país.","605.1",NA
"Proibir o uso de armas.","605.1",NA
"Estatizar a indústria de armamentos de todos os tipos.","413",NA
"4. Saúde.","H",NA
"A política da saúde terá cinco diretrizes: (a) privilegiar as iniciativas de saneamento básico, complementação alimentar, difusão de práticas de higiene e vacinação, que produzem o máximo de resultado com o mínimo de custo;","504",NA
"(b) elevar gradativamente o investimento per capita em saúde no Brasil, baixo em comparação com muitos outros países em condições semelhantes de desenvolvimento (gasta-se mal, mas também se gasta relativamente pouco);","504",NA
"(c) assegurar que a maior parte do dinheiro do SUS fique no sistema público ao invés de ser desviado para os provedores privados,","504",NA
"desvio que multiplica oportunidades para a corrupção;","304",NA
"(d) organizar práticas que vinculem cada família, inclusive cada família de classe média, ao sistema público; e","504",NA
"(f) defender o interesse popular diante dos empresários privados da saúde e da indústria farmacêutica,","504",NA
"quer pela regulamentação mais rigorosa dos planos privados de saúde,","403",NA
"quer pela produção pública de genéricos","413",NA
"e, preferencialmente, o estímulo à produção privada.","401",NA
"As iniciativas (c) e (d) exigem definição mais precisa.","504",NA
"O sistema do SUS foi idealizado para que a maior parte dos recursos ficasse no sistema público.","504",NA
"Os provedores privados receberiam pequena parte dos recursos para exercerem funções subsidiárias.","504",NA
"Ao invés disso, os provedores privados do SUS captam hoje a maior parte do dinheiro público dedicado à saúde.","304",NA
"O resultado é desestruturar a rede pública","504",NA
"e criar facilidades para os corruptos.","304",NA
"A solução é voltar à idéia original do SUS, assegurando que o grosso do dinheiro fique na rede pública e financie sua expansão e melhoria.","504",NA
"Generalizar no país o sistema, já experimentado com êxito em vários Estados ou Municípios, de ligar, aos poucos, cada família à rede pública.","504",NA
"Cada família em cada comunidade deve ter uma equipe médica, chefiada por um clínico geral, designado como seu ponto de contato.","504",NA
"Haverá procedimento rápido em cada lugar da rede pública para providenciar um substituto do médico designado quando faltar ou se mostrar incompatível com o usuário.","504",NA
"A adesão das famílias à rede pública será viabilizada, sempre que possível, por meio de correntes de famílias e associações que sirvam também como elos entre o sistema público e a população local.","504",NA
"Incluir nessas adesões as famílias de classe média, e libertar a classe média do ônus do plano privado de saúde, serão uma das prioridades estratégicas da política de saúde.","504",NA
"Já as famílias mais pobres serão ativamente recrutadas com a participação de agentes comunitários de saúde que também ajudem a difundir as práticas de prevenção.","504",NA
"Em tudo, a política da saúde obedecerá ao princípio do federalismo flexível, usando os colegiados transfederais e os mecanismos de redistribuição de recursos dentro da Federação para socorrer os Estados e os Municípios mais pobres","301",NA
"(Ver a definição desse colegiados no item 7 adiante, iniciativas comuns à saúde e à educação.).",NA,NA
"E assegurará recurso, tanto administrativo quanto judicial, ao cidadão quando esses métodos malograrem.","504",NA
"5. Educação.","H",NA
"As prioridades da política educacional serão a generalização da escola pública de ensino médio,","506",NA
"a reorientação do conteúdo do ensino em todos os níveis para transformá-lo num ensino analítico e capacitador,","506",NA
"o treinamento ou retreinamento do professorado e a construção de um ensino público de qualidade, capaz de atrair a classe média, que passaria a ser fiadora dessa qualidade em proveito de todos.","506",NA
"Preparar bases para consolidar sistema que atribua aos Municípios a responsabilidade pelo ciclo fundamental, aos Estados a responsabilidade pelo segundo ciclo e ao governo federal a responsabilidade pelas universidades.","301",NA
"Contrabalançar essa divisão de competências com a flexibilização do federalismo descrito adiante.","301",NA
"(Ver item 7.)",NA,NA
"Universalizar a escola de ensino médio no prazo de oito anos.","506",NA
"Construção federal de escolas de segundo grau em todas as áreas do país onde haja falta maciça de escolas que os respectivos Estados não tenham como remediar em prazo curto.","506",NA
"Manter e ampliar o Fundef para fortalecer a participação do governo federal","302",NA
"no desenvolvimento da rede de préescolas em todo o país.","506",NA
"Implantar sistema federal de retreinamento de professores do primeiro e segundo ciclos e prepará-los a ministrar um ensino que dê ênfase ao cultivo de capacidades para analisar, desenvolver e usar o conhecimento.","506",NA
"O novo ensino prefere o estudo seletivo e aprofundado de temas e de problemas ao estudo enciclopédico de informações.","506",NA
"E sobrepõe o trabalho ativo e em equipe à assistência passiva e individualizada às aulas.","506",NA
"Criar um fundo federal de complementação salarial para estimular a qualificação do professorado.","506",NA
"Os professores poderão aderir voluntariamente ao programa de qualificação.","506",NA
"Quem obtiver a pontuação exigida, passará a receber imediata e diretamente complementação salarial.","506",NA
"Quem não obtiver será convidado a se matricular num programa de treinamento avançado e, ganha a pontuação, receberá o complemento salarial.","506",NA
"O programa será organizado em estágios progressivos de qualificação e de complementação salarial progressivas.","506",NA
"Acabar com o vestibular.","506",NA
"Substituí-lo por provas federais administradas aos alunos em cada um dos três últimos anos do segundo ciclo.","506",NA
"O estudante concorrerá a um lugar no sistema universitário de acordo com a média das notas obtidas nas provas de cada um desses três anos.","506",NA
"Organizar sistema universitário hierárquico e descentralizado.","301",NA
"Cada universidade federal será uma fundação autônoma.","301",NA
"Haverá algumas grandes universidades com capacidade para estudo avançado e pesquisa, que atrairão os melhores alunos e os pesquisadores mais brilhantes em todos os campos.","506",NA
"Será instituído um sistema de bolsas federais de custeio para permitir que os estudantes que tenham obtido os melhores resultados possam viajar de suas cidades para morar nessas universidades e dedicar-se inteiramente ao estudo.","506",NA
"Implantar programa agressivo de bolsas de estudo avançado no estrangeiro para acelerar a formação de quadros em setores estratégicos do nosso desenvolvimento.","506",NA
"Parte do programa será, porém, reservado aos projetos de estudo apresentados mesmo por quem não estiver envolvido nesses setores.","506",NA
"6. Iniciativas comuns à saúde e à educação.",NA,NA
"-Atrair a classe média ao sistema público de educação e saúde.","704",NA
"Transformá-la em fiadora da qualidade do serviço, em proveito de todos.","704",NA
"Libertá-la do ônus da mensalidade da escola e do plano de saúde.","704",NA
"-Instituir colegiados transfederais que reúnam o governo federal, os Estados e os Municípios em órgãos comuns.","301",NA
"Essas entidades, características de um federalismo flexível, definirão dois mínimos.","301",NA
"O primeiro é o mínimo de investimento agregado dos três níveis da Federação, seja por aluno, seja por usuário do sistema público de saúde.","301",NA
"O segundo é o mínimo de desempenho por unidade escolar (determinado por provas uniformes) ou por unidade de saúde (determinado por avaliação independente).","301",NA
"Os colegiados transfederais intervirão pontual e corretivamente quando qualquer um dos dois mínimos deixar de ser atendido.","303",NA
"Se o problema resultar de falta de capacidade gerencial, o colegiado assumirá a direção da parte falha do sistema, indicando gestores profissionais até ser suprida a falha.","303",NA
"Se o problema resultar de falta insanável de recursos financeiros ou humanos por parte de Estado ou Município mais pobre, o colegiado promoverá a redistribuição de recursos e quadros dos Estados e Municípios mais ricos, de acordo com critérios a negociar.","301",NA
"Tais critérios farão parte de uma repactuação da federação, que abrangerá também a reforma tributária.","000",NA
"-Propor legislação que permita ao cidadão recorrer ao Judiciário na defesa de mínimos de investimento ou desempenho.","202.1",NA
"Regulamentar o mandado de injunção, previsto na Constituição, para servir a esse objetivo.","203",NA
"7. Moradia e terra.","H",NA
"A primeira etapa do programa de moradia são as medidas emergenciais para a regularização da posse da terra nas periferias das grandes cidades.","408",NA
"Essa regularização será acompanhada pela instalação de rede de postos habitacionais para a venda subsidiada de material de construção","402",NA
"e a difusão de técnicas simples de construção.","411",NA
"Para evitar desvios e fraudes","304",NA
"a venda do material de construção será mediada por meio de associações comunitárias credenciadas.","301",NA
"A segunda etapa é o lançamento de um programa maciço de construção de habitações populares, priorizando novamente os bairros pobres das grandes cidades,","504",NA
"com o engajamento das comunidades interessadas no trabalho de construção.","202.1",NA
"A terceira etapa é a organização de um mercado de empréstimos hipotecários, inclusive um mercado secundário em títulos com lastro hipotecário, para iniciar um processo de construção da casa própria em benefício tanto da classe operária quanto da classe média.","504",NA
"O governo federal negociará com a Caixa Econômica Federal e com os bancos privados as iniciativas econômicas e as reformas de lei necessárias para permitir o aprofundamento de um mercado hipotecário.","403",NA
"Para a reforma agrária, ver o item 8 dentro de ""o novo rumo do desenvolvimento"", adiante.",NA,NA
"O NOVO RUMO DO DESENVOLVIMENTO: RECUPERAÇÃO DA CAPACIDADE ESTRATÉGICA DO ESTADO","H",NA
"Preliminar: resguardar, como bases para a reorientação do rumo que propomos, a estabilidade da moeda,","414",NA
"o realismo fiscal","414",NA
"e a integração criteriosa da economia brasileira na economia mundial.","406",NA
"Não permitir, porém, que esses compromissos sirvam de pretexto a uma política que subordine as exigências da produção aos interesses financeiros.","410",NA
"1. O novo regime tributário simplificado.","H",NA
"Os objetivos que deverão nortear a política tributária são (a) simplificar o sistema de impostos,","303",NA
"(b) desonerar a produção, fazendo com que o peso maior da tributação incida sobre o consumo","408",NA
"e (c) criar condições para um regime tributário que seja progressivo na realidade, não apenas no papel, cobrando mais de quem pode mais, sem prejudicar a produção.","503",NA
"As premissas dessa proposta de reforma tributária são duas.","408",NA
"A primeira premissa é que não há em curto prazo como reduzir substancialmente o gasto público embora haja como gastar muito melhor.","303",NA
"A segunda premissa é que também não há em curto prazo como aumentar substancialmente a receita pública, embora haja como tributar de maneira que desonere a produção e estimule o emprego.","410",NA
"O modo sadio de fortalecer a receita pública sem desestimular o emprego e a produção é ampliar a base de contribuintes.","411",NA
"Essa ampliação será uma das conseqüências do êxito em retomar o crescimento na base de políticas e instituições que, ao combinar crescimento com redistribuição de renda, ampliem o consumo de massa.","410",NA
"Como o consumo passa, no regime proposto, a ser a grande base de incidência, o resultado será aumentar a arrecadação pela ampliação da escala, não pelo agravamento da carga.","408",NA
"Com isso, criam-se condições para reduzir a carga nominal imposta aos atuais contribuintes (cerca de 45% do PIB) sem prejudicar o equilíbrio fiscal.","408",NA
"O êxito em trazer para o mundo da legalidade e dos direitos as atividades e os trabalhadores da economia informal reforçará esse resultado.","701",NA
"os trabalhadores da economia informal reforçará esse resultado.","701",NA
"No futuro imediato, a única maneira de desonerar a produção sem deixar de equilibrar as receitas do Estado com suas responsabilidades é dar grande peso a um imposto geral sobre o consumo -o chamado imposto sobre o valor agregado (IVA).","408",NA
"Embora esse imposto só possa ser progressivo dentro dos estritos limites determinados pelo uso de alíquotas seletivas (ver em seguida), ele traz grandes vantagens sociais e econômicas.","503",NA
"Em primeiro lugar, ele mune o Estado de recursos necessários para aumentar o investimento social.","504",NA
"O que se tiver de sacrificar em progressividade do lado da estrutura da arrecadação, ganha-se em dobro pelo efeito redistribuidor do gasto público.","503",NA
"Em segundo lugar, ao substituir todos os impostos e encargos que oneram a folha salarial e recaem em cascata sobre a produção, ele favorece a produção e o emprego.","410",NA
"Em terceiro lugar, ele evita intervenções pontuais que distorcem os preços relativos e prejudicam a eficiência da economia.","401",NA
"O efeito que a tributação do consumo tiver sobre o nível absoluto de preços será relativamente neutro, já que a tributação do consumo será compensada pela desoneração da produção.","408",NA
"Em quarto lugar, ele cria condições para dar peso cada vez maior no futuro a um imposto direto e progressivo sobre o consumo individual: um tributo que incida especialmente sobre o consumo supérfluo ou o alto padrão de vida (imposto Kaldor), gravando, em escala altamente progressiva a diferença entre a renda de cada contribuinte e sua poupança investida.","503",NA
"Com isso, favorece a poupança e o investimento de longo prazo e cerceia a evasão fiscal: para efeitos desse imposto, tributa-se a parte da renda alta que não se poupar e investir legalmente no país.","503",NA
"O que não se demonstrar como investido no país contará como se tiver sido gasto.","503",NA
"Se for gasto acima das necessidades de um padrão de vida de classe média, será tributado a alíquotas altamente progressivas.","503",NA
"Esses princípios gerais serão realizados na prática por meio das seguintes iniciativas de reforma tributária:","503",NA
"Mediar um novo pacto federativo que possibilite a substituição dos ICMS, IPI e ISS, atualmente incidentes sobre a produção e os serviços, por um imposto não cumulativo, gravando diretamente o consumo a alíquotas seletivas.","408",NA
"Esse imposto - o Imposto sobre o Valor Agregado (IVA) - servirá como fonte mais importante da receita.","408",NA
"Reduzir o IR (imposto de renda) sobre os salários das pessoas físicas, substituindo-o gradativamente por uma tributação direta sobre o consumo supérfluo de modo a incentivar a poupança e sua mobilização para o investimento produtivo.","503",NA
"Passar a tributar os ganhos obtidos por brasileiros no exterior através de empresas localizadas em paraísos fiscais, hoje livres de tributação.","503",NA
"-Passar a tributar no âmbito das pessoas físicas os ganhos obtidos por pessoas jurídicas fictícias que existam só para ocultar a realidade da iniciativa e da renda dessas pessoas físicas.","503",NA
"Passar a calcular o IR das empresas globalizadas considerando sua realidade econômica, de modo a identificar e tributar a parcela dos lucros mundiais atribuíveis à pessoa jurídica brasileira sempre que tal parcela exceder os lucros apurados pela forma tradicional.","503",NA
"Reduzir a carga fiscal representada pelas contribuições atualmente cobradas sobre o faturamento bruto e demais receitas (PIS e COFINS), substituindo-as por uma única contribuição incidente sobre o faturamento líquido.","408",NA
"-Substituir o ITR, o IPTU, o IPVA e o ITBI por um imposto sobre a propriedade, a alíquotas progressivas, gravando especialmente o latifúndio improdutivo e o investimento imobiliário especulativo.","503",NA
"-Incrementar a cobrança do imposto sobre heranças e doações, adotando a progressividade das alíquotas e a atualização do valor real das heranças e doações, sem efeito confiscatório.","503",NA
"Assegurar maior autonomia,","302",NA
"aparelhamento tecnológico e outras condições de trabalho para a Receita Federal.","303",NA
"2. O novo regime previdenciário e a mobilização da poupança de longo prazo para o investimento de longo prazo.","H",NA
"Manter a universalidade do sistema previdenciário público.","504",NA
"Não privatizá-lo.","504",NA
"Torná-lo verdadeiramente universal graças à unificação dos mercados formal e informal de trabalho.","504",NA
"Transformar a previdência, ainda pública, em instrumento de elevação da poupança nacional e de mobilização da poupança de longo prazo para o investimento de longo prazo.","408",NA
"Instituir, dentro do sistema público, contas individualizadas de capitalização.","408",NA
"Estabelecer critérios e mecanismos de redistribuição dos vinte por cento de contas previdenciárias mais ricas (pelo critério das pensões anuais que assegurarão) para os vinte por cento das contas mais pobres.","503",NA
"Fazer com que a previdência dos funcionários públicos seja transformada, gradativamente, em complemento da previdência pública, básica e universal.","408",NA
"Esse deve ser o mesmo papel complementar a ser assumido pela previdência privada.","408",NA
"Como norma geral, dedicar parte decrescente do dinheiro da previdência (dois terços, diminuindo até o limite de um terço) para os títulos da dívida pública.","408",NA
"E dedicar parte crescente do dinheiro da previdência (um terço, até o limite de dois terços) para o investimento na produção, inclusive no mercado hipotecário","410",NA
"e no investimento em empreendimentos emergentes.","402",NA
"Propor legislação regulando os fundos de pensão e instituindo regime de fundos independentes, competitivos e com gestão profissional, para receber a parte do dinheiro da previdência que não se destinar ao investimento em títulos da dívida pública.","303",NA
"Criar bases para facilitar a administração privada profissional, independente, competitiva e responsável, de fundos previdenciários públicos.","303",NA
"Será inclusive instituída uma carreira para a administração de tais fundos, com admissão por concurso.","303",NA
"O direito a administrar quantias maiores será determinado pelo êxito demonstrado na gestão de quantias menores, por julgamento de equipes independentes, recrutadas entre especialistas do mercado de capitais.","303",NA
"Os êxitos serão premiados com um fundo de compensação dos gestores privados, que será debitado quando o gestor sofrer perdas.","408",NA
"Parte dos fundos será dirigida para o investimento em empreendimentos emergentes, visando, sempre que possível, a abertura posterior para o mercado acionário.","402",NA
"3. O mercado de capitais.","H",NA
"A reforma da previdência será acompanhada por medidas destinadas a fortalecer a proteção dos acionistas minoritários","403",NA
"e a instituir no país um verdadeiro mercado no controle acionário das empresas.","414",NA
"Serão circunscritos os instrumentos, como o acordo de acionistas ou as participações hierárquicas de empresas em outras, que limitem os direitos ou prejudiquem os interesses de acionistas minoritários.","403",NA
"O governo trabalhará com as instituições financeiras privadas para organizar o investimento em empreendimentos emergentes (""venture capital"").","402",NA
"O princípio será sempre iniciativa privada quando possível e iniciativa pública quando necessária.","403",NA
"Mesmo a iniciativa pública, porém, preferirá a terceirização em favor de administradores privados profissionais, por meio do mecanismo anteriormente descrito.","403",NA
"4. A administração das dívidas e a baixa dos juros.","H",NA
"-Reconhecer que não há condições para o crescimento sustentável enquanto o juro real que o governo paga pelos títulos de sua dívida for maior do que a taxa média de retorno dos negócios produtivos (as empresas não financeiras e as empresas que não tenham, como concessionárias, seus lucros assegurados pelo governo).","410",NA
"Tal pagamento representa, em substância, um imposto que quem trabalha ou produz paga a quem dá dinheiro emprestado ao Estado.","410",NA
"O governo acaba virando apenas o intermediário da operação.","410",NA
"É um regime insustentável tanto para os produtores quanto para o próprio Estado.","410",NA
"O atual governo vem acrescentando ao montante da dívida interna a maior parte do que deve como juros e, adiando, calamitosamente, o dia do acerto.","410",NA
"A retomada do crescimento é a solução básica.","410",NA
"Mas o juro maior do que a taxa média de retorno dos negócios sufoca o crescimento, porque nega crédito viável tanto ao produtor quanto ao consumidor.","410",NA
"Esse é o círculo vicioso que temos de quebrar.","410",NA
"O círculo vicioso contribui para uma realidade antiprodutiva.","410",NA
"Na hierarquia das facilidades de lucro, as organizações financeiras estão em cima, as concessionárias, com lucro garantido pelo governo em seguida, e os produtores -da indústria, da agricultura e dos serviços -em baixo.","410",NA
"São os produtores e os trabalhadores, porém, que devem ser os grandes beneficiários do novo rumo do desenvolvimento.","410",NA
"A saída não é dar calote, nem desrespeitar de qualquer outra maneira os contratos da dívida.","410",NA
"É criar condições práticas para estabelecer regime de realismo e de responsabilidade - sobretudo responsabilidade para com os trabalhadores e os produtores -na administração da dívida pública.","410",NA
"Há pouco espaço quer para diminuir o agregado da despesa pública (embora haja muito espaço para gastar melhor) quer para aumentar o agregado da carga tributária (embora haja muito espaço para optar por um regime tributário que desonere a produção).","410",NA
"A criação das condições necessárias para a baixa dos juros dentro da normalidade contratual e das regras de mercado passa pela reformas tributária e previdenciária antes referidas e pelas seguintes iniciativas.","410",NA
"-Aprofundar a política atual de alongamento dos prazos da dívida interna.","410",NA
"-Insistir em que o Banco Central equilibre o compromisso com a estabilidade da moeda","414",NA
"e o compromisso com o crescimento econômico: os riscos da inflação e os riscos da recessão e do desemprego.","410",NA
"-Aproveitar cada avanço na reforma tributária e previdenciária e no encaminhamento da poupança de longo prazo ao investimento de longo prazo, para conseguir baixar os juros pagos pelo governo e portanto, pelos produtores prazo ao investimento de longo prazo, para conseguir baixar os juros pagos pelo governo e, portanto, pelos produtores e consumidores.","410",NA
"-Não admitir, direta ou indiretamente, responsabilidade pública pelo pagamento da parte amplamente majoritária da dívida externa que é privada.","408",NA
"5. O serviço público.","H",NA
"O Estado precisa dos recursos técnicos, financeiros e humanos necessários para recuperar seu papel estratégico.","303",NA
"Organizar serviço público com quadros de elite, altamente qualificados e recompensados, recrutados por concurso, tanto em meio quanto em início de carreira.","303",NA
"Usar o Orçamento Discriminado de Recursos Humanos para reorganizar profundamente o aparato do Estado, fazendo com que o recrutamento, a formação e a colocação dos recursos humanos guarde relação estrita com as necessidades da administração pública e da população.","303",NA
"Dentro do serviço público, serão criadas novas carreiras administrativas de ponta.","411",NA
"A Escola Nacional de Administração Pública será reformada, desenvolvida e desdobrada em especializações para participar da criação dessas carreiras.","411",NA
"Dotar o Estado dos recursos técnicos, financeiros e humanos necessários para recuperar e desenvolver seu papel estratégico.","303",NA
"Propor legislação disciplinando os ""lobbies"" para reconhecer sua atuação, torná-los transparentes e impor-lhes limites.","304",NA
"6. Banco Central.","H",NA
"Respeitar margem ampla de autonomia operacional do Banco Central sem perder o princípio da responsabilidade política.","414",NA
"Reconhecer que o Banco Central tem servido à primazia dos interesses financeiros sobre os interesses produtivos.","410",NA
"Não permitir que continue a fazê-lo.","410",NA
"Rever o sistema de ""metas inflacionárias"" para assegurar que o compromisso com o crescimento pese ao lado do crescimento","410",NA
"com a estabilidade da moeda.","414",NA
"-Manter o regime do câmbio flutuante verdadeiro","414",NA
"e rejeitar qualquer responsabilidade pública pelo risco cambial das empresas.","401",NA
"7. Política industrial sem dirigismo.","H",NA
"Formular políticas industriais entendidas como conjunto de formas de parceria descentralizada entre o governo e as empresas.","402",NA
"Toda a ajuda pública oferecida no contexto dessas parcerias deve subordinar-se a quatro critérios: (a) regras impessoais e padrões de desempenho;","402",NA
"(b) ênfase na ampliação do acesso ao crédito, à tecnologia e aos mercados","403",NA
"e no desenvolvimento de redes de concorrência cooperativa mais do que na distribuição de subsídios;","402",NA
"(c) insistência em ter como contrapartida da ajuda às empresas existentes a facilitação da entrada de novas empresas e novos agentes no mercado;","403",NA
"(d) aceitação pelo governo federal de sua responsabilidade para quebrar pontos de estrangulamento do nosso crescimento,","410",NA
"como a base de energia e transporte e a formação de recursos humanos.","411",NA
"A política industrial será reforçada por política de comércio exterior que assegure ao produtor brasileiro melhores condições para competir e ajude a corrigir o desequilíbrio das nossas contas externas,","403",NA
"evitando que ele interrompa o crescimento da nossa economia.","410",NA
"(a) Dois critérios impessoais determinarão o nível de proteção tarifária","406",NA
"ou de alívio tributário concedido às empresas de cada setor.","402",NA
"O primeiro critério será a garantia de condições mais equânimes para competir.","402",NA
"Análise da estrutura de custos das empresas que produzam para o mercado doméstico determinará, setor por setor, em que medida a desvantagem para competir com as importações deva ser imputada aos ônus da política macroeconômica, sobretudo da política de juros.","402",NA
"Para efeitos dessa análise, as empresas brasileiras mais eficientes serão comparadas com as empresas que, em nível internacional, representem padrão de eficiência no setor (o ""benchmarking"" internacional).","402",NA
"Para restaurar as condições de concorrência, o produtor receberá um nível de proteção tarifária","406",NA
"ou de benefício tributário correspondente aos custos adicionais que lhe sejam impostos pela política macroeconômica .","402",NA
"A ajuda tarifária","406",NA
"ou tributária será temporária e declinante, de acordo com o avanço obtido na mudança das condições macroeconômicas.","401",NA
"O exportador também será assistido com um benefício tributário, definido, em grau e em prazo, de acordo com o mesmo critério de compensação pelos custos exorbitantes impostos pela condução da política macroeconômica.","406",NA
"(b) O segundo critério da ajuda tarifária","406",NA
"ou tributária ao produtor para o mercado interno,","402",NA
"ou da ajuda tributária para o exportador, será uma análise do que precisamos fazer para corrigir o desequilíbrio das nossas contas externas.","406",NA
"A regra orientadora será o potencial que tenha o setor beneficiado para substituir importações","406",NA
"ou aumentar o valor das exportações.","402",NA
"(Ver item 10 adiante.)",NA,NA
"(c) Tanto a ajuda tarifária","406",NA
"quanto a ajuda tributária serão sempre definidas de acordo com esses dois critérios impessoais -o da compensação competitiva e o da superação do desequilíbrio externo -para a cadeia produtiva de cada setor da economia,","402",NA
"em prazo temporário e em escala declinante.","401",NA
"(d) A condução dessa política de compensação competitiva e de reequilíbrio externo terá de ocorrer nos limites impostos pelas obrigações internacionais do país.","107",NA
"Lutaremos, porém, por aquelas revisões dos acordos bilaterais, regionais e mundiais que assegurem condições para uma concorrência mais equânime","407",NA
"e mais aberta aos países e às empresas emergentes.","406",NA
"(e) A análise da estrutura de custos típica de cada setor da produção e da exportação servirá como oportunidade para identificar os pontos em que o Estado mais tenha de intervir para acelerar a formação de recursos humanos,","411",NA
"facilitar a importação e o desenvolvimento de novas tecnologias,","411",NA
"ou remover outros obstáculos ao crescimento","410",NA
"e à inovação.","402",NA
"Defender ou permitir, dentro das limitações da lei, a formação de grandes empresas privadas, inclusive por fusões e aquisições, para assegurar ao país empreendimentos de grande escala.","401",NA
"Ao mesmo tempo, aprofundar como contrapartida à formação de empresas de grande escala a concorrência doméstica e internacional","401",NA
"e a legislação antitruste, garantidora da concorrência.","403",NA
"8. Política Agrícola e Reforma Agrária.","H",NA
"Política agrícola e reforma agrária devem ser dois lados do mesmo compromisso.","703.1",NA
"Propomos política agrícola que democratize em favor do agricultor, que continua fora do mundo dos grandes agronegócios, o acesso ao crédito, à tecnologia e aos mercados e reforma agrária que assegure aos assentados condições efetivas para produzir e prosperar.","403",NA
"Muito do problema da agricultura brasileira, sobretudo diante de um quadro de restrições à entrada dos nossos produtos nos mercados dos países ricos,","407",NA
"está no fortalecimento do poder aquisitivo interno.","410",NA
"Por isso, as soluções têm de vir também da política geral de crescimento, salário e emprego, não apenas de políticas específicas para a agricultura.","410",NA
"A agricultura deve continuar a ser uma das forças propulsoras do desenvolvimento brasileiro, não setor relegado à margem das preocupações nacionais.","703.1",NA
"Nosso compromisso central para a agricultura é a expressão na agricultura da democratização do mercado que queremos promover em todos os setores da economia.","503",NA
"Na agricultura, esse compromisso significa lutar para superar pouco a pouco a divisão entre um setor de grandes agronegócios e um vasto mundo de pequeno lavradores, com ou sem terra, abandonados ao próprio destino e desprovidos das condições básicas para trabalhar.","503",NA
"Rejeitando contrastes artificiais entre o fortalecimento da oferta agrícola e o aumento da demanda pelos produtos agrários, trabalharemos dos dois lados, para ampliar os limites tanto da oferta quanto da demanda.","703.1",NA
"Para isso, lançaremos mão de todo um conjunto de iniciativas encadeadas.","410",NA
"(a) Desenvolver estoques estratégicos que viabilizem intervenções pontuais nos mercados ""spot"" (presente) e futuros","412",NA
"e ajudem a assegurar a segurança alimentar.","504",NA
"Um programa de segurança alimentar por meio da compra e distribuição onerosa ou gratuita de produtos agrícolas de primeira necessidade pelo governo federal.","504",NA
"Terá dois objetivos: banir a fome","504",NA
"e estabilizar os preços,","412",NA
"sobretudo em proveito dos agricultores de porte familiar na safra","503",NA
"e do consumidor em geral na entressafra.","403",NA
"(b) Instituir rede de centros federais, especializados nos problemas de cada setor, para identificar as tecnologias, as práticas e as sementes ou outros insumos mais promissores, tanto no Brasil quanto no estrangeiro, e difundi-los.","411",NA
"Desenvolver os centros existentes, sejam gerais como a Embrapa, ou especializados como a Ceplac.","411",NA
"(c) Contribuir para a expansão de uma agricultura moderna, de alto valor agregado, de porte familiar, em regiões próprias para esse padrão de lavoura em todo o país,","410",NA
"e estimular a formação de redes de concorrência cooperativa entre os agricultores (concorrência e cooperação ao mesmo tempo).","703.1",NA
"A reforma agrária será concebida e executada de maneira a favorecer esse objetivo.","410",NA
"(d) Trabalhar tanto com os bancos públicos quanto com os bancos privados para ampliar o crédito agrícola descentralizado a juros acessíveis.","703.1",NA
"(e) Consolidar a posição mundial do Brasil como produtor de cereais e de carne, utilizando para isso o sistema dos estoques estratégicos","410",NA
"e a atuação dos centros federais de apoio.","411",NA
"No lugar de regime tradicional de preços mínimos, potencialmente ruinoso para o Governo e facilmente capturado pelas grandes empresas agrícolas,","403",NA
"desenvolver, em favor dos pequenos e médios agricultores, sistema de seguro (""hedge"") contra as violentas flutuações de preço dos produtos do campo.","504",NA
"Esse seguro será vendido a preço de custo pelos bancos públicos, fortalecidos em sua presença no meio rural, àqueles setores que não tiverem acesso ao seguro privado.","504",NA
"E será obrigatório tanto para os trabalhadores que virarem proprietários e produtores por adesão ao programa da reforma agrária (descrita em seguida) quanto para os pequenos e médios agricultores que recebam outros benefícios da política agrária (enumerados acima).","504",NA
"A disponibilidade desse seguro público será gradativamente reduzida à medida que a rede privada de crédito e de seguro agrário se tornar mais densa e a agricultura de porte familiar mais próspera.","505",NA
"-A reforma agrária será conduzida ao mesmo tempo como parte integrante do novo padrão de desenvolvimento","410",NA
"e como instrumento de combate ao desemprego, à pobreza e à urbanização desordenada.","503",NA
"Os assentamentos serão realizados em áreas férteis.","703.1",NA
"E serão organizados por um princípio de adesão voluntária que ajude a prestigiar, a fortalecer ou, mesmo em algumas regiões, a provocar a organização das comunidades rurais","606.1",NA
"e das associações e sindicatos de pequenos agricultores","703.1",NA
"e trabalhadores rurais.","701",NA
"A distribuição da terra será normalmente facultada pela expropriação compensada nos termos da Constituição.","203",NA
"Será precedida da complementação necessária da rede de transporte, saúde e educação.","411",NA
"E estará sempre estreitamente vinculada à organização do apoio tecnológico, creditício e comercial,","408",NA
"que será privado quando possível e público quando necessário.","401",NA
"O objetivo social será a transformação de um proletariado de lavradores sem terra numa classe média agrária.","703.1",NA
"9. A democratização do acesso ao crédito, à tecnologia e ao conhecimento.","H",NA
"- Construir a partir dos bancos oficiais, das entidades públicas de fomento e do Sebrae uma política de democratização das oportunidades da produção calcada na atuação de três conjuntos distintos de entidades.","503",NA
"- (a) Entidades de financiamento, que devem incluir fundos públicos (porém administrados de maneira profissional, independente e competitiva)","303",NA
"que recebam poupança previdenciária e a invistam em empreendimentos emergentes;","402",NA
"- (b) entidades técnicas de apoio tecnológico e informativo que identifiquem as melhores práticas e as inovações mais promissoras em cada cadeia produtiva e ajudem a promovê-las e propagá-las;","411",NA
"(c) apoio à formação de redes de concorrência cooperativa entre as pequenas e médias empresas.","403",NA
"Tais empresas farão mutirão de certos recursos ao mesmo tempo em que continuarão a competir entre si.","403",NA
"Com isso, alcançarão economias de escala sem sacrificar a flexibilidade estratégica.","403",NA
"A política de descentralização do acesso às oportunidades e aos recursos da produção, calcada na atuação conjunta desses três tipos de entidades, não hesitará em recorrer à ação do Estado.","401",NA
"A iniciativa pública, porém, será sempre supletiva e estimuladora da ação privada.","401",NA
"E será operada tanto quanto possível através de centros e fundos administrados de maneira independente, profissional e competitiva.","303",NA
"O objetivo será redirecionar a ênfase do apoio público da ajuda aos agentes econômicos existentes e às formas estabelecidas da produção para a facilitação da entrada de novos agentes no mercado","402",NA
"e para a criação de novas formas de produção.","410",NA
"Fazer do Brasil um país de inovadores será a preocupação central.","410",NA
"10. Promoção de exportações e substituição de importações.","H",NA
"Tratar a promoção das exportações e a substituição de importações (aprofundamento do mercado interno) como estratégias complementares, não contrastantes.","410",NA
"Estabelecer ligação estreita entre a estratégia do país nas negociações regionais e globais das regras do comércio","107",NA
"e a estratégia interna de democratização das oportunidades e das capacitações.","503",NA
"Dar, portanto, prioridade às pequenas e médias empresas na constituição de cadeias produtivas com potencial exportador.","403",NA
"Promover em todos os tipos de entidade de fomento, descritos no item (9) acima, a preocupação exportadora.","410",NA
"Desenvolver política de comércio internacional que rejeite solução única -seja Mercosul, Alca ou Comunidade Européia -","110",NA
"e que se alie aos outros grandes países continentais periféricos para reformar a ordem econômica internacional.","107",NA
"(Ver ""O Brasil no mundo"" adiante.)",NA,NA
"Definir ajuda tributária","402",NA
"ou tarifária a cada setor,","406",NA
"sempre em prazo temporário e em escala declinante, de acordo com os dois critérios impessoais de garantia de condições para competir e de correção do desequilíbrio das contas externas, propostos anteriormente.","401",NA
"(Ver item 7, ""Política industrial sem dirigismo"".)",NA,NA
"Identificar setores específicos, como por exemplo o de eletroeletrônicos e de petroquímica, que exijam salto na substituição de importações","406",NA
"tanto para melhorar a balança comercial e o déficit em conta corrente","414",NA
"quanto para levar adiante nossas estratégias nacionais de desenvolvimento.","410",NA
"Usar os poderes do Estado para quebrar gargalos e ajudar a suprir faltas nesses setores.","403",NA
"Abrir no BNDES uma linha de financiamento especial para a substituição de importações.","406",NA
"E tratar as proteções tarifárias como instrumentos localizados e temporários dessas estratégias, sujeitas aos mesmo quatro princípios que governarão as políticas industriais.","401",NA
"(Ver item 7, ""Política industrial sem dirigismo"".)",NA,NA
"11. A recuperação da base de energia e transporte.","H",NA
"EM ELABORAÇÃO.","H",NA
"12. Uma vanguarda tecnológica e seus vínculos com o resto da economia.","H",NA
"Implantar rede federal de centros para promover projetos-piloto de inovação e adaptação tecnológica, em parceria coma iniciativa privada, com as universidades","411",NA
"e com instituições estrangeiras semelhantes, sobretudo da Índia e da China.","107",NA
"-Identificar, por meio desses mesmos centros, as experiências e inovações locais mais bem sucedidas para poder difundi-las.","411",NA
"Investir nas bolsas para a continuação do estudo científico e técnico nas universidades estrangeiras mais avançadas.","411",NA
"Facilitar e financiar os estágios em empresas no estrangeiro","411",NA
"e tornar a organização de tais estágios objeto de negociação com as empresas multinacionais que atuem ou queiram atuar no Brasil.","406",NA
"JUSTIÇA PARA OS BRASILEIROS","H",NA
"1. Cobrança de ética dos governantes e responsabilização dos corruptos.","H",NA
"Fortalecer o direito do cidadão de obter informações sobre o uso dos recursos públicos em todos os níveis da Federação, inclusive através da Internet,","304",NA
"e não permitir, exceto em poucos e raros casos de segurança nacional, que recursos públicos possam ser empenhados ou gastos sem publicação imediata do fato -e dos pagadores e recipientes do dinheiro -na internet.","304",NA
"Assegurar ao cidadão acesso a todas as informações em mãos de autoridades públicas que lhe digam respeito.","304",NA
"Instituir um departamento especial do Ministério Público ao qual possa o cidadão recorrer para denunciar atos ou suspeitas de corrupção.","304",NA
"Propor o instituto de ""recall"", que permita aos eleitores, colhidas as assinaturas de certa parte do eleitorado, revogar o mandato do eleito, seja parlamentar ou executivo, e eleger outro mandatário.","204",NA
"2. Justiça rápida e acessível.","H",NA
"Financiar grande expansão do Judiciário federal, em consulta com os juízes federais,","202.1",NA
"e apoiar os Estados, sobretudo os mais pobres, no esforço de expandir seus judiciários.","301",NA
"Triplicar em quatro anos o quadro de efetivos da polícia federal.","605.1",NA
"(Ver item 3 sobre “Os problemas do dia-a-dia”.)",NA,NA
"Implantar, em colaboração com a Defensoria Pública, o Ministério Público e a Ordem dos Advogados, centros de assistência jurídica popular em todo o país, para fortalecer a capacidade popular de conhecer e reivindicar os direitos.","201.2",NA
"Desenvolver e financiar a justiça de pequenas causas.","202.1",NA
"Propor reformas que agilizem tanto o processo civil quanto o processo penal.","303",NA
"Patrocinar junto ao Supremo Tribunal Federal e ao Congresso Nacional iniciativas que revigorem o mandado de injunção como instrumento para a defesa dos direitos sociais e que fortaleçam outros meios para a defesa dos direitos coletivos e difusos.","201.2",NA
"Defender e provocar discussão pública ampla sobre as nomeações para os tribunais superiores federais, sobretudo o STF.","202.1",NA
"Substituir a idéia do controle externo do Judiciário pelo esforço para provocar discussão nacional em torno de cada nomeação para os tribunais superiores: verdadeiro controle social próprio de um país em que o Judiciário, como agente de mudança, atrai a atenção da sociedade e é por ela avaliado.","202.1",NA
"3. A flexibilização do federalismo para garantir os mínimos sociais.","H",NA
"Ver sobre “Os problemas do dia-a-dia”, o item 7, ""Iniciativas comuns à saúde e à educação"", acima.",NA,NA
"4. A desigualdade dentro da Federação.","H",NA
"-Privilegiar como meios para diminuir as desigualdades dentro da Federação o investimento federal direto, ou o apoio federal aos investimentos dos Estados,","503",NA
"em infra-estrutura produtiva (estradas e portos, geração e distribuição de energia, recursos hídricos, comunicação)","411",NA
"e em recursos humanos.","506",NA
"O investimento em recursos humanos abrangerá: (a) apoio às responsabilidades dos Estados e Municípios no ensino de primeiro e segundo ciclos, inclusive através dos colegiados transfederais propostos antes;","506",NA
"(b) desenvolvimento de centros de pesquisa e tecnologia regionais, existentes ou novos,","411",NA
"e adaptação de práticas e tecnologias apropriadas já iniciadas por outros países continentais em desenvolvimento, como a China e a Índia;","107",NA
"(c) formação federal de técnicos em áreas críticas como irrigação ou agricultura tropical","411",NA
"e organização de equipes itinerantes para a difusão das melhores práticas e inovações.","411",NA
"Organizar o investimento direto, tanto em infraestrutura produtiva quanto em recursos humanos, por meio de forças tarefa.","503",NA
"Essas forças-tarefa serão semelhantes aos colegiados transfederais da política social: associarão o governo federal com representantes dos Estados e dos Municípios.","503",NA
"E substituirão os órgãos tradicionais de desenvolvimento regional.","503",NA
"Financiar o trabalho dessas forças-tarefas por fundos especiais de redistribuição, formados com participação conjunta do governo federal e dos Estados mais ricos.","503",NA
"Esses fundos suplementarão, em proveito dos Estados mais pobres, os fundos de política social (educação e saúde) administrados pelos colegiados transfederais anteriormente descritos.","503",NA
"Serão semelhantes em sua concepção aos ""fundos estruturais"" com que a Comunidade Européia viabilizou a diminuição das desigualdades nacionais dentro da Europa.","503",NA
"E deverão ser usados, de maneira geral, de acordo com o princípio de investimento pública per capita inversamente proporcional à renda per capita de cada comunidade ou microrregião.","503",NA
"Reconhecer no desenvolvimento dessa política de diminuição das desigualdades dentro da Federação a especificidade de cada região e microrregião.","503",NA
"Assim, a Amazônia requer uma política diferençada que distinga entre áreas marcadas para a agropecuária,","703.1",NA
"para as atividades extrativas vinculadas à biotecnologia, para o papel e celulose","410",NA
"e para parques e reservas.","501",NA
"Já o Nordeste exige investimento na base humana e produtiva necessária à criação de complexos de atividades produtivas","410",NA
"que abranjam tanto a agricultura irrigada de alto valor agregado","703.1",NA
"quanto a diversificação dos empreendimentos industriais,","410",NA
"ambos capazes de combinar mais emprego com salário maior.","701",NA
"E o Centro-Oeste necessita de uma política de ocupação da terra e de uso dos recursos naturais que facilitem a implantação de empreendimentos de grande escala.","703.1",NA
"Promover a descentralização das instituições de crédito em todo o país:","301",NA
"de forma mais urgente, nas regiões mais pobres.","503",NA
"Sempre que possível pela facilitação da implantação de instituições privadas.","401",NA
"Sempre que necessário, pela ampliação das redes descentralizadas de bancos públicos de fomento.","410",NA
"Dar papel decrescente aos subsídios e aos incentivos fiscais como instrumentos para a correção dos desequilíbrios regionais.","503",NA
"5. Redução dos bolsões de pobreza.","H",NA
"Sistematizar, aprofundar","504",NA
"e, quando necessário, federalizar","302",NA
"os programas existentes destinados aos grandes bolsões de pobreza no país: os moradores das periferias das grandes cidades e os habitantes das zonas rurais.","503",NA
"Nos bairros pobres das grandes cidades, começar com a regularização da posse da terra,","408",NA
"acompanhada da instalação de postos habitacionais que vendam material subsidiado de construção","504",NA
"e orientem as populações nas técnicas populares de construção.","411",NA
"Passar em seguida para os programas de construção de habitações populares com a participação das comunidades.","504",NA
"(Ver sobre ""Os problemas do dia-a-dia"" o item 8, ""Terra e moradia"".)",NA,NA
"Nas zonas rurais, combinar a generalização da aposentadoria rural","703.1",NA
"com a reforma agrária orientada que amplie em favor dos agricultores de porte familiar o acesso ao crédito, à tecnologia e aos mercados.","403",NA
"(Ver em ""Novo rumo do desenvolvimento brasileiro"" o item 8, ""Política agrícola e reforma agrária"".)",NA,NA
"6. A população negra.","H",NA
"Tratar a opressão dos negros no Brasil como problema que embora indissociável da pobreza não se reduz à pobreza.","503",NA
"Rejeitar as soluções tipo ""cotas"" que na prática (como nos Estados Unidos) permitem a uma elite dentro do grupo protegido capturar a maior parte das vantagens concedidas.","503",NA
"Insistir na criminalização das práticas de discriminação racial individualizada.","503",NA
"-Levar em conta, no direcionamento dos programas destinados aos grandes bolsões de pobreza, a distribuição geográfica das populações negras.","503",NA
"(Ver item 3, anterior.)",NA,NA
"Desenvolver programas federais para a identificação dos talentos dentro da infância e da juventude negras e conceder-lhes bolsas para completar o ensino nos três ciclos e continuá-lo, quando apropriado, no estrangeiro.","503",NA
"e conceder-lhes bolsas para completar o ensino nos três ciclos e continuá-lo, quando apropriado, no estrangeiro.","506",NA
"7. A mulher.","H",NA
"7. A mulher.","H",NA
"Preferir orientação semelhante na correção das injustiças e das desvantagens de que sofre a mulher brasileira: punir e corrigir as práticas de discriminação individualizada,","503",NA
"mas priorizar os programas destinados às mulheres pobres.","503",NA
"Dirigir o esforço maior às mulheres que, sozinhas ou assistidas por companheiros instáveis, conduzem quase metade das famílias operárias no país.","503",NA
"A ajuda deve abranger quatro tipos de programas, cada um deles executados pelos Estados, com apoio federal e supervisão transfederal, quando possível ou diretamente pelos colegiados transfederais, quando necessário.","301",NA
"(a) Complementação alimentar e apoio médico ligado à rede de pré-escolas e de agentes comunitários de saúde.","504",NA
"(b) Atenção especial ou prioridade por parte dos postos habitacionais e na reforma agrária.","503",NA
"(c) Programas especiais para complementação da educação de mães solteiras ou sós.","506",NA
"(d) Centros de assistência jurídica popular para fortalecer a capacidade de conhecer e reivindicar os direitos.","201.2",NA
"8. Serviço social.","H",NA
"Lançar bases para complementar o serviço militar por um serviço social.","606.1",NA
"O jovem universitário que não puder ser aproveitado para o serviço militar dedicará o equivalente a um semestre do curso universitário a um serviço social de tempo integral.","606.1",NA
"O serviço social porá o jovem em contato com brasileiros carentes, inclusive de outras regiões do país.","606.1",NA
"E sempre que possível será desempenhado num setor ligado àquele em que o jovem se estiver formando: por exemplo, saúde pública, assistência jurídica, construção civil e ensino de adultos.","506",NA
"Complementar o serviço social obrigatório dos jovens com um serviço social voluntário (pago modestamente) para os aposentados que possam ser aproveitados em tarefas sociais, sobretudo no cuidado das crianças em idade pré-escolar e das crianças em idade escolar nos períodos de recreio após as aulas.","606.1",NA
"Ao mesmo tempo, engajar os jovens que estejam matriculados no serviço social obrigatório na responsabilidade de ajudar a cuidar dos idosos.","606.1",NA
"A NATUREZA E A CULTURA BRASILEIRAS: AFIRMAÇÃO DA IDENTIDADE NACIONAL","H",NA
"1. Proteção da Natureza (EM ELABORAÇÃO).","H",NA
"Desenvolver política de proteção ambiental que guarde relação íntima com o novo padrão do desenvolvimento brasileiro.","501",NA
"(a) Desenvolver um sistema de parques nacionais","501",NA
"e estimular, com apoio público, tanto de infra-estrutura quanto de financiamento, a expansão do turismo nacional de massa.","502",NA
"Com isso, amplia-se o acesso dos brasileiros às maravilhas naturais do país,","502",NA
"fortalece-se a base social de apoio à política de proteção ambiental","501",NA
"e estimula-se uma atividade multiplicadora de empregos.","410",NA
"(b) Fora das áreas amplas e variadas dos parques nacionais, promover tecnologias e práticas produtivas, sobretudo de porte familiar, que ajudem a preservar o ambiente.","501",NA
"(c) Orientar a reforma agrária para permitir a ocupação ordenada e regulada das fronteiras agrárias,","703.1",NA
"evitando o desmatamento desregrado","501",NA
"e promovendo grandes iniciativas federais de reflorestamento.","501",NA
"(d) Fundar e desenvolver rede de instituições federais de pesquisa dedicadas a elaborar tecnologias apropriadas","411",NA
"à reconciliação do desenvolvimento com a preservação do ambiente.","416.2",NA
"(e) Insistir em que os mega-parques de interesse mundial, especialmente na Amazônia,","501",NA
"contem também com financiamento mundial.","107",NA
"2. Cultura (EM ELABORAÇÃO).","H",NA
"2. Cultura (EM ELABORAÇÃO).","H",NA
"Deslocar o enfoque da política cultural da distribuição de subsídios a pequenos grupos de privilegiados para o apoio:","503",NA
"(a) à pesquisa avançada em todos os setores do pensamento e da ciência;","411",NA
"(b) às festas e aos eventos da cultura popular;","502",NA
"(d) a difusão para povo em geral, através de festivais e equipes itinerantes, da grande arte universal","502",NA
"e (e) à busca ativa dos jovens talentos, sobretudo entre as crianças pobres,","503",NA
"e a concessão a eles de bolsas amplas de custeio para educação e experimentação em todos os níveis, inclusive no estrangeiro.","506",NA
"Garantir a predominância da programação de conteúdo nacional nos meios de comunicação de massa, sobretudo na televisão.","502",NA
"Promover, através de instituição federal própria, a formação de quadros técnicos nas indústrias de comunicação e entretenimento.","411",NA
"E organizar, ora através dos bancos públicos, ora em parceria com instituições financeiras privadas, o financiamento em empreendimentos emergentes nesse setor.","411",NA
"Definir como objetivos tanto o fortalecimento quanto a descentralização da capacidade nacional de produção.","408",NA
"Aprofundar a despolitização das concessões de canais de rádio e televisão.","302",NA
"Responsabilizar por elas a agência reguladora, reforçada tanto em sua autonomia quanto em sua representatividade.","403",NA
"E engajar o Ministério Público no fortalecimento desse regime e no seu resguardo contra a influência das grandes empresas de comunicação.","403",NA
"REFORMA DA POLÍTICA: APROFUNDAMENTO DA DEMOCRACIA","H",NA
"1. Financiamento público das campanhas eleitorais.","H",NA
"Enfraquecer a influência do dinheiro na política instituindo o financiamento público das campanhas","304",NA
"por critério intermediário entre a igualdade aritmética e a proporcionalidade à representação.","202.1",NA
"(E simultaneamente à construção de um regime de partidos fortes, conforme o item 2 abaixo).","202.1",NA
"Permitir o financiamento privado realista e regulado, complementar ao financiamento público, obedecidas duas limitações principais:","202.1",NA
"(a) limites para as contribuições, tanto nos montantes individuais quanto no agregado e","304",NA
"(b) transparência, com publicação dos nomes de contribuintes e das quantias contribuídas.","202.1",NA
"Agravar a punição do uso ilegal do dinheiro privado.","304",NA
"2. Construção de regime de partidos políticos fortes.","H",NA
"Propor reforma que caminhe em direção ao sistema de listas fechadas: o eleitor vota em partido, não em candidato, nas eleições legislativas e tem de lutar por democracia dentro dos partidos.","204",NA
"Os partidos indicam pela ordem, na lista, suas prioridades de candidato.","204",NA
"Tratar a formação de regime de partidos políticos fortes como preliminar indispensável a qualquer possibilidade de mudar a forma de governo, seja ou não pela adoção do parlamentarismo.","204",NA
"3. Introduzir dentro da democracia representativa elementos cada vez mais fortes de democracia participativa e direta.","H",NA
"Dentro do esforço de reformar e parlamentarizar o regime presidencial,","204",NA
"dar eficácia à previsão constitucional","203",NA
"de plebiscitos e referendos.","202.4",NA
"Os plebiscitos e os referendos devem ser realizados de comum acordo entre o Presidente e o Congresso, e convocados por este, para romper os grandes impasses programáticos por meio do engajamento direto do eleitorado.","202.4",NA
"Ainda como maneira de dotar o regime presidencial de mecanismos para a resolução de impasses, parlamentarizando-o,","204",NA
"propor que tanto o Presidente quanto o Congresso possam unilateralmente convocar eleições antecipadas para os dois poderes, quer diante de um impasse programático ou legislativo abrangente e persistente quer em resposta à desintegração de uma base partidária capaz de sustentar um projeto forte de governo.","204",NA
"-Engajar as populações na formulação e na implementação local dos programas sociais.","202.1",NA
"Cuidar, porém, para que a participação não permita a lideranças ou a interesses corporativistas exercer influência desmesurada sobre as políticas públicas em nome de uma representatividade de que carecem.","202.1",NA
"O BRASIL NO MUNDO: INTEGRAÇÃO ATIVA","H",NA
"1. A política externa e a democracia brasileira.","H",NA
"Entender o novo projeto externo como expressão do novo projeto interno do país.","107",NA
"Orientar, portanto, esse projeto externo para a integração ativa no mundo, rejeitando tanto o isolamento quanto a integração passiva.","107",NA
"Trazer a formulação da política externa para o centro do debate nacional, convidando as organizações da sociedade civil e do empresariado a se engajar nessa formulação.","202.1",NA
"Tornar a composição da carreira diplomática mais representativa do país, em todas suas classes e regiões.","202.1",NA
"Usar, para tanto, o recrutamento ativo e as bolsas preparatórias de custeio.","202.1",NA
"O Ministério das Relações Exteriores manterá sob sua responsabilidade a política de comércio exterior, afirmando a primazia da estratégia nacional sobre qualquer interesse pontual ou de grupo.","404",NA
"Desenvolverá sistematicamente quadros e capacitações na prática das negociações comerciais.","411",NA
"Não hesistará em recrutar pessoal da iniciativa privada,","411",NA
"em organizar forças-tarefas conjuntas com o empresariado.","411",NA
"e em designar diplomatas para estágios de aprofundamento em empresas, tanto dentro quanto fora do país","411",NA
"O governo federal investirá em programas de bolsistas para aumentar rapidamente o número de jovens brasileiros que estudem, em todos os campos, no estrangeiro, tanto em países ricos quanto em outros países em desenvolvimento.","506",NA
"Em especial incentivará o estudo das línguas e das experiências dessas outras nações.","506",NA
"2. A política de defesa.","H",NA
"Reorganizar, requalificar e reaparelhar as Forças Armadas.","104",NA
"A diretriz será dotar o efetivo de capacitação e de aparelhamento tecnológico mais avançado","104",NA
"e construir os mecanismos para expansão rápida em caso de emergência ou de mudança na situação mundial.","104",NA
"O Estado-maior das Forças Armadas servirá como o fulcro privilegiado da construção de vanguarda estratégica e tecnológica das Forças Armadas.","104",NA
"Todos os outros elementos das Forças Armadas serão organizados de acordo com a relação direta ou indireta que tenham com essa vanguarda.","104",NA
"Elas trabalharão através de forças-tarefa que união, em trabalho de equipe, representantes das três Armas.","104",NA
"A indústria de armamentos será integralmente estatizada","413",NA
"e posta sob o controle das Forças Armadas.","104",NA
"A importação de armamentos de alta tecnologia","104",NA
"será acompanhada pelo desenvolvimento da capacidade nacional de pesquisa e produção em tecnologias de defesa.","411",NA
"O governo desenvolverá sua capacidade de contraespionagem, convocando para esse trabalho os centros universitários próprios.","104",NA
"A ênfase territorial da política de defesa será o resguardo das fronteiras.","104",NA
"O policiamento das fronteiras será potencializado pela ocupação dirigida das áreas de fronteira que sejam propícias a atividades produtivas.","104",NA
"A Amazônia merecerá, sob esse ponto de vista, atenção especial.","104",NA
"O serviço militar, fortalecido em seu potencial de capacitação,","104",NA
"será complementado pelo serviço social obrigatório nos termos anteriormente descritos.","606.1",NA
"3. A construção do multilateralismo.","H",NA
"-A política externa do Brasil não se reduzirá a negociações comerciais.","107",NA
"Terá por objetivo central a construção de uma ordem multilateral no mundo que convenha tanto a nossos ideais quanto a nossos interesses.","107",NA
"Essa ordem buscará a paz através do pluralismo e da justiça,","106",NA
"valorizando a multiplicidade de civilizações e de trajetórias de desenvolvimento e resistindo à divisão do mundo entre uma minoria de privilegiados e uma maioria de miseráveis.","107",NA
"O Brasil procurará desempenhar o papel ao mesmo tempo conciliador e multiplicador de opções","107",NA
"que sua posição no mundo e sua experiência nacional lhe reservam.","601.1",NA
"O Brasil proporá revigoramento e reorganização do sistema das Nações Unidas para refletir as realidades e as ansiedades atuais,","107",NA
"inclusive por meio do redimensionamento do Conselho de Segurança.","103.1",NA
"O Brasil trabalhará com os outros grandes países continentais marginalizados -a China, a Índia, a Rússia e a Indonésia -para reformar as organizações do sistema Bretton Woods (o FMI, O Banco Mundial e a Organização Internacional do Comércio).","103.2",NA
"Atuará, junto com seus parceiros políticos e econômicos, para impedir que essas organizações sirvam de instrumentos para a imposição das políticas de desenvolvimento preferidas pelas potências dominantes e pelos países ricos.","103.2",NA
"(Ver adiante.)",NA,NA
"O Brasil tomará a iniciativa da construção de uma aliança em prol do multilateralismo entre os grandes países continentais periféricos, a Comunidade Européia e a corrente de opinião internacionalista","107",NA
"e anti-hegemônica dentro dos Estados Unidos.","103.1",NA
"O Brasil tomará, junto com esses parceiros, iniciativas destinadas a aprofundar a desnuclearização,","105",NA
"a proscrição de armas químicas e biológicas","105",NA
"e o desarmamento em todo o mundo.","105",NA
"4. Reforma da ordem econômica mundial.","H",NA
"Ao defender com zelo seus interesses econômicos, o Brasil não se limitará contudo a fazer, isoladamente, reivindicações pontuais diante de seus parceiros","601.1",NA
"ou das organizações internacionais.","103.2",NA
"Construirá, junto com seus vizinhos na América do Sul e com os outros grandes países continentais, sobretudo a China e a Índia,","107",NA
"proposta abrangente de redirecionamento e reforma da globalização.","103.2",NA
"E conduzirá as negociações específicas à luz dessa estratégia global.","103.2",NA
"O princípio básico pelo qual se baterá o Brasil será que as regras da ordem econômica não devem tomar como objetivo a maximização do livre comércio, que é meio, não fim.","406",NA
"O objetivo deve ser ajudar os países a desbravar e a trilhar seus próprios caminhos.","103.2",NA
"Portanto, o Brasil atuará contra a tentativa de usar as condicionalidades do FMI como instrumento para suprimir a diversidade de estratégias de desenvolvimento e para sacrificar as exigências das economias reais aos interesses financeiros.","103.2",NA
"O Brasil lutará contra regras e práticas que,","103.2",NA
"ao ampliar a liberdade do capital para correr mundo,","406",NA
"negam às pessoas essa mesma liberdade.","201.1",NA
"Defenderá regras e práticas que permitam ao capital e ao trabalhador ganharem juntos, em passos gradativos, o direito de atravessar fronteiras nacionais.","602.2",NA
"Reconhecerá no direito de migração,","602.2",NA
"devidamente regulado e dosado, grande fonte de igualdade e de inovação.","607.1",NA
"O Brasil trabalhará contra as idéias e as regras que, em nome da repressão aos subsídios ou do ""antidumping"",","103.2",NA
"inibem a capacidade do Estado de construir parcerias desenvolvimentistas com a iniciativa privada e concedem privilégios odiosos aos países mais ricos.","410",NA
"O Brasil resistirá a todas as tentativas de expandir a definição do direito de propriedade, como no campo da propriedade intelectual,","103.2",NA
"que inibam o surgimento no mundo de novos pólos de inovação.","407",NA
"O Brasil atuará em conjunto com o grupo de Cairns (dos maiores países exportadores de produtos agrícolas) e com seus novos parceiros entre os países continentais periféricos para reduzir o protecionismo agrário que distorce o comércio mundial.","407",NA
"5. Negociações bilaterais e com multinacionais.","H",NA
"Ao desenvolver, junto com seus parceiros políticos e econômicos, esse projeto para a reforma da ordem econômica mundial,","103.2",NA
"o Brasil não descuidará da ampliação dos acordos bilaterais que potencializem a diversificação tradicional de suas relações comerciais.","107",NA
"Nenhum acordo regional ou parceria estratégica será tratado como razão para atenuar ou abandonar outras opções de negociação bilateral.","408",NA
"A negociação bilateral com Estados estrangeiros será complementada por um esforço para negociar diretamente com empresas multinacionais a natureza de sua inserção no Brasil.","408",NA
"A prioridade dessas negociações deve ser obter um reposicionamento de algumas dessas empresas na economia brasileira.","408",NA
"Em vez de reproduzir ou apenas montar para o mercado interno bens padronizados de consumo, devem tornar-se centros irradiadores de tecnologia e aprendizagem dentro de cadeias produtivas orientadas inclusive para a exportação.","411",NA
"6. Mercosul e América do Sul.","H",NA
"O Brasil continuará sua política de ""paciência estratégica"" com a Argentina e com seus parceiros do Mercosul.","108",NA
"Aceitará o revés momentâneo para poder novamente avançar em seguida.","108",NA
"O Brasil verá o Mercosul como base regional para a definição e o aprofundamento de estratégia regional de desenvolvimento com características próprias.","108",NA
"Dará, portanto, menos ênfase aos atributos rígidos de união aduaneira","110",NA
"e mais ênfase à formação de políticas comuns e de instituições comuns, inclusive para a resolução de litígios.","108",NA
"O Brasil proporá a multiplicação de empreendimentos comuns com parceiros públicos e privados de outros países do Mercosul.","107",NA
"Qualquer que seja o destino do Mercosul, o Brasil lutará pelo estreitamento de suas relações políticas e culturais com os outros países da América do Sul","108",NA
"e pela construção de um mecanismo próprio de formação de estratégias compartilhadas.","107",NA
"Em particular, tratará sua relação com a Argentina como relação marcada por um destino de convergência.","107",NA
"O governo federal ajudará a financiar programas de trocas de bolsistas -estudantes, técnicos, cientistas e artistas entre os países sul-americanos.","107",NA
"7. Alca e Estados Unidos.","H",NA
"O Brasil entrará nas negociações da Alca sem medo e sem pressa.","103.1",NA
"Através de negociações com a Comunidade Européia, com a China e com a Índia, procurará fortalecer seu poder de barganha nessas negociações.","103.1",NA
"O prosseguimento das negociações será precedido por uma radiografia da nossa economia que revele o grau de pressão competitiva que, em cada setor, sirva para estimular e não para destruir.","406",NA
"O Brasil rejeitará a idéia da inevitabilidade da Alca e da necessidade de aceitar o desfecho das negociações, seja ele o que for.","103.1",NA
"Repudiará qualquer resultado que deixe de assegurar abertura genuinamente recíproca","103.1",NA
"ou que nos imponha regras que inibam a capacidade do nosso Estado de construir parcerias estratégicas com nossa iniciativa privada.","406",NA
"No curso das negociações, o Brasil procurará aliados do mundo empresarial, político e sindical dos Estados Unidos.","000",NA
"Compreenderá as negociações como base para a formação de um espaço das Américas que transcenda, em seu significado, interesses apenas comerciais.","103.2",NA
"Nesse mesmo espírito, o Brasil insistirá em condicionar a integração comercial a políticas igualizadoras,","103.2",NA
"seguindo nisso o modelo da Comunidade Européia e não o modelo do Tratado de Livre Comércio entre os Estados Unidos, o Canadá e o México.","406",NA
"Pelas mesmas razões, o Brasil defenderá a ampliação gradativa do direito de trabalhar em outros países signatários do acordo, inclusive os Estados Unidos e o Canadá, como parte inseparável da abertura comercial.","602.2",NA
"8. Comunidade Européia.","H",NA
"Às negociações com a Comunidade Européia será concedida importância igual às negociações com o Estados Unidos e outros parceiros de uma possível Alca.","107",NA
"Nosso avanço relativo nas duas séries de negociações será determinado pelas circunstâncias.","107",NA
"Os entendimentos com os europeus ultrapassarão o campo das negociações comerciais e abrangerão o esforço para envolvê-los, junto conosco, na construção do novo multilateralismo.","107",NA
"(Ver item 4 anterior.)",NA,NA
"9. África.","H",NA
"O Brasil assumirá responsabilidade especial pela defesa dos interesses africanos.","107",NA
"Procurará desenvolver na África um conjunto de trocas comerciais, parcerias produtivas e iniciativas humanitárias e pacificadoras.","107",NA
"Essas iniciativas serão conduzidas tanto multilateralmente, dentro do sistema das Nações Unidas, quanto bilateralmente, por meio de entendimentos com países africanos específicos.","107",NA
"A política africana do Brasil será executada de maneira a fortalecer o reconhecimento do legado africano dentro do Brasil","607.1",NA
"bem como a exemplificar e a promover nossa proposta de reforma da ordem mundial.","103.2",NA
"10. Aproximação estratégica aos outros grandes países continentais periféricos periféricos.","H",NA
"O Brasil se aproximará estrategicamente dos outros grandes países continentais periféricos: a China, a Índia, a Rússia e a Indonésia.","107",NA
"Dará importância especial à construção de uma relação com a China e com Índia.","107",NA
"Essa aproximação estratégica se desenvolverá nos três planos seguintes.","107",NA
"Proposta da reforma das instituições políticas e econômicas da ordem mundial, segundo as diretrizes anteriormente descritas.","103.2",NA
"A convergência será vinculada sempre que possível à defesa de interesses pontuais comuns mas não se reduzirá a essa defesa.","107",NA
"Negociações bilaterais específicas para aumentar o poder de barganha dos parceiros diante de terceiros (como, no nosso caso, nas negociações da Alca).","107",NA
"Parcerias empresariais, tecnológicas e científicas para desenvolver pólos de inovação que não estejam sob controle das empresas multinacionais e dos países ricos.","107",NA
