"content","cmp_code","eu_code"
"O BRASIL LIVRE","H",NA
"Propomos um governo decente, diferente de tudo aquilo que nos jogou em uma crise ética, moral e fiscal.","603",NA
"Um governo sem toma lá-dá-cá, sem acordos espúrios","304",NA
"Um governo formado por pessoas que tenham compromisso com o Brasil e com os brasileiros","305.2",NA
"Que atenda aos anseios dos cidadãos e trabalhe pelo que realmente faz a diferença na vida de todos.","305.2",NA
"Um governo que defenda e resgate o bem mais precioso de qualquer cidadão: a Liberdade.","201.1",NA
"Um governo que devolva o país aos seus verdadeiros donos: os brasileiros.","601.1",NA
"VALORES E COMPROMISSOS","H",NA
"O FRUTO DA VIDA É SAGRADO!","H",NA
"Este é um país de todos nós, brasileiros natos ou de coração.","601.1",NA
"Um Brasil de diversas opiniões, cores e orientações.","607.1",NA
"As pessoas devem ter liberdade de fazer suas escolha","201.1",NA
"e viver com os frutos dessas escolhas","201.1",NA
"desde que não interfiram em aspectos essenciais da vida do próximo.","201.1",NA
"Os frutos materiais dessas escolhas, quando gerados de forma honesta em uma economia de livre iniciativa, têm nome: PROPRIEDADE PRIVADA!","401",NA
"Seu celular, seu relógio, sua poupança, sua casa, sua moto, seu carro, sua terra são os frutos de seu trabalho e de suas escolhas!","401",NA
"São sagrados e não podem ser roubados, invadidos ou expropriados!","401",NA
"Os frutos de nossas escolhas afetivas têm nome: FAMÍLIA!","603",NA
"Seja ela como for, é sagrada","603",NA
"e o Estado não deve interferir em nossas vidas.","201.1",NA
"LIBERDADE E FRATERNIDADE!","H",NA
"Quebrado o atual ciclo, com o Brasil livre do crime","605.1",NA
", da corrupção","304",NA
"e de ideologias perversas,","202.2",NA
"haverá estabilidade,","305.3",NA
"riqueza","410",NA
"e oportunidades para todos tentarem buscar a felicidade da forma que acharem melhor","201.1",NA
"Liberdade para as pessoas, individualmente, poderem fazer suas escolhas afetivas,","201.1",NA
"políticas,","201.1",NA
"econômicas","401",NA
"ou espirituais.","201.1",NA
"Devemos ser fraternos!","603",NA
"Ter compaixão com o próximo.","603",NA
"Precisamos construir uma sociedade que estenda a mão aos que caírem.","603",NA
"Escolhas erradas ou tropeços fazem parte da vida.","603",NA
"Ajudar o próximo a se levantar nos diferencia como humanos.","603",NA
"Mais importante: uma Nação fraterna e humana com menos excluídos é mais forte.","603",NA
"Há menos espaço para populistas e suas mentiras.","304",NA
"O Brasil precisa se libertar dos corruptos.","304",NA
"O povo brasileiro precisa ser livre de VERDADE!","304",NA
"DIREITOS E DEVERES","H",NA
"A forma de mudarmos o Brasil será através da defesa das leis","605.1",NA
"e da obediência à Constituição,","203",NA
"Assim, NOVAMENTE, ressaltamos que faremos tudo na forma da Lei!","203",NA
"Qualquer forma de diferenciação entre os brasileiros não será admitida.","608.1",NA
"Todo cidadão terá seus direitos preservados.","201.2",NA
"Todo cidadão, para gozar de seus plenos direitos, deve obedecer às leis","605.1",NA
"e cumprir com seus deveres (não matar, não roubar, não participar de falso testemunho, não sonegar impostos, etc.).","605.1",NA
"Qualquer pessoa no território nacional, mesmo não sendo cidadã brasileira , tem direitos inalienáveis como ser humano,","201.2",NA
"assim como tem o dever de obedecer as leis do Brasil.","605.1",NA
"IMPRENSA LIVRE E INDEPENDENTE","H",NA
"Somos defensores da Liberdade de opinião,","201.2",NA
"informação,","201.2",NA
"imprensa,","201.2",NA
"internet,","202.2",NA
"política","202.2",NA
"e religiosa!","202.1",NA
"Liberdade das pessoas e de suas famílias em poder escolher os rumos da vida na contínua busca da felicidade!","201.1",NA
"Somos contra qualquer regulação ou controle social da mídia.","201.2",NA
"A Liberdade é o caminho da prosperidade.","401",NA
"Não permitiremos que o Brasil prossiga no caminho da servidão.","201.1",NA
"Nosso povo deve ser livre para pensar, se informar, opinar, escrever e escolher seu futuro.","201.1",NA
"A NOSSA BANDEIRA É VERDE-AMARELA","H",NA
"Nos últimos 30 anos o marxismo cultural e suas derivações como o gramscismo, se uniu às oligarquias corruptas","304",NA
"para minar os valores da Nação e da família brasileira.","603",NA
"Queremos um Brasil com todas as cores: verde, amarelo, azul e branco.","601.1",NA
"A NOVA FORMA DE GOVERNAR!","H",NA
"MAIS BRASIL, MENOS BRASÍLIA","H",NA
"2019 SERÁ O ANO DA MUDANÇA","H",NA
"NOSSA VITÓRIA SERÁ CONTRA A SERVIDÃO!","H",NA
"Faremos os ajustes necessários para garantir crescimento com inflação baixa","414",NA
"e geração de empregos.","701",NA
"Enfrentaremos os grupos de interesses escusos que quase destruíram o país.","304",NA
"Após 30 anos em que a esquerda corrompeu a democracia","304",NA
"e estagnou a economia,","410",NA
"faremos uma aliança da ordem com o progresso: um governo Liberal","401",NA
"Democrata.","202.1",NA
"Segurança,","605.1",NA
"Saúde","504",NA
"e Educação são nossas prioridades.","506",NA
"Tolerância ZERO com o crime,","605.1",NA
"com a corrupção","304",NA
"e com os privilégios.","304",NA
"TUDO SERÁ FEITO DENTRO DA LEI","H",NA
"NOSSA CONSTITUIQÃO PRECISA SER RESPEITADA!","H",NA
"Mesmo imperfeita, Nossa Constituição foi feita por representantes eleitos pelo povo.","203",NA
"Ela é a LEI MÁXIMA E SOBERANA DA NAÇÃO BRASILEIRA.","203",NA
"Lamentavelmente, Nossa Constituição foi rasgada nos últimos anos, inclusive por muitos que deveriam defendê-la.","203",NA
"Nosso conjunto de Leis será o mapa","203",NA
"e a BÚSSOLA serão os princípios liberais","401",NA
"democratas","202.1",NA
"para navegarmos no caminho da prosperidade.","601.1",NA
"Enfrentaremos o viés totalitário do Foro de São Paulo, que desde 1990 tem enfraquecido nossas instituições democráticas.","202.1",NA
"DESAFIOS URGENTES","H",NA
"CONTRA a criminalidade,","605.1",NA
"corrupção","304",NA
"e aparelhamento do  Estado para estancar os estragos","304",NA
"e iniciar o processo de recuperação do país, da economia","410",NA
"e da Democracia.","202.1",NA
"Mais de 62 mil homicídios por ano.","605.1",NA
"Mais de UM MILHÃO de brasileiros foram assassinados desde a 1ª reunião do Foro de São Paulo.","605.1",NA
"Epidemia de crack, introduzido no Brasil pelas filiais das FARC.","605.1",NA
"Corrupção generalizada","304",NA
"e ameaças às instituições que a estão combatendo.","605.1",NA
"Infraestrutura insuficiente e deteriorada.","411",NA
"Educação","506",NA
"e saúde à beira do colapso.","504",NA
"13 milhões de desempregados, oficialmente.","701",NA
"Desrespeito às leis","203",NA
", à vida","605.1",NA
", à propriedade privada","401",NA
"e à Constituição Brasileira!","203",NA
"UM BRASIL EM ROTA FISCAL EXPLOSIVA!","H",NA
"LIBERALISMO ECONÔMICO","H",NA
"As economias de mercado são historicamente o maior instrumento de geração de renda, emprego, prosperidade e inclusão social.","401",NA
"Graças ao Liberalismo, bilhões de pessoas estão sendo salvas da miséria em todo o mundo.","401",NA
"Mesmo assim, o Brasil NUNCA adotou em sua História Republicana os princípios liberais.","401",NA
"Ideias obscuras, como o dirigismo, resultaram em inflação, recessão, desemprego e corrupção.","401",NA
"O Liberalismo reduz a inflação,","414",NA
"baixa os juros,","414",NA
"eleva a confiança","401",NA
"e os investimentos,","401",NA
"gera crescimento,","410",NA
"emprego e","701",NA
"oportunidades.","401",NA
"Corruptos e populistas nos legaram um déficit primário elevado, uma situção fiscal explosiva, com baixo crescimento e elevado desemprego.","414",NA
"Precisamos atingir um superávit primário já em 2020.","414",NA
"Nossa estratégia será adotar as mesmas ações que funcionam nos países com crescimento,","414",NA
"baixa inflação,","414",NA
"renda para os trabalhadores","701",NA
"e oportunidades para todos.","401",NA
"O PROBLEMA É O LEGADO DO PT DE INEFICIÊNCIA E CORRUPÇÃO","H",NA
"Está previsto pelo atual governo que para 2019 o Brasil terá déficit primário de R$ 139 bilhões, que tentaremos reduzir rapidamente.","414",NA
"Temos o objetivo de equilibrar as contas públicas no menor prazo possível, buscando um superávit primário que estabilize a relação dívida/ PIB.","414",NA
"O desafio inicial também será organizar e desaparelhar as estruturas federais,","304",NA
"O déficit nominal de 2019, que inclui os juros da dívida, é previsto em R$ 489,3 bilhões (6,5% do PIB).","414",NA
"O valor das renúncias tributárias é de R$ 303,5 bilhões (19% da arrecadação).","414",NA
"O déficit dos regimes de Previdência Social está previsto em R$ 288,3 bilhões.","414",NA
"O BRASIL É MAIOR QUE NOSSOS PROBLEMAS","H",NA
"Apesar do momento difícil, é importante nao esquecer que SOMOS MUITO MAIS FORTES que todos esses problemas.","601.1",NA
"O Brasil passará por uma rápida transformação cultural,","202.2",NA
"onde a impunidade,","605.1",NA
"a corrupção,","304",NA
"o crime,","605.1",NA
"a “vantagem”,","304",NA
"a esperteza,","304",NA
"deixarão de ser aceitos como parte de nossa identidade nacional,","601.1",NA
"POIS NÃO MAIS ENCONTRARÃO GUARIDA NO GOVERNO.","305.2",NA
"Importante mencionar novamente: As leis e, em destaque, Nossa Constituição serão nossos instrumentos!","203",NA
"Ninguém será perseguido,","201.2",NA
"todos terão seus direitos respeitados.","201.2",NA
"Todavia, investigações não serão mais atrapalhadas ou barradas.","605.1",NA
"A Justiça poderá seguir seu rumo sem interferências políticas","605.1",NA
"e isso deverá acelerar as punições aos culpados.","605.1",NA
"A NOVA FORMA DE GOVERNAR!","H",NA
"Estrutura e Gestão","H",NA
"REDUÇÃO DE MINISTÉRIOS","H",NA
"Um número elevado de ministérios é ineficiente,","401",NA
"não atendendo os legítimos interesses da Nação.","602.1",NA
"O quadro atual deve ser visto como o resultado da forma perniciosa e corrupta de se fazer política nas últimas décadas,","304",NA
"caracterizada pelo loteamento do Estado, o popular “toma lá-dá-cá”.","304",NA
"ORÇAMENTO BASE ZERO","H",NA
"Com o fim do aparelhamento dos ministérios, inverteremos a lógica tradicional do processo de gastos públicos.","401",NA
"Cada gestor, diante de suas metas, terá que justificar suas demandas por recursos públicos.","401",NA
"Os recursos financeiros, materiais e de pessoal, serão disponibilizados e haverá o acompanhamento do desempenho de sua gestão.","401",NA
"O montante gasto no passado não justificará os recursos demandados no presente ou no futuro.","401",NA
"Não haverá mais dinheiro carimbado para pessoa, grupo político ou entidade com interesses especiais.","304",NA
"Prioridades e metas passam a ser a base do Orçamento Geral da União, para gastar o dinheiro do POVO obtido pelos impostos.","414",NA
"MAIS BRASIL, MENOS BRASÍLIA","H",NA
"Brasília não pode ser o objetivo final de um governo.","201.1",NA
"Quase 99% da população vive nos outros 5.570 municípios do Brasil.","301",NA
"Os ministros passam a ser executivos em suas respectivas áreas com a missão de coordenar esforços de governadores, prefeitos e seus secretários para o atingimento de metas claras.","302",NA
"Nas últimas décadas, o Governo Federal concentrou a arrecadação de tributos,criando burocracia e ineficiência para controlar os entes federados.","301",NA
"Queremos uma Federação de verdade.","301",NA
"Os recursos devem estar próximos das pessoas: serão liberados automaticamente e sem intermediários para os prefeitos e governadores.","201.1",NA
"As obras e serviços públicos serão mais baratos","201.1",NA
"e com maior controle social.","201.1",NA
"UM GOVERNO QUE CONFIA NOS BRASILEIROS!","H",NA
"Chega de carimbos, autorizações e burocracias.","201.1",NA
"A complexidade burocrática alimenta a corrupção.","304",NA
"Faremos um Governo que confiará no cidadão, simplificando e quebrando a lógica que a esquerda nos impôs de desconfiar das pessoas corretas e trabalhadoras.","202.2",NA
"Não continuaremos a tratar a exceção como regra,","201.1",NA
"o que prejudica a maioria dos seguidores da lei.","202.1",NA
"O GOVERNO VAI CONFIAR NOS INDIVIDUOS!","H",NA
"O GOVERNO RECUARÁ, PARA QUE OS CIDADÃOS POSSAM AVANÇAR!","H",NA
"MAIS BRASIL E MENOS BRASILIA LINHAS DE AÇÃO","H",NA
"LINHAS DE AÇÃO","H",NA
"SEGURANÇA E COMBATE À CORRUPÇÃO:","H",NA
"enfrentar o crime","605.1",NA
"e cortar a corrupção.","304",NA
"SAÚDE E EDUCAÇÃO:","H",NA
"eficiência, gestão e respeito com a vida das pessoas.","303",NA
"Melhorar a saúde e","504",NA
"dar um salto de qualidade na educação com ênfase na infantil,","506",NA
"básica","506",NA
"e técnica,","411",NA
"sem doutrinar.","202.2",NA
"ECONOMIA:","H",NA
"Emprego,","701",NA
"Renda","410",NA
"e Equilíbrio Fiscal.","414",NA
"oportunidades e trabalho para todos,","701",NA
"sem inflação.","414",NA
"SEGURANÇA E COMBATE À CORRUPÇÃO","H",NA
"SEGURANÇA E COMBATE À CORRUPÇÃO","H",NA
"A Globo, em seu documentário A Guerra do Brasil (dezembro de 2017), chama atenção para alguns números: 60 mil homicídios por ano, mais que 92 países juntos.","605.1",NA
"Muito acima dos 14 mil homicídios dos EUA, que têm uma população 50% maior que a nossa.","605.1",NA
"No Brasil, 786 mil pessoas foram assassinadas entre 2001 e 2015.","605.1",NA
"Na Guerra do Iraque, entre 2003 e 2017, foram mortas 268 mil pessoas;","605.1",NA
"Na Síria, de 2011 a 2017: 330 mil.","605.1",NA
"Segundo o documentário, os culpados são: as armas de fogo, que causam 7 em cada 10 mortes.","605.1",NA
"O documentário indica os 5 primeiros colocados no ranking de piora: Rio Grande do Norte, Maranhão, Pará, Bahia e Ceará, porém, deixa no ar a razão da piora.","605.1",NA
"Menciona a melhora substancial que a Colômbia teve, pois reduziu em 70% os homicídios, porém, não diz as causas disso.","605.1",NA
"CONTRA A ESQUERDA: NÚMEROS E LÓGICA","H",NA
"As armas são instrumentos, objetos inertes, que podem ser utilizadas para matar ou para salvar vidas.","605.1",NA
"Isso depende de quem as está segurando: pessoas boas ou más.","605.1",NA
"Um martelo não prega e uma faca não corta sem uma pessoa…","605.1",NA
"EUA, Áustria, Alemanha, Suécia, Noruega, Finlândia, Israel, Suíça, Canadá, etc, são países onde existe uma arma de fogo na maioria dos lares.","605.1",NA
"Coincidentemente, o índice de homicídios por armas de fogo é muito menor que no Brasil.","605.1",NA
"No Canadá, são 600 homicídios por ano!","605.1",NA
"Em Israel 110 e Suíça 40!","605.1",NA
"Peguemos o exemplo de nossos vizinhos: Chile, Uruguai, Argentina e Paraguai.","605.1",NA
"Um tratamento estatístico mostrará uma correlação inversa entre armas nos lares e homicídios!","605.1",NA
"Já a Venezuela, que aumentou a restrição às armas da população civil, está com o dobro de homicídios do Brasil: quase 60 por 100 mil.","605.1",NA
"Com 31 milhões de habitantes, matam 17 mil por ano!","605.1",NA
"Seria como 120 mil homicídios no Brasil por ano!","605.1",NA
"VAMOS AOS FATOS","H",NA
"Os 5 primeiros colocados no ranking de piora: Rio Grande do Norte, Maranhão, Pará, Bahia e Ceará, são regiões que passaram a ser governadas pela esquerda ou seus aliados e onde a “epidemia” de drogas não foi coincidentemente introduzida","605.1",NA
"Aliás, o avanço das drogas e da esquerda são prevalentes nas regiões mais violentas do mundo: Honduras, Nicarágua, El Salvador, México e Venezuela","605.1",NA
"(onde há forte restrição à população ter armas).","605.1",NA
"O documentário NÃO menciona que a melhora substancial da Colômbia foi o resultado da derrota das FARC (que abertamente vive do tráfico de drogas).","605.1",NA
"Além disso, as FARC participaram do Foro de São Paulo, fundado pelo PT e pelo ditador cubano.","605.1",NA
"A verdade é que o número de homicídios no Brasil passou a crescer de forma consistente a partir do 1º Foro de SP, no início dos anos 1990.","605.1",NA
"Houve até “bolsa crack” em cidades administradas pela esquerda, como por exemplo em São Paulo.","605.1",NA
"VAMOS AOS NÚMEROS: ATLAS DA VIOLÊNCIA 2018 DO IBGE","H",NA
"Coincidentemente, onde participantes do Foro de SP governam, sobe a criminalidade.","605.1",NA
"MAIS MENTIRAS DA ESQUERDA","H",NA
"“a polícia é a que mais mata“","H",NA
"O Brasil está em Guerra.","605.1",NA
"Veja o título do recente documentário da Globo: “A Guerra do Brasil”!","605.1",NA
"Segundo o IBGE, criminosos praticaram oficialmente 62.517 homicídios no Brasil em 2016.","605.1",NA
"Intervenções policiais legais resultaram em 1.374 mortes em 2016.","605.1",NA
"Apenas 2% de mortes violentas no Brasil estiveram associadas com ações policiais.","605.1",NA
"Tais ações estão concentradas em dois Estados: Rio de Janeiro, com 538 mortes; e Bahia, com 364 mortes.","605.1",NA
"Juntos, totalizam 66% das mortes!","605.1",NA
"Retirando-se esses dois Estados, em 2016 as mortes violentas no Brasil associadas com ações policiais seriam 472, um número inferior a 1% do total.","605.1",NA
"A GUERRA NO BRASIL SERÁ VENCIDA!","H",NA
"NOSSOS HERÓIS SERÃO LEMBRADOS!","H",NA
"Enquanto a esquerda está preocupada com as mortes associadas a ações policiais,","605.1",NA
"segundo a Ordem dos Policiais do Brasil (OPB), foram mortos 493 policiais em 2016!","605.1",NA
"Em 2017 esse total subiu para 552 e, infelizmente, tudo indica que teremos ainda mais policiais mortos em 2018.","605.1",NA
"São Heróis Nacionais que tombaram e foram esquecidos pelos atuais governantes nesta Guerra do Brasil!","605.1",NA
"Um dos compromissos será lembrar o nome de cada um desses guerreiros!","605.1",NA
"Suas famílias serão homenageadas e cada um desses heróis terá seu nome gravado no Panteão da Pátria e da Liberdade!","605.1",NA
"Nós brasileiros agradecemos aos heróis e suas famílias pela coragem e pelo sacrifício que fizeram!","605.1",NA
"Que seus nomes nunca sejam esquecidos!","605.1",NA
"BRASIL ACIMA DE TUDO PRENDER E DEIXAR NA CADEIA SALVA VIDAS!","H",NA
"Mato Grosso do Sul, São Paulo e Brasília são os que mais prendem e os que mostram avanços…","H",NA
"OUTRO EXEMPLO DE MUDANÇA IDEOLÓGICA","H",NA
"Combater o ESTUPRO de mulheres e CRIANÇAS!","H",NA
"CONCLUSAO","H",NA
"Os números comprovam que o extermínio de brasileiros é realizado pelos criminosos!","605.1",NA
"Para reduzir os homicídios, roubos, estupros e outros crimes:1° Investir fortemente em equipamentos, tecnologia, inteligência e capacidade investigativa das forças policiais,","605.1",NA
"2° Prender e deixar preso!","605.1",NA
"Acabar com a progressão de penas e as saídas temporárias!","605.1",NA
"3° Reduzir a maioridade penal para 16 anos!","605.1",NA
"4° Reformular o Estatuto do Desarmamento para garantir o direito do cidadão à LEGÍTIMA DEFESA sua, de seus familiares, de sua propriedade e a de terceiros!","605.1",NA
"5° Policiais precisam ter certeza que, no exercício de sua atividade profissional, serão protegidos por uma retaguarda jurídica.","605.1",NA
"Garantida pelo Estado, através do excludente de ilicitude.","605.1",NA
"Nós brasileiros precisamos garantir e reconhecer que a vida de um policial vale muito e seu trabalho será lembrado por todos nós!","605.1",NA
"Pela Nação Brasileira!","605.1",NA
"6° Tipificar como terrorismo as invasões de propriedades rurais e urbanas no território brasileiro.","401",NA
"7° Retirar da Constituição qualquer relativização da propriedade privada, como exemplo nas restrições da EC/81.","204",NA
"8° Redirecionamento da política de direitos humanos, priorizando a defesa das vítimas da violência.","202.2",NA
"DEFESA NACIONAL","H",NA
"Garantia da Lei e da Ordem","H",NA
"Dentre instituições, grupos, pessoas ou atividades, que tiveram sua imagem atacada pela doutrinação ideológica de esquerda, certamente as Forças Armadas do Brasil estão entre as que mais sofreram.","104",NA
"Houve clara intenção de desconstruir a imagem desta espinha dorsal da Nação","104",NA
", afinal, elas são o último obstáculo para o socialismo.","202.2",NA
"Saliente-se que as Forças Armadas do Brasil tem uma História que nos orgulha.","104",NA
"Por exemplo, heróis brasileiros lutaram contra o Nacional Socialismo na Segunda Guerra Mundial.","104",NA
"Fomos o único país da América Latina a lutar contra os Nazistas.","104",NA
"Posteriormente, outros heróis impediram a tomada do poder por forças de esquerda que planejavam um golpe comunista no Brasil em 1964, conforme o editorial: Julgamento da Revolução — O GLOBO, 7 de outubro de 1984.","202.2",NA
"Atualmente, a Nação olha para as Forças Armadas como garantia contra a barbárie.","104",NA
"Seguranga das Fronteiras","H",NA
"Devemos recuperar as condições operacionais de nossas Forças Armadas, com a valorização e a proteção de seus integrantes!!","104",NA
"Diante das crises, nossos combatentes precisam de equipamentos modernos, não somente de veículos e armas.","104",NA
"Ameaças digitais já são presentes.","104",NA
"Nossas Forças Armadas precisam estar preparadas, através de pesquisa e desenvolvimento tecnológico,","104",NA
"com a participação das instituições militares no cenário de combate a todos os tipos de violência.","104",NA
"Além disso, no papel de consolidação nacional,","104",NA
"devemos lembrar da participação das Forgas Armadas no processo de atendimento da saúde","504",NA
"e da educação da população, principalmente em áreas remotas do país.","506",NA
"As Forças Armadas terão um papel ainda mais importante diante do desafio imediato no combate ao crime organizado,","605.1",NA
"sendo importante buscar uma maior integração entre os demais órgãos de segurança pública,","605.1",NA
"principalmente na estratégia de elevar a segurança de nossas fronteiras.","104",NA
"Teremos em dois anos um colégio militar em todas as capitais de Estado.","506",NA
"SUFOCAR A CORRUPÇÃO","H",NA
"Transparência","303",NA
"e Combate à Corrupção são metas inegociáveis.","304",NA
"Como pilar deste compromisso, iremos resgatar “As Dez Medidas Contra a Corrupção”, proposta pelo Ministério Público Federal e apoiadas por milhões de brasileiros, e encaminhá-las para aprovação no Congresso Nacional.","304",NA
"SAÚDE E EDUCAÇÃO","H",NA
"A SAUDE DEVERIA SER MUITO MELHOR","H",NA
"Com o valor que o Brasil já gasta!","H",NA
"Abandonando qualquer questão ideológica, chega-se facilmente à conclusão que a população brasileira deveria ter um atendimento melhor , tendo em vista o montante de recursos destinados à Saúde.","504",NA
"Quando analisamos os números em termos relativos, o Brasil apresenta gastos compatíveis com a média da OCDE, grupo composto pelos países mais desenvolvidos.","504",NA
"Mesmo quando observamos apenas os gastos do setor público, os números ainda seriam compatíveis com um nível de bem estar muito superior ao que vemos na rede pública.","504",NA
"É possível fazer MUITO mais com os atuais recursos!","504",NA
"ESSE É NOSSO COMPROMISSO!","504",NA
"SAÚDE NA BASE","H",NA
"O Prontuário Eletrônico Nacional Interligado será o pilar de uma saúde na base informatizada e perto de casa.","504",NA
"Os postos, ambulatórios e hospitais devem ser informatizados com todos os dados do atendimento, além de registrar o grau de satisfação do paciente ou do responsável.","504",NA
"O cadastro do paciente reduz custos ao facilitar o atendimento futuro por outros médicos, em outros postos ou hospitais.","504",NA
"Além disso, torna possível cobrar maior desempenho dos gestores locais.","504",NA
"Credenciamento Universal dos Médicos: Toda força de trabalho da saúde poderá ser utilizada pelo SUS, garantindo acesso e evitando a judicialização.","504",NA
"Isso permitirá às pessoas maior poder de escolha,","201.1",NA
"compartilhando esforços da área pública com o setor privado.","505",NA
"Todo médico brasileiro poderá atender a qualquer plano de saúde.","505",NA
"PREVENIR É MELHOR E MAIS BARATO","H",NA
"Mais Médicos: Nossos irmãos cubanos serão libertados.","201.1",NA
"Suas famílias poderão imigrar para o Brasil.","607.2",NA
"Caso sejam aprovados no REVALIDA, passarão a receber integralmente o valor que lhes é roubado pelos ditadores de Cuba!","201.1",NA
"Médicos de Estado: Será criada a carreira de Médico de Estado, para atender as áreas remotas e carentes do Brasil","504",NA
"Os agentes comunitários de saúde serão treinados para se tornarem técnicos de saúde preventiva para auxiliar o controle de doenças frequentes como diabetes, hipertensão, etc.","504",NA
"UM EXEMPLO DE PREVENÇÃO : Saúde bucal e o bem estar da gestante.","504",NA
"Estabelecer nos programas neonatais em todo o país a visita ao dentista pelas gestantes.","504",NA
"Onde isso foi implementado , houve significativa redução de prematuros.","504",NA
"Outro exemplo será a inclusão dos profissionais de educação física no programa de Saúde da Família,","504",NA
"com o objetivo de ativar as academias ao ar livre como meio de combater o sedentarismo e a obesidade e suas graves consequências à população como AVC e infarto do miocárdio.","504",NA
"A EDUCAÇÃO TAMBÉM DEVERIA SER MELHOR","H",NA
"com o valor que o Brasil já gasta!","H",NA
"Na Educação, assim como na Saúde, os números levam à conclusão que as crianças e os jovens brasileiros deveriam ter um desempenho escolar muito melhor, tendo em vista o montante de recursos gastos.","507",NA
"Os valores, tanto em termos relativos como em termos absolutos, são incompatíveis com nosso péssimo desempenho educacional.","507",NA
"A estratégia educacional do Japão, Taiwan e Coréia do Sul, países recentemente visitados por Jair Bolsonaro, teve papel chave no desenvolvimento econômico e social.","506",NA
"Em uma geração, países pobres ficaram ricos.","506",NA
"Conteúdo e método de ensino precisam ser mudados.","506",NA
"Mais matemática, ciências e português,","506",NA
"SEM DOUTRINAÇÃO E SEXUALIZAçÃO PRECOCE.","202.2",NA
"Além disso, a prioridade inicial precisa ser a educação básica e o ensino médio / técnico.","506",NA
"É POSSÍVEL FAZER MUITO MAIS COM OS ATUAIS RECURSOS!","507",NA
"É O NOSSO COMPROMISSO!","507",NA
"GASTAMOS COMO OS MELHORES!","H",NA
"EDUCAMOS COMO OS PIORES!","H",NA
"Os dados da ONU indicam que o nível de gastos que o Brasil tem com educação é incompatível com o péssimo nível educacional dos estudantes.","507",NA
"Temos figurado ultimamente entre os piores resultados do PISA, feito pela OCDE.","507",NA
"EDUCAÇÃO","H",NA
"Segundo o Censo Escolar 2016, divulgado pelo Inep, 2,8 milhões de crianças e adolescentes estão fora da escola.","506",NA
"A maior parte tem entre 15 a 17 anos.","506",NA
"Os dados são corroborados pelo relatório “Cenário da exclusão escolar no Brasil”, divulgado em 2017 pelo Unicef.","506",NA
"O quadro é mais assustador se pensarmos que dos 51,6 milhões de jovens brasileiros entre 14 e 29 anos de idade, quase metade não completou o ensino médio (IBGE, 2017).","506",NA
"A qualificação crescente dos professores deve ser um sinal que o Brasil realmente busca um lugar de destaque entre as nações desenvolvidas.","506",NA
"Precisamos inverter a pirâmide: o maior esforço tem que ocorrer cedo, com a educação infantil, fundamental e média.","506",NA
"Quanto antes nossas crianças aprenderem a gostar de estudar, maior será seu sucesso.","506",NA
"GESTÃO É IMPORTANTE, PORÉM,","H",NA
"conteúdo, forma e estratégia precisam mudar!","H",NA
"Além de mudar o método de gestão,","506",NA
"na Educação também precisamos revisar e modernizar o conteúdo.","506",NA
"Isso inclui a alfabetização, expurgando a ideologia de Paulo Freire,","202.2",NA
"mudando a Base Nacional Comum Curricular (BNCC),","506",NA
"impedindo a aprovação automática","506",NA
"e a própria questão de disciplina dentro das escolas.","603",NA
"Hoje, não raro, professores são agredidos, física ou moralmente, por alunos ou pais dentro das escolas.","605.1",NA
"Um dos maiores males atuais é a forte doutrinação.","202.2",NA
"As universidades precisam gerar avanços técnicos para o Brasil,","506",NA
"buscando formas de elevar a produtividade,","411",NA
"a riqueza","410",NA
"e o bem-estar da população.","410",NA
"Devem desenvolver novos produtos, através de parcerias","507",NA
"e pesquisas com a iniciativa privada.","401",NA
"Fomentar o empreendedorismo para que o jovem saia da faculdade pensando em abrir uma empresa.","401",NA
"Enfim, trazer mais ideias que mudaram países como Japão e Coréia do Sul.","506",NA
"Educação à distância: deveria ser vista como um importante instrumento e não vetada de forma dogmática.","507",NA
"Deve ser considerada como alternativa para as áreas rurais onde as grandes distâncias dificultam ou impedem aulas presenciais","507",NA
"EDUCAÇÃO:","H",NA
"Integrando para melhorar","H",NA
"Atualmente os diferentes sistemas de educação do Brasil não conversam entre si.","506",NA
"As três instâncias funcionam de maneira isolada: o Governo Federal foca mais no ensino superior, os governos estaduais na educação média/técnica, e os Municípios no ensino fundamental.","506",NA
"Precisamos evoluir para uma estratégia de Integração, onde os três sistemas dialoguem entre si.","506",NA
"Com base em avaliações técnicas, a Integração permitirá diagnósticos precisos, quer no desempenho dos estudantes ou na qualificação dos professores.","506",NA
"As universidades públicas e privadas contribuirão, nesse novo modelo, na qualificação de alunos e professores nas áreas aonde existam carências.","507",NA
"Será possível detectar e corrigir dificuldades no processo de formação de nossas crianças,as e jovens.","506",NA
"Com isso acreditamos que todos os indicadores irão melhorar, na busca de um jovem melhor preparado para o futuro e para a vida.","506",NA
"INOVAÇÃO, CIÊNCIA E TECNOLOGIA","H",NA
"O modelo atual de pesquisa e desenvolvimento no Brasil está totalmente esgotado.","506",NA
"Não há mais espaço para basear esta importante área da economia moderna em uma estratégia centralizada, comandada de Brasília e dependente exclusivamente de recursos públicos.","401",NA
"Estados Unidos, Israel, Taiwan, Coréia do Sul e Japão incentivam estratégias descentralizadas.","401",NA
"Criam-se ""hubs"" tecnológicos onde jovens pesquisadores e cientistas das universidades locais são estimulados a buscar parcerias com empresas privadas para transformar ideias em produtos.","507",NA
"Isso gera riqueza,","410",NA
"bem-estar","504",NA
"e desenvolvimento para todos.","410",NA
"Jair Bolsonaro pôde constatar isso pessoalmente.","305.2",NA
"Em todos os países visitados há tais centros.","411",NA
"Inclusive, nos países que têm liderado tal dinâmica, Japão, Taiwan e Coréia do Sul, há grande ênfase em cursos técnicos e carreiras de exatas.","411",NA
"Nossa intenção é criar um ambiente favorável ao empreendedorismo no Brasil.","401",NA
"Assim, valorizaremos talentos nacionais e atrairemos outros do exterior para gerar novas","506",NA
"tecnologias,","411",NA
"emprego","701",NA
"e renda aqui.","410",NA
"As universidades, em todos os cursos, devem estimular e ensinar o empreendedorismo.","401",NA
"O jovem precisa sair da faculdade pensando em como transformar o conhecimento obtido em enfermagem, engenharia, nutrição, odontologia, agronomia, etc, em produtos, negócios, riqueza e oportunidades.","401",NA
"Deixar de ter uma visão passiva sobre seu futuro.","401",NA
"A pesquisa mais aprofundada segue um caminho natural.","401",NA
"Os melhores pesquisadores seguem suas pesquisas em mestrados e doutorados, sempre próximos das empresas.","507",NA
"O campo da ciência e do conhecimento nunca deve ser estéril.","507",NA
"Cada região do Brasil deve buscar suas vantagens comparativas:","301",NA
"por exemplo, o Nordeste tem grande potencial de desenvolver fontes de energia renovável, solar e eólica.","416.2",NA
"Os países da Ásia têm investido nesta tecnologia.","416.2",NA
"Na agricultura, há espaço para trazer o conhecimento de Israel.","703.1",NA
"Inclusive, Jair Bolsonaro pôde iniciar conversas sobre parcerias nesses países.","305.2",NA
"O Brasil deverá ser um centro mundial de pesquisa e desenvolvimento em grafeno e nióbio, gerando novas aplicações e produtos.","411",NA
"Durante sua visita ao Japão, Jair Bolsonaro conheceu a utilização do grafeno, por exemplo, no desenvolvimento de um submarino nuclear.","104",NA
"ECONOMIA E INFRAESTRUTURA","H",NA
"ECONOMIA","H",NA
"Retomar o Crescimento","H",NA
"Nossa prioridade é gerar crescimento,","410",NA
"oportunidades","410",NA
"e emprego,","701",NA
"retirando enormes contingentes da população da situação precária na qual se encontram.","503",NA
"Nunca haverá estabilidade social na presença de fome, violência, miséria e de altas taxas de desemprego.","503",NA
"Todo indivíduo deveria ter as condições de fazer escolhas que permitam preservar sua vida, sua liberdade e buscar sua felicidade, além do conforto de sua família.","201.1",NA
"Uma sociedade justa propicia oportunidades para que todos os seus membros, e não apenas os mais ricos, tenham chances de trilhar o caminho da prosperidade, através de realizações pessoais e familiares.","503",NA
"Um país justo deve propiciar aos mais pobres oportunidades para que superem suas dificuldades e prosperem.","503",NA
"Garantir Estabilidade Macroeconômica","H",NA
"Para alcançar esses grandes objetivos sociais, nós brasileiros devemos afastar o populismo","414",NA
"e garantir que o descontrole das contas públicas nunca seja ameaça ao bem-estar da população.","414",NA
"O desequilíbrio fiscal gera crises, desemprego, inflação e miséria.","414",NA
"Inflação é o maior inimigo das classes mais desamparadas, pois não apenas empobrece o trabalhador,","414",NA
"mas também aumenta a desigualdade de renda, piorando a situação dos mais pobres.","503",NA
"Além disso, altos índices inflacionários dificultam o cálculo econômico, o que em última instância diminui o investimento privado, e reduz a produtividade no longo prazo.","414",NA
"Reorganizagão da Área Econômica","H",NA
"A área econômica terá dois organismos principais: o Ministério da Economia e o Banco Central, este formal e politicamente independente, mas alinhado com o primeiro.","414",NA
"Para atender ao objetivo de enxugamento do Estado,","414",NA
"mas, também, para garantir um comando uno e coeso para a área, o Ministério da Economia abarcam as funções hoje desempenhadas pelos Ministérios da Fazenda, Planejamento e Indústria e Comércio bem como a Secretaria Executiva do PPI (Programa de Parcerias de Investimentos).","302",NA
"Além disso, as instituições financeiras federais estarão subordinadas ao Ministro da Economia.","302",NA
"Eficiência do Estado e Controle dos Gastos","H",NA
"A administração pública inchou de maneira descontrolada nos últimos anos.","414",NA
"Houve uma multiplicação de cargos, benefícios e transferências sem comparação em nossa História.","414",NA
"Como resultado, vemos um setor público lento, aparelhado, ineficiente e repleto de desperdícios.","401",NA
"Podemos fazer mais com muito menos, partindo de um movimento de gestão pública moderna, baseado em técnicas como o “Orçamento Base Zero”,","414",NA
"além do corte de privilégios.","304",NA
"Eficiência do Estado e Controle dos Gastos","H",NA
"Daremos especial atenção ao controle dos custos associados à folha de pagamento do Governo Federal.","414",NA
"Os cortes de despesas","414",NA
"e a redução das renúncias fiscais constituem peças fundamentais ao ajuste das contas públicas.","414",NA
"O déficit público primário precisa ser eliminado já no primeiro ano e convertido em superávit no segundo ano.","414",NA
"Quebraremos o círculo vicioso do crescimento da dívida, substituindo-o pelo círculo virtuoso de menores déficits, dívida decrescente e juros mais baixos.","414",NA
"Isso estimulará os investimentos,","410",NA
"o crescimento","410",NA
"e a consequente geração de empregos.","701",NA
"Esse processo de redução de dívida será reforçado com a realização de ativos públicos.","414",NA
"Redução das Despesas com Juros","H",NA
"Em 2017 os juros nominais nos custaram R$ 400,8 bilhões (6,11% do PIB), e em 2016, R$407 bilhões (6,50% do PIB).","414",NA
"Ou seja, o Brasil gasta anualmente um Plano Marshall (que reconstruiu a Europa após a 2ª Guerra Mundial) com o pagamento de juros, sem contrapartidas para a população.","414",NA
"Nossa proposta de redução de juros passa por duas vertentes, que sempre respeitarão o Estado de Direito e os contratos existentes: Desmobilização de ativos públicos, com o correspondente resgate da dívida mobiliária federal.","414",NA
"Estimamos reduzir em 20% o volume da dívida","414",NA
"por meio de privatizações, concessões, venda de propriedades imobiliárias da União","401",NA
"e devolução de recursos em instituições financeiras oficiais que hoje são utilizados sem um benefício claro à população brasileira.","414",NA
"Algumas estatais serão extintas, outras privatizadas e, em sua minoria, pelo caráter estratégico serão preservadas.","401",NA
"Redução natural do custo médio da dívida, na medida em que o endividamento total caia, o Brasil voltará a ter grau de investimento e a estabilidade monetária se consolidará.","414",NA
"Reforma da Previdência","H",NA
"Há de se considerar aqui a necessidade de distinguir o modelo de previdência tradicional, por repartição, do modelo de capitalização, que se pretende introduzir paulatinamente no país.","505",NA
"E reformas serão necessárias tanto para aperfeiçoar o modelo atual como para introduzir um novo modelo.","505",NA
"A grande novidade será a introdução de um sistema com contas individuais de capitalização.","505",NA
"Novos participantes terão a possibilidade de optar entre os sistemas novo e velho.","505",NA
"E aqueles que optarem pela capitalização merecerão o benefício da redução dos encargos trabalhistas.","505",NA
"Obviamente, a transição de um regime para o outro gera um problema de insuficiência de recursos na medida em que os aposentados deixam de contar com a contribuição dos optantes pela capitalização.","505",NA
"Para isto será criado um fundo para reforçar o financiamento da previdência e compensar a redução de contribuições previdenciárias no sistema antigo.","505",NA
"Reforma Tributária","H",NA
"Nossa reforma visa a unificação de tributos","401",NA
"e a radical simplificação do sistema tributário nacional.","303",NA
"As propostas incluem: gradativa redução da carga tributária bruta brasileira","401",NA
"paralelamente ao espaço criado por controle de gastos","414",NA
"e programas de desburocratização,ao e privatização;","401",NA
"simplificação","303",NA
"e unificação de tributos federais eliminando distorções","401",NA
"e aumentando a eficiência da arrecadação;","303",NA
"descentralização e municipalização, para aumentar recursos tributários na base da sociedade;","301",NA
"discriminação de receitas tributárias específicas para a previdência na direção de migração para um sistema de capitalização com redução de tributação sobre salários;","505",NA
"introdução de mecanismos capazes de criar um sistema de imposto de renda negativo na direção de uma renda mínima universal; e","503",NA
"melhorar a carga tributária brasileira fazendo com que os que pagam muito paguem menos e os que sonegam e burlam, paguem mais.","503",NA
"Estabilidade Monetária e Independência do Banco Central","H",NA
"Nosso Programa mantém o tripé macroeconômico vigente: câmbio flexível,","414",NA
"meta de inflação","414",NA
"e meta fiscal.","414",NA
"No entanto, avançamos institucionalmente, com uma proposta de independência formal do Banco Central, cuja diretoria teria mandatos fixos, com metas de inflação e métricas claras de atuação.","414",NA
"Além disso, avançamos em maior flexibilidade cambial","414",NA
"e mais ortodoxia fiscal.","414",NA
"Inflação baixa e previsível será uma das prioridades inegociáveis em nosso governo.","414",NA
"Empresas Estatais","H",NA
"A União possui atualmente cento e quarenta e sete empresas estatais.","401",NA
"Muitas delas estiveram envolvidas em uma série de escândalos sobre desvios de recursos e ingerência política.","304",NA
"Deste total de empresas, dezoito delas dependem de recursos financeiros (subvenções) do governo federal para pagamento de despesas com pessoal, para custeio em geral ou de capital.","401",NA
"Dezesseis destas empresas são controladas diretamente pela União.","401",NA
"Outras duas são ligadas à Comissão Nacional de Energia Nuclear, controladas de maneira indireta.","401",NA
"Entre essas empresas estão a Companha Nacional de Abastecimento (Conab), a Valec, e a Empresa de Planejamento e Logística (EPL).","401",NA
"O gasto é altíssimo e crescente e o retorno não é vantajoso.","401",NA
"Segundo o relatório do Tesouro Nacional, de 2012 a 2016, o custo total da União com as dezoito empresas dependentes do governo federal foi de R$ 122,31 bilhões.","401",NA
"O retorno, nesse mesmo período, foi de R$ 89,35 bilhões, 73% do total gasto.","401",NA
"Privatizações e Concessões","H",NA
"O debate sobre privatização, mais do que uma questão ideológica, visa a eficiência econômica,","401",NA
"bem-estar","401",NA
"e distribuição de renda.","503",NA
"Temos que ter respeito com os pagadores de impostos.","401",NA
"No Brasil, esse debate envolve um elemento extra: o equilíbrio das contas públicas.","414",NA
"Em nossa proposta, todos os recursos obtidos com privatizações e concessões deverão ser obrigatoriamente utilizados para o pagamento da dívida pública.","401",NA
"Além disso, devemos ressaltar que a linha mestra de nosso processo de privatizações terá como norte o aumento na competição entre empresas.","401",NA
"Esse será nosso foco: gerar mais competição.","401",NA
"Afinal, com mais empresas concorrendo no mercado a situação do consumidor melhora e ele passa a ter acesso a mais opções, de melhor qualidade e a um preço mais barato","401",NA
"Algumas dificuldades políticas que poderiam surgir durante o processo de privatizações poderão ser contornadas, com bem desenhadas “golden shares”,garantidoras da soberania nacional.","401",NA
"O BNDES deverá retornar à centralidade em um processo de desestatização mais ágil e robusto,","401",NA
"atuando como um “Banco de Investimentos” da União","414",NA
"e garantindo que alcancemos o máximo de valor pelos ativos públicos.","414",NA
"Programa da Renda Mínima","H",NA
"Acima do valor da Bolsa Família, pretendemos instituir uma renda mínima para todas as famílias brasileiras.","503",NA
"Todas essas ideias, inclusive o Bolsa Família, são inspiradas em pensadores liberais, como Milton Friedman, que defendia o Imposto de Renda Negativo.","401",NA
"Propomos a modernização e aprimoramento do Programa Bolsa Família e do Abono Salarial, com vantagens para os beneficiários.","503",NA
"Vamos deixar claro: nossa meta é garantir, a cada brasileiro, uma renda igual ou superior ao que é atualmente pago pelo Bolsa Família.","503",NA
"Modernização da Legislação Trabalhista","H",NA
"Criaremos uma nova carteira de trabalho verde e amarela, voluntária, para novos trabalhadores.","702",NA
"Assim, todo jovem que ingresse no mercado de trabalho poderá escolher entre um vínculo empregatício baseado na carteira de trabalho tradicional (azul) — mantendo o ordenamento jurídico atual","702",NA
"—, ou uma carteira de trabalho verde e amarela (onde o contrato individual prevalece sobre a CLT, mantendo todos os direitos constitucionais).","702",NA
"Além disso, propomos a permissão legal para a escolha entre sindicatos, viabilizando uma saudável competição que, em última instância, beneficia o trabalhador.","702",NA
"O sindicato precisa convencer o trabalhador a voluntariamente se filiar, através de bons serviços prestados à categoria.","702",NA
"Somos contra o retorno do imposto sindical.","702",NA
"Abertura Comercial","H",NA
"Facilitar o comércio internacional é uma das maneiras mais efetivas de se promover o crescimento econômico de longo prazo.","407",NA
"A evidência empírica é robusta: países mais abertos são também mais ricos.","407",NA
"O Brasil é um dos países menos abertos ao comércio internacional,","407",NA
"a consequência direta disso é nossa dificuldade em competirmos em segmentos de alta tecnologia.","407",NA
"Do ponto de vista teórico, a dinamização do comércio internacional funciona como um choque tecnológico positivo no país,","407",NA
"aumentando sua produtividade","411",NA
"e incrementando seu crescimento econômico de longo prazo.","410",NA
"Propomos, assim, a redução de muitas alíquotas de importação","407",NA
"e das barreiras não-tarifárias","407",NA
", em paralelo com a constituição de novos acordos bilaterais internacionais.","107",NA
"Aumento da Produtividade","H",NA
"As novas tecnologias e demandas da sociedade exigem uma profunda transformação das empresas e das relações de trabalho.","702",NA
"Para colhermos os frutos desse movimento, precisamos implementar medidas que acelerem a modernização da nossa estrutura produtiva:","411",NA
"Desenvolvimento e fortalecimento do mercado de capitais.","414",NA
"Estímulos à inovação e ao investimento em novas tecnologias por meio de políticas “do lado da oferta”,","402",NA
"tais como depreciação acelerada e abertura comercial imediata","407",NA
"a equipamentos necessários à migração para a indústria 4.0.","411",NA
"Ampla requalificação da força de trabalho para as demandas da “nova economia” e tecnologias de ponta (4ª revolução industrial).","411",NA
"Apoio a “startups” e “scale-ups” de alto potencial, sempre em parceria com instituições privadas do mercado de capitais.","402",NA
"Negócios e Empresas","H",NA
"O relatório do Banco Mundial ""Doing Business”, que mede o ambiente para negócios e compara as regulações em 190 países do mundo, coloca o Brasil na 125ª posição.","401",NA
"Esse relatório classifica os países dando notas a vários quesitos como o tempo gasto com impostos, o número de dias para abrir um negócio, a facilidade para conseguir crédito e regras de proteção de acionistas minoritários.","401",NA
"Uma de nossas sugestões é a Simplificação de abertura/fechamento de empresas.","401",NA
"Será criado o BALCÃO ÚNICO, que centralizará todos os procedimentos para a abertura e fechamento de empresas.","402",NA
"Os entes federativos teriam, no máximo, 30 dias para dar a resposta final sobre a documentação.","402",NA
"Caso não dessem a resposta nesse prazo a empresa estaria automaticamente autorizada a iniciar ou encerrar suas atividades.","402",NA
"AGRICULTURA - UMA PROPOSTA DE MUDANÇAS","H",NA
"Um Novo Modelo Institucional","H",NA
"O Estado deve facilitar que o agricultor e suas famílias sejam os gestores do espaço rural.","703.1",NA
"Devemos identificar quais são as áreas em que realmente o Estado precisa estar presente, e a que nível.","401",NA
"Em alguns casos pode ser por ações ou atividades especificas,","401",NA
"em outros atuando como regulador, ou mesmo negociador.","401",NA
"O primeiro passo é sair da situação atual onde instituições relacionadas ao setor estão espalhadas e loteadas em vários ministérios, reunindo-as em uma só pasta.","303",NA
"A nova estrutura federal agropecuária teria as seguintes atribuições: Política e Economia Agrícola (Inclui Comercio),","703.1",NA
"Recursos Naturais e Meio Ambiente Rural","703.1",NA
"Defesa Agropecuária e","703.1",NA
"Segurança Alimentar,","503",NA
"Pesca e Piscicultura,","502",NA
"Desenvolvimento Rural Sustentável (Atuação por Programas),","416.2",NA
"Inovação Tecnológica.","411",NA
"Tais atribuições seriam exercidas dentro da nova forma de gestão, através de indicadores que permitam identificar e monitorar o andamento de cada programa.","303",NA
"Grandes Demandas","H",NA
"Segurança no Campo;","605.1",NA
"Solução para a questão agrária;","703.1",NA
"Logística de transporte e armazenamento;","411",NA
"Uma só porta para atender as demandas do Agro e do setor rural;","703.1",NA
"Políticas especificas para consolidar e abrir novos mercados externos;","703.1",NA
"Diversificação","703.1",NA
"INFRAESTRUTURA","H",NA
"O Brasil está entre os piores países do mundo","411",NA
"Segundo o Global Competitiveness Report de 2017 do World Economic Forum, a posição do Brasil em relação a de outros 136 países em termos da eficiência de sua infraestrutura é: Ferrovias 88º; Aeroportos 95º; Rodovias 103º; Portos 106º.","411",NA
"O ranking Brasileiro de sua qualidade de oferta de energia é 84º.","411",NA
"Desburocratizar,","401",NA
"simplificar,","401",NA
"privatizar,","401",NA
"pensar de forma estratégica e integrada;","411",NA
"o setor pode deixar de ser um gargalo para se transformar em solução.","411",NA
"Havendo baixo risco regulatório,","401",NA
"o Brasil poderá atrair uma grande quantidade de investimentos,","401",NA
"gerando empregos","701",NA
"e reduzindo o custo para seus usuários.","401",NA
"ENERGIA","H",NA
"de problema à solução","H",NA
"As últimas gestões provocaram grave crise setorial, com judicialização causada por decisões arbitrárias,","304",NA
"sucateamento da Eletrobrás e subsidiárias,","411",NA
"conflitos de interesses,","304",NA
"ineficiências na geração,","411",NA
"excessivos encargos tributários","401",NA
"e influência política.","304",NA
"Além de tudo isso, o setor é extremamente centralizado e dependente de ações e decisões do governo.","401",NA
"É preciso um choque liberal no setor.","401",NA
"Caso nada seja feito, o setor de energia será novamente um gargalo ao crescimento econômico no início da próxima década.","401",NA
"Crescendo de 3% a 4% ao ano, chegaremos em 2021- 22 altamente dependentes da geração termelétrica a óleo e carvão, elevando preços e ocorrências de blecautes (apagões)","411",NA
"UM EXEMPLO: As Pequenas Centrais Hidrelétricas têm enfrentado barreiras quase intransponíveis no licenciamento ambiental.","401",NA
"Há casos que superam os dez anos.","401",NA
"Faremos com que o licenciamento seja avaliado em um prazo máximo de três meses.","401",NA
"Transformaremos o setor elétrico, do atual quadro de judicialização generalizada e baixa confiança dos investidores, em um dos principais vetores de crescimento e desenvolvimento do Brasil.","401",NA
"A oferta de energia precisa ser confiável, a preços justos e competitivos internacionalmente,","411",NA
"além da geração de oportunidades a pequenos empreendedores","401",NA
"e criação de centenas de milhares de empregos qualificados no Brasil.","701",NA
"NORDESTE","H",NA
"potência energética","H",NA
"Apesar de acreditarmos que o novo modelo será benéfico para o Brasil como um todo, consideramos que o Nordeste será uma das regiões mais beneficiadas.","301",NA
"Com Sol, vento e mão de obra, o Nordeste pode se tornar a base de uma nova matriz energética limpa, renovável","416.2",NA
"e democrática.","202.1",NA
"Expandindo não somente a produção de energia, mas de toda a cadeia produtiva a ela relacionada: produção, instalação e manutenção de painéis fotovoltaicos;","411",NA
"parceria com as universidades locais para o desenvolvimento de novas tecnologias;","411",NA
"surgimento ou instalação de outras indústrias que sejam intensivas no uso de energia elétrica, etc.","411",NA
"PETRÓLEO E GÁS","H",NA
"Desenvolvimento da Competitividade","H",NA
"Depois da descoberta do pré-sal, a regulação do petróleo foi orientada pelo estatismo, gerando ineficiências.","407",NA
"A burocrática exigência de conteúdo local reduz a produtividade e a eficiência,","407",NA
"além de ter gerado corrupção.","304",NA
"Além disso. não houve impacto positivo para a indústria nacional no longo prazo.","411",NA
"Assim será necessário remover gradualmente as exigências de conteúdo local.","407",NA
"O emprego na indústria local crescerá nas atividades onde houver vantagens comparativas ou competitividade.","407",NA
"Assim, a indústria naval brasileira será compelida a investir e alcançar maiores níveis de produtividade.","407",NA
"PETRÓLEO E GÁS","H",NA
"Petrobras e mercados internos","H",NA
"Os preços praticados pela Petrobras deverão seguir os mercados internacionais,","407",NA
"mas as flutuações de curto prazo deverão ser suavizadas com mecanismos de hedge apropriados.","407",NA
"Ao mesmo tempo, deveremos promover a competição no setor de óleo e gás, beneficiando os consumidores.","407",NA
"Para tanto, a Petrobras deve vender parcela substancial de sua capacidade de refino, varejo, transporte e outras atividades onde tenha poder de mercado.","407",NA
"O gás natural exercerá papel fundamental na matriz elétrica e energética nacional, propiciando a qualidade e segurança energética para a expansão de forma combinada com as energia fotovoltaica e eólica.","411",NA
"A competição deve ser promovida também no setor de gás,","401",NA
"buscando uma ação coordenada entre estados, a quem compete sua regulação por determinação constitucional.","301",NA
"Na formulação do preço da energia, inclusive dos combustíveis, há uma forte influência dos tributos estaduais, que precisará ser rediscutido entre todos os entes federativos, com o objetivo de não sobrecarregar o consumidor brasileiro.","301",NA
"Fim do monopólio da Petrobras no Gás Natural","H",NA
"O Gás tem ganho destaque na matriz energética brasileira, contribuindo na transição para reduzir as emissões de CO2 e ajudar a integrar outras fontes renováveis intermitentes.","416.2",NA
"Para aumentar a importância do Gás Natural no setor, é importante acabar com o monopólio da Petrobras sobre toda a cadeia de produção do combustível,","407",NA
"mediante: Desverticalização","401",NA
"e desestatização do setor de gás natural.","401",NA
"Livre acesso e compartilhamento dos gasodutos de transporte.","401",NA
"Independência de distribuidoras e transportadoras de gás natural, não devendo estar atreladas aos interesses de uma única companhia.","401",NA
"Criação de um mercado atacadista de gás natural.","401",NA
"Incentivo à exploração não convencional, podendo ser praticada por pequenos produtores.","402",NA
"TRANSPORTES","H",NA
"Pesquisa da Confederação Nacional dos Transportes (CNT) afirma que a qualidade da infraestrutura rodoviária piorou.","411",NA
"Em 2017, somente 38,2% dos trechos percorridos foram classificados como bons ou ótimos.","411",NA
"Em 2016 esse índice era 41,8%.","411",NA
"Para se ter uma ideia do montante de investimento nas rodovias, em 2011, o governo injetou R$ 11,2 bilhões nas estradas, volume que caiu para R$ 8,61 bilhões em 2016 - mesmo nível de 2008, segundo a pesquisa.","411",NA
"No Brasil, para cada 1.000 quilômetros quadrados de área temos 3,4 quilômetros de infraestrutura ferroviária.","411",NA
"Nos Estados Unidos, o índice é de 22,9 quilômetros e na Argentina, 13,3 quilômetros.","411",NA
"Os investimentos do governo federal no transporte hidroviário caíram 77% desde 2010.","411",NA
"Os valores destinados ao setor, que chegaram ao patamar de R$ 1,5 bilhão no começo da década, caíram para somente R$ 300 milhões, em 2016.","411",NA
"O levantamento foi feito pela Confederação Nacional da Indústria (CNI).","411",NA
"PORTOS","H",NA
"de Santos a Yokohama","H",NA
"Segundo dados da Agência Nacional de Transportes Aquaviários (Antaq), somente em 2017, mais de 800 milhões de toneladas de cargas foram movimentadas nos 37 portos brasileiros.","411",NA
"É necessário melhorar a eficiência portuária","411",NA
"e reduzir custos,","411",NA
"além de atrair mais investimentos para atender a demanda crescente do país.","411",NA
"A melhoria neste setor vai além das estruturas portuárias e deve ter integração com uma vasta malha ferroviária e rodoviária ligando as principais regiões, assim como é feito em outros países.","411",NA
"Devemos ter como meta a redução de custos e prazos para embarque e desembarque.","411",NA
"Nosso objetivo é chegar, ao final do Governo, com patamares similares aos da Coréia do Sul (porto de Busan), do Japão (porto de Yokohama) e de Taiwan (porto de Kaohsiung).","411",NA
"AVIAÇÃO CIVIL","H",NA
"Céu de Brigadeiro","H",NA
"Segundo o último balanço divulgado pela Anac (Agência Nacional de Aviação Civil), foram transportados 98,9 milhões de passageiros em voos domésticos e internacionais em 2017.","411",NA
"É necessário atrair investimentos para a modernização e expansão dos aeroportos.","411",NA
"Nesse sentido, será buscado um modelo de maior participação privada, baseado no interesse público, reduzindo custos e elevando a eficiência.","401",NA
"Novamente, os modelos de sucesso do exterior serão fonte de inspiração.","401",NA
"O NOVO ITAMARATY","H",NA
"A estrutura do Ministério das Relações Exteriores precisa estar a serviço de valores que sempre foram associados ao povo brasileiro.","601.1",NA
"A outra frente será fomentar o comércio exterior com países que possam agregar valor econômico e tecnológico ao Brasil.","107",NA
"Deixaremos de louvar ditaduras assassinas","202.1",NA
"e desprezar ou mesmo atacar democracias importantes como EUA, Israel e Itália.","202.1",NA
"Não mais faremos acordos comerciais espúrios","407",NA
"ou entregaremos o patrimônio do Povo brasileiro para ditadores internacionais.","202.1",NA
"Além de aprofundar nossa integração com todos os irmãos latino-americanos que estejam livres de ditaduras,","108",NA
"precisamos redirecionar nosso eixo de parcerias.","401",NA
"Países, que buscaram se aproximar mas foram preteridos por razões ideológicas, têm muito a oferecer ao Brasil, em termos de comércio, ciência, tecnologia, inovação, educação e cultura.","107",NA
"Ênfase nas relações e acordos bilaterais.","407",NA
"PARA FINALIZAR","H",NA
"queremos resgatar o sentimento de uma nação, justa, livre e fraterna","H",NA
"Todos esses objetivos não valem sem resgatar a fraternidade, o respeito ao próximo, a cidadania, a responsabilidade com os mais fracos e vulneráveis.","606.1",NA
"Fraternidade é lutar por quem não pode se defender dos maus.","603",NA
"Brigar para que os jovens tenham um futuro,","706",NA
"e os idosos não fiquem desamparados por um estado falido","504",NA
"uma educação aparelhada ideologicamente","202.2",NA
"e uma Saúde em frangalhos.","504",NA
"É combater o roubo do dinheiro público","304",NA
"e não ser passivo ou indiferente com o sofrimento dos brasileiros.","601.1",NA
"ORDEM E PROGRESSO","H",NA
