"text","cmp_code","eu_code"
"Um país com uma crise estrutural",NA,NA
"Portugal encontra-se hoje numa grave situação económica e social, a mais grave do pós 25 de Abril, decorrente das opções políticas tomadas ao longo dos últimos 35 anos, por governos do PS, PSD e CDS. ","305",NA
"Opções que progressivamente foram desmantelando o sector produtivo, da indústria,","410",NA
"da agricultura, das pescas,","703",NA
"precarizando cada vez mais o emprego,","701",NA
"a saúde","504",NA
"e a educação","506",NA
"e que deram corpo à privatização de sectores chave da economia.","413",NA
"Este rumo incutido fragilizou o país e tornaram-nos mais dependentes do exterior e mais permeáveis às variações dos mercados financeiros e especulativos, como se verificou com a crise financeira de 2008 que afundou ainda mais o país no seu endividamento.","410",NA
"O recurso à ajuda financeira externa e a entrada do FMI em Portugal apenas irão agravar a situação do País, de uma forma geral, e hipotecar o nosso futuro ao longo de décadas.","410",NA
"A economia sucessivamente desmantelada pela liquidação do aparelho produtivo e pela cada vez maior dependência do exterior e das importações, teve como consequência directa a destruição do mercado interno.","410",NA
"Só com um mercado interno forte e desenvolvido se consegue robustez económica.","410",NA
"Mas obsessão cega pelo apoio ao sector exportador, representado pelas grandes empresas e um forte desprezo pelas micro, pequenas e médias empresas que empregam a grande massa trabalhadora tem hipotecado essa possibilidade.","410",NA
"Esta realidade tem como consequências o aumento galopante do desemprego, acompanhado pela perca de poder de compra, endividamento e incapacidade de poupança por parte da generalidade dos cidadãos.","410",NA
"O desemprego tem vindo a registar níveis históricos e demasiado preocupantes para o futuro do país, tendo atingido os 11,2%, segundo os dados oficiais, ultrapassando os 600 mil desempregados inscritos nos centros de emprego o que significa que o desemprego real estará bastante acima.","410",NA
"A verdade é que o Governo se virou exclusivamente para os objectivos da União Europeia e do controlo do défice, independentemente das necessidades do país e dos portugueses.","409",NA
"Curiosamente quando a maioria das pessoas vê as suas condições de vida com cada vez maiores dificuldades a quem são impostos sacrifícios, os grandes grupos económicos e financeiros parecem alheados desse sacrifício.","409",NA
"Os sucessivos cortes no investimento público,","409",NA
"os aumentos de IVA,","409",NA
"uma injusta e pouco eficiente máquina fiscal não têm contribuído para dinamizar da economia portuguesa, pelo contrário, têm levado a uma desregulação das contas nacionais agravadas por uma sucessão de investimentos duvidosos,","503",NA
"pelo estabelecimento de parcerias público-privadas com graves prejuízos para o erário público","413",NA
"e pela injecção de capital nos planos de resgate da Banca como forma de minimizar os impactos da crise financeira de 2008, o que contribuiu fortemente para o agravamento do défice.","408",NA
"Enquanto tudo isto se concretizava, e tanto mais que aqui podia ser exemplificado, por iniciativa do Governo, os grandes grupos económicos, entre os quais a GALP, a EDP e o sector financeiro, acumularam e continuam a acumular lucros exorbitantes.","503",NA
"E, mesmo com todos estes lucros, os portugueses continuam a ver aumentar o preço da electricidade, continuam a comprar gasolina cara, continuam a ser “espremidos” pelos bancos, enquanto o Estado continua a não tributar as colossais fortunas que alguns detêm e constroem neste país.","503",NA
"E é assim que o Governo contribui para a consolidação da injusta repartição de riqueza em Portugal","503",NA
"e para a criação de um maior fosso entre os mais ricos e os mais pobres – Portugal é dos países da União Europeia com a disparidade mais vergonhosa entre ricos e pobres e onde o risco de pobreza é dos mais acentuados.","503",NA
"Não é aceitável que nos imponham mais este modelo de país como uma inevitabilidade.","110",NA
"Os mesmos que nos fizeram acreditar que entrar para a União Europeia nos ia desenvolver, quando na realidade aniquilou o nosso aparelho produtivo e nos inundou com produtos e tecnologia vinda de fora.","110",NA
"Os mesmos que nos venderam a ideia do pelotão da frente e das maravilhas do Euro, quando na realidade o que fizeram foi sufocar-nos com PEC atrás de PEC, eliminando cada vez mais e mais direitos no emprego, na saúde e na educação,","110",NA
"sacrificando cada vez mais o ambiente e a protecção da Natureza,","501",NA
"enquanto banca e grandes grupos protagonizaram dos maiores lucros da História recente, e continuam a fazê-lo mesmo em período de crise profunda.","503",NA
"Basta!","305",NA
"É necessária uma alternativa.","305",NA
"Uma Alternativa de Esquerda e Sustentável","305",NA
"Está nas tuas mãos construir essa alternativa.","305",NA
"Temos que levantar este país do chão.","305",NA
"Fazer face à Crise e à Dívida",NA,NA
"No imediato Portugal tem que renegociar a dívida externa, os seus prazos, montantes e juros.","408",NA
"Não aceitar as pressões dos mercados financeiros e especulativos,","408",NA
"procurar diferentes fontes de financiamento","408",NA
"e procurar crédito com a venda de activos financeiros na posse do Estado.","408",NA
"É fundamental reformar o sistema fiscal tributando a banca ao nível das demais empresas,","403",NA
"taxar os grandes lucros de sectores que têm escapado ao contributo fiscal e os paraísos fiscais.","403",NA
"É urgente fortalecer a economia nacional recuperando o sector produtivo,","410",NA
"a agro-pecuária,","703",NA
"as pescas,","703",NA
"a indústria de transformação,","410",NA
"reduzindo as importações gerando emprego e aumentando a qualidade de vida dos portugueses.","410",NA
"Portugal não precisa do FMI e por isso não aceitamos as imposições negociadas entre PS, PSD e CDS e a Troika.","305",NA
"Desenvolver o País e assegurar a sua Soberania",NA,NA
"Portugal importa, hoje, mais de 75% do que consome.","410",NA
"Os sectores produtivos estão cada vez mais fragilizados e sufocados devido a sucessivas políticas que têm cedido à agressividade das políticas económicas europeias e que não têm em conta as especificidades do nosso país.","410",NA
"Esta situação acentua a nossa dependência e põe em causa a nossa soberania alimentar, arruína as micro, pequenas e médias empresas, destrói postos de trabalho, e não permite o escoamento dos nossos produtos.","410",NA
"Por outro lado contribui para o despovoamento do interior do país além de ter como consequência o aumento do transporte rodoviário de mercadorias e consequentemente o aumento das emissões de CO2, agravando as alterações climáticas.","410",NA
"A palavra chave para recuperar a economia nacional é Produzir.",NA,NA
"A agricultura praticada em Portugal continua a ser maioritariamente caracterizada por ser uma agricultura familiar e, como tal, com uma grande importância social. ","703",NA
"Esta agricultura, ocupando grande parte do território nacional, desempenha um papel fundamental no seu correcto ordenamento, de onde se salienta o seu papel na prevenção dos incêndios florestais, na preservação da biodiversidade e da nossa identidade cultural.","703",NA
"Apesar da importância estratégica da agricultura familiar, esta não tem encontrado eco nas políticas nacionais ou europeias, o que se traduziu no desaparecimento de mais de 300.000 explorações agrícolas nos últimos 20 anos, cerca de duas explorações em cada hora.","703",NA
"Embora o Mundo Rural não seja só agricultura, a verdade é que o abandono desta reflecte-se inevitavelmente nas aldeias, na paisagem que as rodeia, nas demais actividades do Mundo Rural e na desertificação humana.","703",NA
"Com “Os Verdes” e com a CDU, desenvolver o País:","703",NA
"Apoiar a produção nacional e promover o consumo local.","410",NA
"Recuperar e consolidar o mercado interno (cada vez mais inexistente) para que possa conferir maior robustez à nossa economia","410",NA
"e reduzir a nossa dependência externa de forma a inverter a actual balança comercial demasiado desfavorável para nós.","410",NA
"Promover a agricultura familiar, apoiando culturas diversificadas e adaptadas aos nossos solos e clima.","703",NA
"Fomentar a agricultura biológica conjugando com a protecção da biodiversidade e proibir o cultivo de Organismos Geneticamente Modificados.","703",NA
"Defender a reforma da Política Agrícola Comum e da Politica Comum de Pescas tendo em conta as especificidades nacionais.","703",NA
"Proibir o cultivo de Organismos Geneticamente Modificados e a utilização de transgénicos na alimentação animal ou humana.","703",NA
"Apoiar o sector pesqueiro recuperando e renovando a nossa frota.","703",NA
"Criar condições de escoamento dos produtos alimentares nacionais nomeadamente com apoio ao sector cooperativo.","703",NA
"Salvaguardar os nossos Direitos",NA,NA
"Hoje o desemprego atinge níveis históricos afectando perto de 700 mil portugueses.","503",NA
"Os sucessivos governos fizeram acentuar as desigualdades sociais, a pobreza e a exclusão social.","503",NA
"O PS agravou o novo Código do Trabalho, da autoria do Governo PSD/CDS e prepara-se para na versão da Troika, agravar ainda mais a precariedade e volatilidade do emprego, com cada vez menos direitos, agravado pelo aumento da exploração e do trabalho ilegal.","701",NA
"A obsessão pelo Pacto de Estabilidade e Crescimento, invocando a redução do défice, não se adequa às necessidades do nosso país e traduz-se em substanciais cortes orçamentais, diminuindo o investimento público, pondo em risco sectores fundamentais da nossa frágil economia e destruindo milhares de postos de trabalho.","409",NA
"Os direitos, liberdades e garantias dos cidadãos, que representam importantes conquistas civilizacionais, têm vindo a ser postos em causa.","201",NA
"Os cidadãos com deficiência ou com mobilidade reduzida continuam a ver os seus direitos negados.","503",NA
"Continua a haver situações de discriminação na nossa sociedade por questões de género, cor, orientação sexual ou religião.","503",NA
"Nos últimos anos testemunhámos grandes perigos para a paz invocando, hipocritamente, o combate ao terrorismo e a defesa da democracia para legitimar ilegalidades e crimes contra a humanidade.","106",NA
"Com “Os Verdes e com a CDU:","409",NA
"Promover o aumento dos salários, das pensões e reformas para fazer face aos elevados custos de vida.","409",NA
"Estabelecer como prioridade a criação de emprego combatendo a precariedade e o desemprego","409",NA
"Criar condições e incentivos para a fixação das populações no interior do país e o seu desenvolvimento.","409",NA
"Promover o combate à pobreza e à exclusão social.","503",NA
"Credibilizar e operacionalizar o sistema judicial em Portugal, tornando-o mais célere e eficiente;","605",NA
"Promover um Portugal não discriminatório garantindo a salvaguarda dos direitos a todos os cidadãos independentemente das suas opções políticas ou religiosas, das suas orientações sexuais ou identidade de género, das suas origens ou da sua condição física, psíquica ou de saúde.","503",NA
"Criar condições de apoio às vítimas, seja ao nível judicial, seja ao nível laboral, dando prioridade à sua integração e empregabilidade em caso de necessária deslocação da sua área de residência;","605",NA
"Garantir a educação e formação do individuo,","506",NA
"protegendo e promovendo a escola pública e o acesso gratuito a todos os níveis de ensino, articulado com as necessidades de desenvolvimento do país,","506",NA
"promovendo as saídas profissionais","506",NA
"e defendendo os direitos dos professores, em articulação com o sector.","506",NA
"Investir na Investigação Científica e no Desenvolvimento Tecnológico","411",NA
"e defender os direitos laborais e de segurança social destes profissionais.","701",NA
"Garantir o direito à saúde,","504",NA
"promovendo um Serviço Nacional de Saúde público e universal;","504",NA
"Defender a paz, reduzindo o orçamento militar do país,","105",NA
"promover a saída de Portugal da NATO","109",NA
"e a dissolução desta","109",NA
"Defender e valorizar a Constituição Portuguesa,","203",NA
"aprofundar a democracia e a participação,","202",NA
"salvaguardar as liberdades e os direitos fundamentais dos cidadãos.","201",NA
" ",NA,NA
"Defesa dos serviços públicos de sectores estratégicos para o desenvolvimento e soberania do nosso país",NA,NA
"Nos últimos anos temos assistido a constantes ataques, através de políticas de liberalização e privatização de serviços públicos fundamentais para o progresso económico, social e ambiental do país.","413",NA
"O Estado tem de assumir e reforçar o seu papel na defesa do sector público, sob pena de o entregar ao sector privado e a multinacionais que apenas têm fins lucrativos.","413",NA
"Foi o que sucedeu na saúde com as políticas dos sucessivos governos a fragilizarem o Serviço Nacional de Saúde (SNS) devido a uma gestão economicista, com a gestão privada de dezenas de hospitais, com o aumento dos custos da saúde.","504",NA
"Foi o que sucedeu na educação, com o desinvestimento na rede escolar pública, com a crescente elitização do ensino, com o aumento dos custos de ensino.","506",NA
"Foi o que sucedeu na segurança social com a introdução de uma privatização parcial.","504",NA
"É o que está a acontecer com a mercantilização da água, entre outros.","413",NA
"Com “Os Verdes” e com a CDU",NA,NA
"Defender o Sistema Nacional de Saúde nos diferentes níveis e descentralizar de forma a aproximar os serviços de saúde do utente ou garantir o seu transporte.","504",NA
"Assegurar a escola pública universal e gratuita em todos os níveis de ensino como pilar de desenvolvimento do país, articulando-a com os diferentes momentos e necessidades da sociedade e do país;","506",NA
"Garantir um serviço público de transportes de qualidade e acessível,","413",NA
"com preços socialmente justos.","412",NA
"Defender a gestão pública da água, não permitindo a sua privatização.","413",NA
"Manter no controlo do Estado e da representação democrática sectores chaves da economia portuguesa Banca, Energia, Transportes e Comunicações com vista à sustentabilidade económica e ambiental do país.","413",NA
"Um desenvolvimento virado para o ambiente e para a qualidade de vida.",NA,NA
"É responsabilidade inalienável do Estado assegurar uma política de protecção e de valorização ambiental, mas os sucessivos Governos têm encarado o ambiente sob uma perspectiva económica, visando lucros à custa do futuro do planeta, e não como um direito tal como consagrado na Constituição da República Portuguesa.","501",NA
"Na área do ambiente e desenvolvimento sustentável é recorrente a apresentação de medidas avulsas, inconsistentes e pouco eficazes na preservação dos recursos naturais, o que traz graves consequências para os ecossistemas, com claros efeitos negativos na nossa qualidade de vida e na nossa economia.","501",NA
"“Os Verdes” têm desenvolvido diversas acções e iniciativas de promoção de um desenvolvimento sustentável, nomeadamente denunciando o erro do Plano Nacional de Barragens de Elevado Potencial Hidroeléctrico que mais não é quem plano de betonização dos rios, quando com menos dinheiro e investindo estrategicamente na poupança e na eficiência energética, como diversos estudos o demonstram, se conseguem os mesmos resultados em termos de satisfação das nossas necessidades energéticas.","416",NA
"Desencadeámos uma campanha de defesa da ferrovia nacional, como resposta à intenção da CP e do Governo de encerrar um conjunto de linhas ferroviárias, nomeadamente as vias férreas do Corgo, Tâmega e Tua.","411",NA
"Com “Os Verdes” e com a CDU:","501",NA
"Salvaguardar a protecção dos habitats e da rede nacional de áreas protegidas tendo em conta a conservação da biodiversidade e o direito dos seres vivos ao desenvolvimento equilibrado do seu ciclo biológico.","501",NA
"Promover a poupança e o uso eficiente da energia,","501",NA
"reduzindo a dependência do petróleo e seus derivados,","501",NA
"apostando na redução de consumos,","501",NA
"na produção descentralizada e na energia solar térmica e fotovoltaica e nas eólicas.","501",NA
"Recusar o Plano Nacional de Barragens, nomeadamente as barragens com impactes significativamente negativos no ambiente e na economia local e regional.","416",NA
"Promover o desenvolvimento generalizado de aproveitamentos energéticos alternativos, nomeadamente das ondas e marés","501",NA
"e contribuir para a nossa independência energética e para a minoração dos efeitos das alterações climáticas.","501",NA
"Recusar a energia nuclear, seja a sua produção seja a sua compra a países produtores, pelos graves perigos que representam os resíduos gerados, a exploração de urânio, os graves riscos imprevisíveis de acidentes e também pela sua insustentabilidade económica.","501",NA
"Promover políticas de desenvolvimento e de ordenamento do território que permitam a utilização sustentável dos recursos naturais, em harmonia com a actividade humana e o respeito pelas Reservas Agrícola e Ecológica Nacionais;","501",NA
"Promover um plano integrado para o combate às alterações climáticas;","501",NA
"Proteger e promover a floresta nacional, assegurando um ordenamento com base na diversificação das espécies, na protecção dos ecossistemas e em medidas efectivas de prevenção e combate aos fogos florestais;","501",NA
"Promover uma mobilidade sustentável e permitir uma rede ciclável nacional e promover nos centros urbanos condições para uma mobilidade suave;","411",NA
"Desenvolver, modernizar e generalizar o transporte ferroviário convencional e reduzir ou mesmo parar o investimento na construção de mais auto-estradas em Portugal;","411",NA
"Promover a complementaridade e a intermodalidade dos transportes públicos.","411",NA
