"text","cmp_code","eu_code"
"A Voz Ecologista na Assembleia da República",NA,NA
"“Os Verdes” na Assembleia da República têm sido uma constante voz de denúncia, de alerta, em relação a problemas concretos com os quais as populações se confrontam.","305",NA
"Os cidadãos sabem que podem contar com “Os Verdes”, por isso, /e particularmente nas questões ambientais,","501",NA
"o Grupo Parlamentar de “Os Verdes” foi intensamente procurado para, no Parlamento, fazer eco de situações que degradam a qualidade de vida das pessoas e que contribuem para a degradação dos recursos naturais –","501",NA
"os 2 deputados dos Verdes multiplicaram-se num trabalho intenso de propostas para levar a Assembleia da República e o Governo a tomar medidas que fizessem da componente social e ambiental pilar estruturante do desenvolvimento.","501",NA
"Por isso, “Os Verdes” bateram-se pela gestão pública da água,","413",NA
"como forma de garantir que este recurso essencial à vida seja concedido como um direito e não como uma mercadoria;","413",NA
"pela segurança marítima sempre na lógica do investimento na prevenção da poluição;","501",NA
"pela promoção de uma floresta rentável com uma intervenção muito virada para adopção de mecanismos articulados e eficazes de alerta e de prevenção dos incêndios florestais","501",NA
"e associado a uma política florestal e agrícola de dinamização do mundo rural;","703",NA
"pela segurança alimentar entendendo a alimentação como o suporte de vida humana e logo livre dos interesses das multinacionais e necessariamente virada para a qualidade por isso nos batemos pela biosegurança e pela aplicação do princípio da precaução em relação aos transgénicos;","403",NA
"por uma política energética e de transportes que leve à poupança e eficácia energética,","501",NA
"passando pela auto-suficiência de Portugal no consumo de energia","501",NA
"e por uma política de mobilidade que promova mais qualidade de vida nas cidades,","501",NA
"o não isolamento do interior do país","107",NA
"e também o cumprimento do protocolo de Quioto;","107",NA
"pela gestão de resíduos que passa fundamentalmente pela redução da sua produção","501",NA
"e pelo tratamento adequado por fileiras de forma a potenciar todas as formas de reciclagem de resíduos.","501",NA
"Para informações mais detalhadas sobre o trabalho parlamentar, pode consultar aqui no site.","501",NA
"Um projecto como o de “Os Verdes”",NA,NA
"que tem como objectivo:","501",NA
"Mais justiça social","503",NA
"e ambiental,","501",NA
"que tem como pressuposto o fim da exploração dos seres humanos","503",NA
"e da delapidação dos recursos naturais,","501",NA
"que nega a concentração de riqueza e a generalização da pobreza,","503",NA
"que repudia todas as formas de discriminação de género, xenófoba ou racial,","503",NA
"que considera que a defesa do ambiente passa pela garantia de condições dignas de vida a todos os seres humanos","501",NA
"e pela gestão dos recursos naturais em função das necessidades reais dos povos e não dos lucros das multinacionais,","501",NA
"que, para isso entende que a existência de serviços públicos,","413",NA
"responsabilidade do Estado,","413",NA
"é determinante para garantir a sua gestão, feita em função das necessidades públicas e não dos interesses privados,","606",NA
"que para isso também defende que a aproximação dos poderes às populações é determinante,","202",NA
"que considera que a participação pública e colectiva é um mecanismo essencial para garantir a exigência dessa justiça,","202",NA
"é um projecto essencial para Portugal!","202",NA
"20 COMPROMISSOS PARA 20 DE FEVEREIRO",NA,NA
"1. Gestão pública da água","413",NA
"“Os Verdes” consideram que sendo a água condição de vida é um recurso estratégico fundamental para o desenvolvimento e só pode ser concebida como um direito e nunca como uma mercadoria,","501",NA
"o que só pode ser garantido através de uma gestão pública.","413",NA
"Somos contra qualquer manobra que tenha em vista a privatização da água em Portugal","413",NA
"e proporemos que a nova lei-quadro da água estabeleça esse princípio.","413",NA
"Continuaremos também a exigir uma política eficiente de combate às poluições,","501",NA
"que garanta a qualidade e promova a poupança de água.","501",NA
"2. Um outro caminho para a política energética",NA,NA
"“Os Verdes” defendem uma política energética que reduza a dependência externa (que se situa na ordem dos 90%)","501",NA
"através do aumento da produção nacional a partir das energias renováveis sem necessidade de recurso à construção de mais barragens ou à energia nuclear.","501",NA
"Consideramos que o sucesso desta política de energia só pode ser garantido com o investimento na poupança e na eficiência energéticas e não nos interesses das empresas do sector.","501",NA
"“Os Verdes” recusam ainda que Portugal venha a sofrer as consequências das opções nuclearistas espanholas","501",NA
"e por isso continuaremos a bater-nos contra a instalação de cemitérios de resíduos radioactivos junto à fronteira portuguesa ou na bacia hidrográfica de qualquer dos rios internacionais.","501",NA
"3. Tratamento dos resíduos sem recurso a queima",NA,NA
"“Os Verdes” consideram que está mais que provado que a queima de resíduos é um erro, tanto do ponto de vista ambiental como de gestão e,","501",NA
"por isso, voltar atrás e impôr a co-incineração de resíduos industriais ou a incineração de resíduos urbanos é não só, um erro estratégico, como demonstra ainda um grande desprezo pelas populações e pelas opiniões do movimento ambientalista.","501",NA
"Entendemos que a solução para os resíduos deve passar pela reciclagem e por outras formas de tratamento,","501",NA
"nomeadamente químico e físico para inertização e deposição controlada em aterro,","501",NA
"cuja opção de localização deve ser sempre sujeita a avaliação de impacte ambiental, para que a escolha dessa localização corresponda aos interesses de defesa da saúde pública e do ambiente e não de outros quaisquer.","501",NA
"Consideramos ainda que a redução de resíduos e a melhoria dos processos produtivos é uma questão de fundo que tem de entrar no centro da discussão e da estratégia para a eliminação de resíduos.","501",NA
"“Os Verdes” consideram também urgente a resolução dos passivos ambientais - solos e águas contaminadas –","501",NA
"situação que se vem arrastando devido à inércia e incúria de sucessivos governos, como é o caso, por exemplo, das minas abandonadas.","501",NA
"4. Cumprimento do protocolo de Quioto",NA,NA
"“Os Verdes” consideram lamentável que os sucessivos governos tenham contribuído para o aumento das emissões atmosféricas de gases com efeito de estufa por parte de Portugal","501",NA
"e que tenham demonstrado uma total inércia no que respeita à implementação de medidas internas para a redução dessas emissões.","501",NA
"Retomaremos as nossas propostas, designadamente no sector dos transportes, para promover a redução de dióxido de carbono","501",NA
"e para garantir que Portugal possa ainda cumprir o Protocolo de Quioto através da execução dos objectivos que assumiu no acordo de partilha de responsabilidades.","501",NA
"5. Revisão do regime de avaliação de impacte ambiental",NA,NA
"“Os Verdes” entendem que é urgente rever a legislação sobre a avaliação de impacte ambiental,","501",NA
"para que não fiquem de fora os grandes projectos","501",NA
"e para garantir que os estudos de avaliação sejam isentos","501",NA
"e promovam o seu objectivo de sustentar a aplicação ou não de decisões em função do seu real impacto na saúde pública e no ambiente","501",NA
"e que não funcionem como mero documento indicativo de medidas minimizadoras de impactes negativos.","501",NA
"6. Aplicação do princípio da precaução relativamente aos organismos geneticamente modificados (OGM)",NA,NA
"“Os Verdes” consideram que as culturas geneticamente modificadas podem ter efeitos nocivos sobre as culturas tradicionais e biológicas.","501",NA
"Numa matéria tão controversa, onde existem muitas dúvidas, “Os Verdes”, optando pela aplicação do princípio da precaução, opõem-se ao cultivo de organismos geneticamente modificados (OGM)","501",NA
"e defendem a aprovação de uma moratória que impeça esse cultivo em Portugal.","501",NA
"Iremos também propor um amplo debate público nacional sobre o cultivo, o consumo e a comercialização de OGM,","202",NA
"que envolva, designadamente, consumidores, agricultores, produtores, associações de defesa do ambiente e outros interessados.","202",NA
"7. Combater as assimetrias regionais através da regionalização",NA,NA
"“Os Verdes” consideram que as assimetrias regionais são um problema estrutural do país que impede o seu desenvolvimento harmonioso,","301",NA
"contribuindo para o desperdício de recursos e para agravar a degradação da qualidade de vida de milhares de cidadãos.","301",NA
"O certo é que as opções de investimento em vez de tenderem a corrigir estas disparidades regionais têm-nas agravado.","301",NA
"Consideramos que a implementação da regionalização é uma peça fundamental para inverter esta situação,","301",NA
"pelo que proporemos o cumprimento da Constituição da República Portuguesa no que diz respeito à criação das regiões administrativas em Portugal.","202",NA
"8. Despenalização da Interrupção Voluntária da Gravidez",NA,NA
"“Os Verdes” entendem que é urgente pôr cobro à hipocrisia que constitui a actual legislação sobre o aborto, que tem levado ao banco dos réus mulheres que optaram por interromper a sua gravidez.","604",NA
"Consideramos que não há acordos partidários que se possam sobrepor aos direitos das mulheres e que já se esperou tempo demais.","604",NA
"Nesse sentido, entendemos que deve ser a Assembleia da República a, logo no início da legislatura, promover a alteração da lei, sem mais demoras,","604",NA
"sem recurso a quaisquer mecanismos que tenham como objectivo adiar uma decisão que se impõe em Portugal e nesse sentido retomaremos o nosso projecto de lei.","604",NA
"9. Referendo sobre o tratado constitucional da União Europeia",NA,NA
"O processo de integração e construção da União Europeia (UE) não pode continuar à margem dos Portugueses.","202",NA
"“Os Verdes” entendem que os Portugueses têm que ser chamados a pronunciarem-se, através de referendo, sobre o que pensam da existência de um Tratado Constitucional na UE.","202",NA
"Para tal impõe-se uma revisão da nossa Constituição, para que esta passe a permitir o referendo de tratados internacionais,","202",NA
"tornando possível a elaboração de uma pergunta objectiva, clara e inequívoca.","202",NA
"Chega de malabarismos e manobras políticas, no que diz respeito ao conteúdo da pergunta do referendo e que só tem levado na prática à sua inviabilização, como se verificou no último chumbo feito pelo Tribunal Constitucional à pergunta cozinhada entre o PS-PSD-PP.","202",NA
"10. Revisão do pacto de estabilidade e crescimento",NA,NA
"“Os Verdes” há muito que reivindicam que o Governo português se empenhe, em Bruxelas, na revisão do pacto de estabilidade e crescimento, um documento irreal, que não tem em conta as diferentes realidades económicas dos diversos Estados europeus, nem tão pouco as conjunturas económicas.","411","110"
"Entendemos que na próxima legislatura todos os partidos políticos devem garantir que da Assembleia da República sairá uma reivindicação para a revisão desse pacto, de forma a não permitir a continuação da estagnação do nosso desenvolvimento a que temos assistido nos últimos anos.","411","110"
"11. Uma nova política de emprego",NA,NA
"“Os Verdes” consideram que o Código do Trabalho constituiu um retrocesso muito significativo no que concerne a direitos adquiridos dos trabalhadores portugueses,","701",NA
"fragilizando a sua posição em relação à entidade patronal","701",NA
"e promovendo uma maior insegurança no trabalho com reflexos muito negativos para a estabilidade das famílias portuguesas.","701",NA
"Por isso, para “Os Verdes”, a revogação do Código do Trabalho representará, nesta matéria, a primeira batalha a travar.","701",NA
"Para além desta, entendemos ainda necessário estabelecer medidas de emergência com vista à criação de emprego","701",NA
"e “declarar guerra” ao falso trabalho independente e temporário.","701",NA
"12. Uma sociedade sem discriminações para as pessoas com deficiência ou com risco agravado de saúde",NA,NA
"“Os Verdes” têm dado uma grande atenção, no seu trabalho parlamentar, aos direitos das pessoas com deficiência,","503",NA
"a todas as pessoas com mobilidade reduzida em geral","503",NA
"e também às situações de risco agravado de saúde.","503",NA
"Certo é que a legislação que tende a reduzir a sua discriminação não tem sido cumprida.","503",NA
"Propomo-nos, assim, reapresentar um projecto de lei anti-discriminatória com vista a garantir efectivas condições de igualdade na nossa sociedade.","503",NA
"13. Promover a escola pública",NA,NA
"“Os Verdes” consideram que a elevação do nível de instrução e educação dos cidadãos, e em particular dos jovens, é um imperativo fundamental para o desenvolvimento sustentável do País","506",NA
"e para garantir um melhor grau de realização pessoal para o indivíduo.","506",NA
"Neste sentido, consideramos que é fundamental que a educação venha a ser de facto uma prioridade nacional","506",NA
"e que a escola pública se torne o eixo estruturante da política de educação.","506",NA
"Para tal consideramos essencial que a escola seja dotada dos meios adequados para poder funcionar plenamente.","506",NA
"14. Fortalecer o Serviço Nacional de Saúde",NA,NA
"“Os Verdes” consideram que é fundamental garantir o princípio constitucional da saúde como um direito,","504",NA
"o que se torna completamente incompatível com as políticas que têm sido seguidas de fragilização do Serviço Nacional de Saúde (SNS),","504",NA
"designadamente com a empresarialização das unidades hospitalares e das intenções de aumento dos custos de saúde para as famílias através, por exemplo, do aumento das taxas moderadoras.","504",NA
"Iremos, por isso, bater-nos pelo direito à saúde e consequente fortalecimento do Serviço Nacional de Saúde.","504",NA
"15. Reforçar o Ordenamento do Território",NA,NA
"“Os Verdes” consideram que o ordenamento do território é uma peça fundamental para a conservação da natureza,","501",NA
"a preservação da biodiversidade e das paisagens,","501",NA
"para a mitigação de riscos e para a promoção de um desenvolvimento harmonioso do País.","501",NA
"Neste sentido, defendemos que toda e qualquer revisão dos instrumentos de ordenamento de território, como, por exemplo, a Reserva Agrícola Nacional (RAN) e a Reserva Ecológica Nacional (REN), venha reforçar e garantir os valores atrás referidos.","501",NA
"Defendemos ainda que sejam clarificados e reforçados os meios para que as áreas protegidas possam atingir os objectivos de conservação da natureza a que se destinam.","501",NA
"16. Pela Paz, contra a guerra",NA,NA
"“Os Verdes” sempre se opuseram à guerra contra o Iraque e à ocupação daquele território por forças militares,","105",NA
"pelo que exigem a retirada imediata do contingente da GNR no Iraque.","105",NA
"Entendemos que Portugal deve pugnar pela criação de condições de estabilidade e PAZ no Iraque e em toda a zona do Médio Oriente,","106",NA
"através da cooperação e solidariedade entre os povos.","107",NA
"17. Defesa da Agricultura e das Pescas",NA,NA
"“Os Verdes” continuarão a exigir que os interesses específicos da nossa agricultura","108",NA
"e das nossas pescas sejam defendidos no quadro da União Europeia","108",NA
"para que estes sectores venham a ocupar um lugar de maior relevo e mais dinâmico na economia do País e simultaneamente a gerar bem-estar social.","410",NA
"“Os Verdes” defendem ainda que este dinamismo deve ser gerado a partir do apoio e incentivo à pequena e média agricultura","703",NA
"e a práticas piscatórias mais amigas do ambiente","416",NA
"e que desempenhem um papel social relevante, como, por exemplo, no combate à desertificação e na erradicação das bolsas de pobreza na comunidade piscatória.","416",NA
"Por isso, “Os Verdes” bater-se-ão pela manutenção da soberania dos nossos mares","109",NA
"e pelo direito de exclusividade de pesca das embarcações portuguesas na Zona Económica Exclusiva (ZEE),","109",NA
"pelo apoio aos produtos regionais e locais","406",NA
"e pela introdução de uma quota obrigatória de produtos portugueses nos hipermercados.","406",NA
"18. Em defesa da Floresta",NA,NA
"“Os Verdes” consideram que só um ordenamento florestal e uma gestão florestal que valorizem simultaneamente as diversas funções da floresta - ecológicas, sociais e económicas - permitirão prevenir os incêndios florestais,","501",NA
"evitar os processos de erosão e desertificação","501",NA
"e gerar riqueza para o País.","410",NA
"Por isso, continuaremos a defender que deve ser dado todo o apoio aos produtores florestais","501",NA
"para que a reflorestação das áreas ardidas seja a oportunidade de ver crescer uma nova floresta capaz de gerar maisvalia ambiental,","501",NA
"económica","410",NA
"e social.","504",NA
"Devem ser ainda urgentemente reestruturadas as outras áreas de forma a pôr fim à eucaliptização desenfreada do País","501",NA
"e a dar uma nova oportunidade à floresta.","501",NA
"Ainda no que diz respeito aos incêndios, “Os Verdes” entendem que se deve investir em mais meios na prevenção","501",NA
"e adequar os meios de combate às necessidades do País.","501",NA
"A formação de bombeiros e a definição das zonas de risco com base em critérios adequados e tendo em conta os riscos associados ao fenómeno das alterações climáticas é outra prioridade que teremos em conta.","501",NA
"19. Imigração",NA,NA
"“Os Verdes” bater-se-ão pelo estabelecimento de uma política de integração anti-discriminatória da comunidade imigrante,","608",NA
"que permita o reagrupamento familiar e garanta os seus direitos em igualdade com os demais cidadãos,","608",NA
"nomeadamente no acesso ao emprego,","608",NA
"à habitação,","608",NA
"à educação,","608",NA
"à saúde e à segurança social.","608",NA
"Continuaremos a lutar pela legalização dos cerca de 70 mil imigrantes já recenseados nos processos de regularização, nomeadamente os cerca de 25 mil brasileiros que continuam pacientemente a aguardar resposta aos respectivos pedidos.","608",NA
"“Os Verdes” vão também continuar a exigir a ratificação, por parte de Portugal, da Convenção da ONU sobre a Protecção dos Direitos de todos os Trabalhadores Migrantes e Membros das suas Famílias.","608",NA
"20. Orla costeira e segurança marítima",NA,NA
"Com o “tsunami” muitos portugueses despertaram para os riscos que impendem sobre a nossa orla costeira.","501",NA
"A verdade é que “Os Verdes” desde há longos anos vêm alertando para estas e outras situações de risco que ameaçam o litoral português","501",NA
"e pela amplitude que os mesmos podem tomar na sequência da invasão desenfreada do betão que tem vindo a destruir os sistemas de protecção natural – dunas, arribas, etc.","501",NA
"Nesse sentido, “Os Verdes” continuarão a exigir um correcto ordenamento da faixa costeira,","501",NA
"a definição de zonas de risco","501",NA
"e a correcção das intervenções urbanísticas que vêm gerar e agravar riscos.","501",NA
"“Os Verdes” continuarão ainda a lutar pelo afastamento e interdição da passagem de navios com substâncias perigosas e radioactivas junto à nossa costa.","501",NA
