"content","cmp_code","eu_code"
"Manifesto Ecologista","H",NA
"A Alternativa Ecologista é na CDU","H",NA
"As pessoas já não aguentam","606.1",NA
"É preciso pôr fim ao empobrecimento do país e dos portugueses","606.1",NA
"Há Soluções","606.1",NA
"Há Respostas","606.1",NA
"Juntos Conseguimos!","606.1",NA
"As eleições legislativas deste ano podem e devem representar um verdadeiro marco na democracia do país.","202.1",NA
"São a oportunidade para pôr um fim aos processos de austeridade e de destruição da economia portuguesa,","409",NA
"redinamizar a produção nacional,","410",NA
"restituir direitos roubados e recomeçar um processo de reconquista da nossa soberania e da nossa democracia.","110",NA
"Os Verdes sempre defenderam que o programa da Troika, assinado conjuntamente pelo PS, PSD e CDS em 2011, não ia ser a solução para a dívida e que apenas traria um agravamento da situação, tal como se tem vindo a verificar - a dívida pública subiu dos 94% para cerca de 130%, de 2011 a 2014, e o país paga à volta 8 mil milhões de euros todos os anos em juros da dívida. Sempre alertámos para o facto de o Governo mentir às pessoas.","409",NA
"Antes de chegar ao Governo, o PSD afirmou que não ia cortar salários, nem aumentar impostos.","305.1",NA
"Com base nestas falsidades, obteve maioria relativa nas eleições legislativas de 2011 e, para garantir a maioria absoluta na Assembleia da República, formou uma coligação pós-eleitoral com o CDS-PP.","305.1",NA
"Assim que chegaram ao Governo, estes partidos cortaram salários e pensões, suspenderam os subsídios de férias e de natal, agravaram os impostos e reduziram os apoios sociais.","409",NA
"Prosseguiram e intensificaram o caminho de empobrecimento do povo e de definhamento da economia, já iniciado pelo PS.","409",NA
"Ao mesmo tempo que empurravam o país para baixo, tapavam os buracos do sistema financeiro e alimentavam o grande poder económico.","409",NA
"Anunciavam as medidas de empobrecimento como transitórias, mas a verdade é que o programa da Troika chegou ao fim e o Governo manteve-as e já anunciou prolongá-las até 2019.","305.1",NA
"Por tudo isto, podemos dizer que o povo português foi enganado!","305.1",NA
"Entretanto, aproximam-se novas eleições legislativas e o Governo PSD/CDS encetou mais uma campanha de propaganda, novamente baseada em ilusões e mentiras, designadamente dizendo que a emigração não aumentou, quando saíram cerca de 300 mil pessoas do país;","305.1",NA
"afirmando que não aumentou o ¡VA, quando toda a gente sabe que o ¡VA da restauração passou de 13% para 23% e o da eletricidade de 6% para 23%;","305.1",NA
"garantindo que não cortou apoios sociais quando, apesar do alargamento da pobreza, reduziram substancialmente o universo de pessoas com acesso a esses apoios.","305.1",NA
"Esta situação é grave. O país já não aguenta. É preciso dizer basta!","305.1",NA
"Há cerca de 40 anos que Portugal vive nas mãos da alternância governativa entre PSD e PS, algumas vezes com o CDS.","305.1",NA
"Em questões essenciais as políticas destes três partidos são idênticas e representam grandes custos sociais, ambientais e económicos a que urge pôr fim.","305.1",NA
"A gravidade desta situação coloca-nos grandes responsabilidades e desafios na construção de um país mais justo, mais democrático e soberano.","202.1",NA
"Por isso, de forma séria e responsável, estamos empenhados na procura de caminhos e soluções alternativas para Portugal.","202.1",NA
"É crucial que a alternância dê lugar à alternativa. Uma alternativa que não despreze o potencial humano, que assuma a qualidade de vida e a sustenta bi lidade como fundamentais para o progresso, o desenvolvimento e o bem-estar do país e das pessoas.","416.2",NA
"O PEV é parte ativa e indispensável desta alternativa.","305.1",NA
"O Grupo Parlamentar Os Verdes tem sido porta-voz das populações na Assembleia da República, tem confrontado o Governo sobre as consequências das suas opções políticas e tem apresentado um vasto número de propostas com soluções para o país.","305.1",NA
"Os Verdes, ao longo de 32 anos de lutas ecologistas, têm sido uma voz incansável a denunciar os efeitos nefastos das políticas do Governo e têm dado um valioso contributo para melhorar a vida das pessoas, indo ao encontro dos compromissos que temos com os cidadãos.","305.1",NA
"As eleições legislativas são uma oportunidade ímpar para promover a mudança de que o país precisa!","305.1",NA
"Os Verdes e a CDU fazem parte dessa mudança!","305.1",NA
"Continuaremos a apresentar respostas e soluções ecologistas para o país, para a Europa e para o mundo, num compromisso com a Natureza, base de todas as formas de vida e das atividades humanas.","416.1",NA
"Dar mais força e mais voz ao PEV e à CDU, é dar mais poder de influência às propostas ecologistas,","416.1",NA
"é contribuir para uma recolocação da democracia e da política ao serviço dos cidadãos.","202.1",NA
"Os Verdes e a CDU estão preparados para assumir as mais altas responsabilidades, incluindo a governação.","305.1",NA
"Trabalho, honestidade e competência, - uma marca vincada dos eleitos da CDU, são elementos essenciais para uma maior proximidade com os Portugueses.","305.1",NA
"Por uma alternativa que construa a mudança – Juntos conseguimos!","305.1",NA
"7 Razões para votar verde","H",NA
"1 — Renegociar a dívida - Pôr fim à austeridade e promover justiça social","H",NA
"Com o programa de resgate financeiro e de austeridade, a situação do país agravou-se, apesar das grandes tentativas de branqueamento e escamoteamento dos indicadores por parte dos protagonistas.","409",NA
"A imposição de sacrifícios pesados à maioria da população portuguesa não contribuiu em nada para reduzir o endividamento do país e estes sacrifícios assumem, cada vez mais, um caráter permanente em vez de temporário.","409",NA
"A dívida não parou de aumentar, passando de 195 mil milhões de euros em 2009, para 225 mil milhões, atingindo atualmente cerca de 130% do PIB nacional.","409",NA
"Entre 2011 e 2015 os encargos da dívida valeram-nos, só em juros, cerca de 8 mil milhões de euros por ano, mas sempre a aumentar.","409",NA
"A dívida, tal como está estruturada, não é sustentável e o que estamos a pagar por ano em juros faz falta para devolver salários e pensões e para pôr o país a produzir.","409",NA
"O Governo empobrece os portugueses ao mesmo tempo que permite “off shores”","409",NA
", permite que famílias fiquem sem casa por causa de uma mísera dívida ao fisco","409",NA
", ao mesmo tempo que permite elevados benefícios fiscais para as grandes empresas.","409",NA
"Não há justiça fiscal nestas opções. Dizem que não há dinheiro para as pessoas, mas para os bancos nunca faltou.","409",NA
"Dizem que não é possível diminuir a carga fiscal de quem trabalha, mas diminuíram duas vezes o IRC das grandes empresas.","409",NA
"Atualmente, os cidadãos estão a trabalhar para os mercados e para os bancos e o Governo está a usar as pessoas para servir o poder económico.","409",NA
"A austeridade e estas políticas de direita não resolveram nenhum dos problemas do povo português, e só vieram criar problemas estruturais no país.","409",NA
"Com Os Verdes e com a CDU","H",NA
"Os Verdes têm soluções para Portugal e alternativas ao empobrecimento.","409",NA
"Essas alternativas passam, desde logo, pela renegociação da dívida, a única forma de criar as condições para o seu pagamento","409",NA
"e para gerar condições de criar investimento e riqueza produtiva.","410",NA
"É ainda necessário devolver à política fiscal a sua natureza redistributiva,","409",NA
"pôr fim à austeridade","409",NA
"e promover a justiça social e justiça ambiental.","416.2",NA
"Como alternativa ao empobrecimento e para garantir o futuro do país, Os Verdes propõem:","H",NA
"- Avaliar as responsabilidades pela dívida.","409",NA
"- Renegociar a dívida em três dimensões diferentes: montantes, juros e prazos.","409",NA
"- Reajustar a dívida em função da sua natureza, não embarcando no seu caráter especulativo.","409",NA
"- O pagamento da dívida indexado a um fator revelador de crescimento económico como, por exemplo, às exportações.","409",NA
"- A reposição da taxa do IRC nos 25% para as grandes empresas.","403",NA
"- Estabelecer um regime especial de IRC para as PME com taxa reduzida de 12,5% para os primeiros 12.500 euros de lucro.","402",NA
"- Desenvolver um sistema fiscal que garanta uma repartição justa dos rendimentos e da riqueza, eliminando os imorais benefícios fiscais de que gozam os bancos, as seguradoras e, de uma forma geral, os grandes grupos económicos.","403",NA
"- Obrigar a banca, sobretudo a que recebeu ajudas do Estado, a estabelecer metas quantitativas de apoio às PME.","403",NA
"- Reposição da taxa intermédia do IVA na restauração (13%) e da eletricidade (6%)","409",NA
"- Combater a fraude e a evasão fiscal.","304",NA
"- Desenvolver uma política fiscal justa e equilibrada.","403",NA
"- Alargar a contribuição paga pelo setor energético, que tem vindo a obter lucros astronómicos.","403",NA
"2 — Promover uma economia sustentável","H",NA
"Desenvolver o país, combater o despovoamento e a emigração forçada","H",NA
"A aplicação de políticas neoliberais, tem debilitado a nossa economia, fragilizado os sectores produtivos, nomeadamente a agricultura familiar e a pesca artesanal,","703.1",NA
"impedindo o escoamento dos nossos produtos, destruindo postos de trabalho, em particular nas micro, pequenas e médias empresas.","402",NA
"O desemprego, que cresceu substancialmente, a precariedade laboral e a falta de proteção social levaram mais de 300 mil portugueses a emigrar em busca de trabalho e de melhores condições de vida, nos últimos 3 anos.","701",NA
"Uma emigração forçada que exporta jovens e trabalhadores qualificados, em áreas tão diversas como as engenharias, ciências e saúde, que deveriam ser uma ajuda na dinamização da nossa economia e do nosso desenvolvimento.","701",NA
"Enquanto isso, os mais ricos enriqueceram, em plena crise, enquanto a generalidade dos portugueses empobreceu.","503",NA
"Políticas que levam à perda da soberania nacional, nomeadamente a alimentar, pela obediência cega dos governos (PSD/CDS/PS) à Política Agrícola Comum, à Política Comum de Pescas e aos Acordos de Livre Comércio estabelecidos pela União Europeia, sendo essencial tornar público o que se pretende com o Acordo de Parceria Transatlântica de Comércio e Investimento (TTIP).","110",NA
"Este acordo, a ser assinado, afetará todos os sectores da sociedade, causando diversos impactos a nível social e económico, destruindo milhares de empregos, pela falência das micro e pequenas empresas que não sobreviverão a um mercado completamente liberalizado.","110",NA
"Este tratado pretende aligeirar as regras que respeitam à garantia da qualidade dos produtos, à segurança alimentar e ao bem-estar animal, incentivando um modelo produtivo mais intensivo.","110",NA
"Num país que importa atualmente cerca de 75% dos alimentos que consumimos, quando há 30 anos produzíamos cerca de 80%, a aplicação destas políticas irá agravar o despovoamento e a desertificação do interior do país, aumentando as desigualdades regionais.","503",NA
"Os impactos ambientais resultantes da deslocalização do consumo e da produção traduzem-se no aumento do consumo de combustíveis fósseis e das emissões de gases com efeito de estufa, devido ao transporte dos bens alimentares, com consequências nas alterações climáticas.","501",NA
"Também a mobilidade dos portugueses tem sido posta em causa, com reduções significativas nos serviços de transporte de passageiros, com implicações na coesão territorial, e até no acesso a serviços públicos.","503",NA
"O aumento dos preços dos títulos de transporte, a diminuição de horários, o desinvestimento nas infraestruturas e material circulante, particularmente na ferrovia, foram medidas que afastaram milhões de passageiros dos transportes públicos.","411",NA
"Com Os Verdes e com a CDU","H",NA
"Existem soluções e alternativas que Os Verdes consideram fundamentais para um desenvolvimento sustentável do país, através de políticas geradoras de riqueza e promovendo a economia nacional.","416.2",NA
"Investindo nos sectores produtivos, nomeadamente a agricultura e as pescas,","703.1",NA
"e incentivando a inovação empresarial, podemos contribuir para diminuir o despovoamento.","411",NA
"Como alternativa às políticas que condenam as pessoas à miséria, Os Verdes propõem: - Criar incentivos, nomeadamente fiscais, às micro, pequenas e médias empresas","402",NA
"- Combater e rejeitar o TTIP em negociação, para que os negativos impactos sociais, económicos, ambientais e alimentares não se tornem realidade.","416.2",NA
"- Promover e incentivar a produção e o consumo local.","703.1",NA
"- Um maior apoio e proteção aos pequenos e médios agricultores, promovendo a agricultura biológica, com vantagens ambientais e geradoras de riqueza para a economia local.","703.1",NA
"- Defender a soberania portuguesa sobre as águas marítimas nacionais e apoiar e promover as artes de pesca tradicionais, menos nefastas para os ecossistemas marinhos.","703.1",NA
"- A criação de condições de apoio ao sector cooperativo e defender os consumidores.","403",NA
"- Apoiar a inovação e as iniciativas das associações juvenis.","606.1",NA
"- Pôr fim aos processos de privatizações, nos vários sectores essenciais da nossa economia.","413",NA
"- Lutar pela gestão pública dos transportes coletivos, com preços socialmente justos.","503",NA
"- Apoio à ferrovia convencional, elemento de estruturação do próprio território nacional.","411",NA
"- Defender a complementaridade e a intermodalidade dos transportes públicos e uma reestruturação do sector visando uma progressiva utilização de transportes coletivos, em detrimento do automóvel.","411",NA
"3 — Promover o emprego","H",NA
"Garantir os direitos e a qualidade de vida","H",NA
"A generalidade dos portugueses vive hoje tempos difíceis, trabalha mais horas, ganha menos, paga mais impostos e tem menos direitos.","701",NA
"O desemprego em Portugal tem vindo a atingir níveis históricos e muito graves para o presente e o futuro do país, atingindo um valor real de 1 milhão e 200 mil desempregados, ou seja, uma taxa de desemprego real de 22%, uma realidade bem diferente da taxa oficial de 13,7%.","701",NA
"Destes desempregados, mais de meio milhão não tem acesso a qualquer apoio social.","504",NA
"Esta situação é resultado das políticas do governo PSD/CDS, e da sua obsessão com o défice, ignorando completamente as necessidades e os direitos mais básicos dos portugueses.","701",NA
"É preciso desmascarar as sucessivas mentiras deste governo, que destruiu milhares de postos de trabalho, que fomentou a precariedade, a emigração e a instabilidade, que cortou salários e pensões, que suspendeu os subsídios de férias e de natal, que criou estágios, cursos e formações em vez de empregos.","701",NA
"O Governo tem insistido na implementação de uma economia de baixos rendimentos, através designadamente, dos cortes nos salários, do aumento do horário de trabalho, do não pagamento de horas extraordinárias e da eliminação de feriados.","701",NA
"A consequência destas opções políticas é o empobrecimento da generalidade do povo português.","503",NA
"Segundo dados recentes do INE, o risco de pobreza tem vindo a aumentar em Portugal, afetando diretamente mais de 2 milhões de pessoas, tendo-se acentuado entre os que já se encontravam nessa situação.","503",NA
"As políticas do PSD/CDS alastraram a fome, a pobreza e a exclusão social, que acentuaram as desigualdades e que saquearam direitos sociais e laborais.","503",NA
"De facto, os direitos sociais, liberdades e garantias dos cidadãos, que representam importantes conquistas civil izaciona is, estão ameaçados de tal maneira que colocam em risco a dignidade e qualidade de vida das pessoas.","503",NA
"Com Os Verdes e com a CDU","H",NA
"Os Verdes entendem que o direito ao trabalho e o trabalho com direitos são fundamentais para garantir condições de digna subsistência, de realização dos trabalhadores e para permitir planear um futuro.","701",NA
"Neste momento, é urgente repor os níveis de rendimento que a política de empobrecimento roubou aos portugueses","409",NA
"e incentivar dinâmicas económicas que fomentem a criação de postos de trabalho.","409",NA
"Como alternativa ao desemprego, à precariedade e à delapidação dos direitos, Os Verdes propõem - Promover o aumento e a valorização dos salários, das pensões e das reformas. ^","412",NA
"- O aumento do salário mínimo nacional para 600 euros no início de 2016.","412",NA
"- Atualizar os valores do subsídio de desemprego e do subsídio social de desemprego e promover alterações nos critérios de atribuição no sentido de abranger todas as pessoas desempregradas.","504",NA
"- A reposição das 35 horas de trabalho semanal.","701",NA
"- A reposição dos quatro feriados que o Governo extinguiu e a instituição da terça-feira de Carnaval como feriado obrigatório.","701",NA
"- Estabelecer como prioridade a criação de emprego com direitos, como condição essencial para garantir condições de dignidade e qualidade de vida.","701",NA
"- Investir no combate ao desemprego, designadamente por via da redinamização da economia interna.","409",NA
"- Acabar com as chamadas requalificações da função pública, que constituem, na verdade, uma antecâmara para o despedimento.","701",NA
"- Promover o combate à pobreza, às desigualdades, à exploração e à exclusão social.","503",NA
"- A devolução imediata dos valores retirados aos rendimentos do trabalho por via dos cortes salariais.","409",NA
"- Adequar as taxas de IRS aos rendimentos dos trabalhadores, protegendo sobretudo quem ganha menos.","503",NA
"- Defender uma lei laboral que proteja os direitos dos trabalhadores,","701",NA
"com salário igual para trabalho igual entre mulheres e homens.","503",NA
"- O reforço da fiscalização do cumprimento das normas de trabalho, combatendo o uso abusivo e ilegal de contratos a termo, de falsos recibos verdes, e dos contratos de trabalho temporário.","701",NA
"- O combate ao trabalho subdeclarado e não declarado, e ao abuso e ilegalidade na utilização de medidas de emprego, como os estágios e os contratos emprego-inserção para a substituição de trabalhadores e a criação de um programa nacional de combate à precariedade.","701",NA
"- Defender uma sociedade de igualdade, solidariedade e estabilidade,","503",NA
"com o reforço da democracia, da proteção dos direitos, liberdades e garantias dos cidadãos.","202.1",NA
"4 - Defender os serviços públicos e as funções sociais do Estado Fator de igualdade, de bem-estar e de desenvolvimento","H",NA
"O atual Governo tem atacado de forma cerrada os serviços públicos, constitucionalmente consagrados e de legítimo direito a uma sociedade justa, igualitária e desenvolvida.","504",NA
"O direito à Educação, à Saúde, à Segurança Social e tantos outros tem tido cortes cegos, num total alheamento das condições de vida das populações e prejudicando a sua qualidade de vida.","504",NA
"Nos últimos anos temos assistido a constantes ataques, através de políticas de liberalização e privatização de serviços públicos fundamentais para o progresso económico, social e ambiental do país.","413",NA
"Na Saúde, uma “folha de excel” tem ditado sucessivos e inadmissíveis cortes, que têm resultado numa fragilização do Serviço Nacional de Saúde e no aumento dos custos para os utentes.","504",NA
"O encerramento de Serviços de Atendimento Permanente (SAP),","504",NA
"a redução de valências e especialidades em inúmeros hospitais,","504",NA
"a falta de médicos de família e o desinvestimento na rede de cuidados primários, tem levado a situações calamitosas nas urgências dos hospitais públicos.","504",NA
"Todas estas situações contrastam com o aumento de hospitais privados, onde a Saúde é um privilégio de poucos, e para os quais o Governo concede benefícios e financiamento, ao mesmo tempo que deixa em agonia médicos e profissionais de saúde que tentam prestar um serviço público e um direito consagrado na Constituição da República Portuguesa, muitas vezes sem meios e em condições muito precárias, nos hospitais públicos.","504",NA
"Na Escola Pública os ataques têm-se agudizado, verificando-se um acentuado desinvestimento na rede escolar pública, ao mesmo tempo que o Governo apoia o ensino privado que vem proliferando, levando a uma crescente elitização do ensino.","506",NA
"A demanda deste Governo tem passado pelo despedimento massivo de professores, pela revisão curricular, pela prossecução dos mega-agrupamentos, pelo aumento do número de alunos por turma.","506",NA
"A recente proposta de municipalização do ensino, não é mais do que o culminar da estratégia de PSD/CDS de desresponsa bi lizar o Estado daquilo que o Governo entende como uma despesa, e não como um investimento fundamental e crucial para o desenvolvimento do País.","506",NA
"No Ensino Superior os ataques verificam-se ao nível do seu su b-fina ncia mento que, aliado ao aumento das propinas e redução dos apoios sociais, tem levado ao abandono de muitos estudantes, por falta de condições económicas para suportar os seus custos.","506",NA
"É cada vez mais um Ensino Superior só acessível a alguns.","506",NA
"Também o Sistema Nacional de Tecnologia e Ciência tem vindo a ver a sua componente pública cada vez mais enfraquecida, por via da desresponsabilização do Estado perante este seu papel essencial.","411",NA
"Os cortes orçamentais têm provocado problemas estruturais às Universidades, Politécnicos e Laboratórios que produzem ciência, pela via da investigação e desenvolvimento.","411",NA
"A Segurança Social, que constitui um dos Direitos e Deveres Sociais do Estado, para com os seus cidadãos, consagrado na Constituição da República Portuguesa, também não tem escapado á “gula” de PSD/CDS que mais uma vez embutidos de um espírito destruidor, despedem trabalhadores, e apregoam uma insustentabilidade do sistema, que promovem cada vez mais, fruto de políticas que têm destruído a economia, o emprego e o tecido social nacional.","701",NA
"O objetivo do Governo tem sido a privatização de setores fundamentais, de modo a gerar um Estado mínimo para os cidadãos, mas pesado para o serviço aos grandes interesses privados.","413",NA
"Nesse sentido tem procurado vender o país à peça, desde a REN, EDP, CTT, EGF, transportes de Lisboa e Porto, TAP.","413",NA
"São erros que saem caros ao país e que condicionam as opções de desenvolvimento do país.","413",NA
"Com Os Verdes e com a CDU","H",NA
"A defesa dos serviços públicos de sectores estratégicos para o desenvolvimento e soberania do nosso país é urgente!","413",NA
"Não aceitamos que os direitos dos cidadãos fiquem amarrados à lógica do lucro das empresas.","413",NA
"Pela defesa das funções sociais do Estado, Os Verdes propõem: Defender o SNS, garantindo a preservação do seu modelo público de organização e financiamento.","504",NA
"- Revogar as taxas moderadoras.","504",NA
"- Repor as condições de funcionamento dos serviços, quer ao nível dos Cuidados Primários, quer ao nível Hospitalar, garantindo as necessárias condições de dotação em pessoal e meios técnicos,","504",NA
"bem como o seu respetivo enquadramento logístico, técnico e organizativo, no sentido da salvaguarda das premissas de segurança e qualidade.","504",NA
"- Incentivar a participação dos cidadãos e das suas estruturas representativas, assim como das Autarquias, na discussão das questões relativas à organização dos Serviços e respetiva dotação em termos técnicos e humanos.","405",NA
"- Pugnar para que todos os cidadãos tenham direito à Saúde, através do acesso à prestação de cuidados de saúde dignos.","504",NA
"- Pôr um fim às taxas moderadoras, que só têm como objetivo afastar os utentes do SNS.","504",NA
"- Extinguir as atuais políticas de destruição da Escola Pública","506",NA
"e exigir uma educação para todos e todas, uma escola inclusiva, gratuita e de qualidade, que rejeita lógicas de privatização do sistema.","506",NA
"- Pugnar pela redução do número de alunos por turma, pela vinculação de docentes, e pelo aumento do número de assistentes operacionais nas escolas.","506",NA
"- Rejeitar a municipalização do ensino em Portugal, exigindo que o Estado assuma as suas responsabilidades, para assegurar a escola pública universal e gratuita em todos os níveis de ensino, promotora da igualdade, da qualidade e do desenvolvimento.","506",NA
"- Defender a educação e formação de adultos, exigindo uma avaliação rigorosa da oferta atual e uma reformulação dos seus dispositivos enquanto instrumentos de promoção de desenvolvimento pessoal e social e de equidade no acesso ao conhecimento e às qualificações.","506",NA
"- Um ensino superior que permita a frequência das mais amplas camadas da população, bem como o reforço significativo das verbas do OE para o ensino superior.","506",NA
"- Mais financiamento para o Sistema Científico Nacional bem como a transparência na atribuição de verbas.","411",NA
"- A contratação de novos quadros superiores, investigadores e técnicos para o trabalho no sector público de I&D e para as áreas de investigação e ciência.","411",NA
"- Defender a Segurança Social pública, num sistema solidário, com a participação das associações sindicais, de outras organizações representativas dos trabalhadores e de associações representativas dos demais beneficiários.","405",NA
"- Mais emprego e melhores salários, que significam melhores prestações sociais e mais receitas para a sustenta bi lidade da Segurança Social.","701",NA
"- Incentivar a natalidade e criar condições para que a emigração forçada deixe de ser uma realidade, de modo a aumentar a população ativa que contribui para o sistema de segurança social.","701",NA
"- O estabelecimento de critérios de justiça nos apoios e prestações sociais,","503",NA
"bem como a melhoria da proteção social das pessoas com deficiência, dos aposentados, pelo reforço dos direitos de maternidade e paternidade pela universalidade do abono de família a crianças e jovens.","503",NA
"- Defender a Segurança Social pelo seu papel essencial na coesão social, na concretização dos valores da solidariedade laboral e entre gerações, na salvaguarda do rendimento dos cidadãos, na proteção da maternidade e da paternidade ou na diminuição da pobreza e da exclusão social.","503",NA
"- Combater uma política de privatizações, bastante lesiva para os interesses do Estado e da defesa dos direitos dos cidadãos.","413",NA
"5 - Alterações Climáticas","H",NA
"Combate e Adaptação e Eficiência Energética","H",NA
"Sendo cada vez mais evidente a ocorrência de fenómenos climatéricos extremos associados à ação Humana, encontramo-nos cada vez mais confrontados com a real necessidade de reduzir a nossa contribuição para o aumento dos gases com efeito de estufa.","501",NA
"Da mesma forma, temos inevitavelmente de nos ir adaptando às já bem presentes alterações climáticas.","501",NA
"Cada vez mais o nosso país é também confrontado com fenómenos extremos de calor, fogos florestais,","501",NA
"o aumento da vulnerabilidade da nossa orla costeira associado ao aumento do nível médio das águas do mar,","501",NA
"e o perigo de surgimento de doenças ligadas às mudanças do clima.","501",NA
"Portugal tem também um papel importante a desempenhar e não pode continuar a ter uma dependência energética elevada acima dos 70%, reduzida nos últimos anos, não tanto pela produção da energia no país, mas em resultado do menor consumo devido à crise a que as troikas nos subjugaram.","501",NA
"Para além do empobrecimento generalizado do país,","503",NA
"em quatro anos o preço do gás natural e da eletricidade aumentou.","403",NA
"Só na eletricidade o aumento foi de 40%, constituindo um rombo no orçamento das famílias e das empresas, enquanto o lucro líquido da EDP foi superior a mil milhões de euros.","403",NA
"A política energética não pode estar subjugada aos interesses das empresas, que apenas visam o lucro com prejuízo para as pessoas e para a própria economia do país, assim como para o ambiente, conforme ocorreu com a construção de grandes barragens.","403",NA
"Os transportes públicos, que têm de assumir um papel estratégico no combate às alterações climáticas, têm sido alvo de grande redução nomeadamente nos serviços de transporte de passageiros (quer de âmbito rodoviário, fluvial e ferroviário).","411",NA
"Por outro lado, o aumento dos preços dos títulos de transporte,","411",NA
"o desinvestimento nas infraestruturas e material circulante,","411",NA
"a transformação dos passes sociais, por exemplo para os estudantes, em passes de caridade que o Governo restringiu a um universo muito reduzido de cidadãos, têm empurrado os transportes públicos para a privatização ao desbarato ou assegurando chorudas PPP.","411",NA
"Opções ideológicas, que não reduziram a dívida das empresas públicas de transporte, bem pelo contrário, esta aumentou para cima dos 20 mil milhões de euros, pois a dívida resulta de uma desorçamentação continuada do sector dos transportes, obrigando as empresas a contrair empréstimos à banca a juros exorbitantes, os quais somam, anualmente, mais do triplo dos salários que são pagos aos trabalhadores.","403",NA
"Mau grado o forte investimento que se tem feito em parque eólicos e centrais fotovoltaicas, e ainda em barragens desnecessárias e destruidoras de ecossistemas, a orientação política tem sido sempre a do estímulo ao consumo energético e não o contrário.","416.2",NA
"Com Os Verdes e com a CDU","H",NA
"O aquecimento global não espera pela Conferência das Nações Unidas sobre o Clima em Paris, nem, tão pouco, por acordos mundiais.","501",NA
"Os seus efeitos estão aí, a ser sentidos em todo o mundo, incluindo em Portugal, de uma forma muito visível.","501",NA
"O Verão de 2014 já foi o mais quente ao nível global.","501",NA
"As variações meteorológicas extremas, as chuvas intensas, as consequentes inundações graves ameaçam vidas, destroem lares e economia.","501",NA
"Em Portugal, passamos a vida a remendar o que o clima e a natureza vão afetando, designadamente em relação ao litoral, quando é preciso, de uma vez por todas, entender que a palavra de ordem na adaptação ao fenómeno climático é recuar no território e reconhecer que não temos engenho que trave a força do mar e dos céus.","501",NA
"Por uma política energética sustentável, Os Verdes propõem: - Dotar o país de um sério plano de Adaptação às Alterações Climáticas nomeadamente ao nível das cidades, das florestas, da saúde e da Orla Costeira.","501",NA
"- Contribuir para valorizar o papel da ONU no combate às alterações climáticas e das cimeiras do Clima, assumindo Portugal um papel proativo nesta matéria.","501",NA
"- Medidas de proteção e prevenção da orla costeira, nomeadamente na construção, restrição na faixa litoral.","501",NA
"- Parar com as extrações de inertes a montante para não inviabilizar a alimentação de praias e proteção da faixa costeira.","501",NA
"- Parar o Programa Nacional de Barragens. Portugal não precisa de mais barragens. Precisa de uma utilização eficiente de eletricidade.","501",NA
"- Recusar a Energia Nuclear em Portugal, assim como a sua importação nomeadamente da França e da Alemanha.","501",NA
"- Incentivar a eficiência e poupança energética, nomeadamente através de incentivos fiscais (ex. reduzir a taxa de IVA para a aquisição de eletrodomésticos e bens mais eficientes).","501",NA
"- Apostar e investir em energias renováveis e sustentáveis, em equilíbrio com o ambiente e articulação com as populações e na gestão pública das empresas do sector energético.","416.2",NA
"- Que a eletricidade e o gás natural sejam tributados à taxa reduzida de IVA (6%), por se tratar de serviços essenciais para as pessoas e empresas.","416.2",NA
"- Desenvolver a rede eficiente de transportes coletivos, geridos por entidades públicas, com forte incidência do ferroviário e nas linhas de elétricos e metros urbanos e com preços socialmente justos.","411",NA
"- Generalizar os passes intermodais nas áreas metropolitanas,","411",NA
"criar um Passe Jovem, até aos 25 anos","411",NA
"e fomentar a complementa ridade e a intermodalidade dos transportes públicos, pois só com verdadeiras alternativas se pode partir para uma séria campanha de desincentivo à utilização do automóvel individual.","411",NA
"- Incentivar o abate de veículos em fim de vida, através do pagamento em vales de transporte coletivo que permitam usufruir da mobilidade coletiva, mediante pedido dos cidadãos.","501",NA
"- Criar incentivos para uma mobilidade suave, designadamente por via da redução do IVA (na compra e reparação de bicicletas) e na melhoria das condições de segurança rodoviária para a circulação de bicicletas.","501",NA
"6 - Defender os Recursos Naturais","H",NA
"Salvaguardar a Biodiversidade e os Direitos dos Animais","H",NA
"Um desajustado ordenamento do território,","501",NA
"uma errada estratégia de multiplicação de auto-estradas para alimentar as PPP (Parcerias Público Privadas) com grande benefício para as entidades privadas,","501",NA
"uma errada política florestal de privilégio e cedência à proliferação do eucalipto,","501",NA
"grandes projetos PIN (Potencial Interesse Nacional),","501",NA
"barragens desnecessárias,","501",NA
"grandes pedreiras","501",NA
"e uma Política Agrícola Comum (PAC) virada para as grandes explorações intensivas e para a utilização de Organismos Geneticamente Modificados (OGM), altamente lesivos para o ambiente e asfixiando a agricultura tradicional familiar,","703.1",NA
"têm sido muitas das práticas dos sucessivos Governos que têm moldado a paisagem portuguesa e paulatinamente colocado em risco a biodiversidade no nosso território.","501",NA
"Um modelo de desenvolvimento que tem levado a uma crescente destruição dos habitats naturais e do suporte de biodiversidade, e que conheceu forte expressão com a recente fusão do Instituto da Conservação da Natureza com o das Florestas, subjugando a Conservação da Natureza à política de produção florestal intensiva e da eucaliptização.","501",NA
"Em simultâneo, a crónica redução de verbas orçamentais para a conservação da Natureza,","501",NA
"a diminuição insustentável do corpo de Guardas e vigilantes e dos meios técnicos, tem resultado na fragilização das Áreas Protegidas em Portugal, peças fundamentais à defesa e sustenta bil idade dos ecossistemas naturais do país.","501",NA
"Perdas incalculáveis do nosso património natural,","501",NA
"aumento dos conflitos do homem com a Natureza com destruição de património,","501",NA
"abate e envenenamento de espécies selvagens, construção ilegal, ocupação indevida, apropriação entre outras.","501",NA
"Também ao nível dos direitos dos animais, nomeadamente os domésticos e de companhia, apesar de alguns passos importantes quer a nível legal quer comportamental, há ainda um longo caminho na necessidade de uma mudança enquanto paradigma de relacionamento por parte da população humana para com os animais.","501",NA
"Com Os Verdes e com a CDU","H",NA
"O Património Natural é não só uma questão de sobrevivência mas é também uma mais valia para a economia.","501",NA
"Contudo, nem todas as práticas promovem o desejável equilíbrio entre a conservação da natureza, as aspirações das populações e os direitos das gerações vindouras a decidir o seu modo de vida.","501",NA
"O respeito pelos direitos dos Animais está inevitavelmente e intrinsecamente ligado a um paradigma alargado e completo de dignificação das sociedades.","501",NA
"Pela defesa e salvaguarda dos recursos naturais, da biodiversidade e dos direitos dos animais, Os Verdes propõem:","H",NA
"- Dotar o Instituto da Conservação da Natureza e das florestas com verbas suficientes para a gestão adequada das áreas protegidas, descentralizando e desagregando as direções de cada área e adequando o número de vigilantes e técnicos a cada uma.","501",NA
"- Apoiar e promover ações de valorização da biodiversidade, nomeadamente em conjunto com associações locais, com as populações e junto das instituições do país.","501",NA
"- Reivindicar uma ação urgente de proteção das populações de animais selvagens em grande perigo nomeadamente o lobo-ibérico, o lince, as aves de rapina, o saramugo, entre outros, criando condições para a sua coexistência com as populações humanas.","501",NA
"- Criar um programa de proteção e salvaguarda das populações de abelhas e outras espécies polinizadoras, fundamentais à biodiversidade e ao desenvolvimento agrícola.","703.1",NA
"- Defender uma agricultura tradicional, livre de OGMs, melhor adaptada às condições climáticas das diferentes sub-regiões do país,","703.1",NA
"contribuindo para uma agricultura mais sustentável, apoiando a agricultura biológica de caráter familiar, bem como a prática da compostagem.","703.1",NA
"- Promover ações e iniciativas para abolir o Glifosato como herbicida de utilização generalizada, tanto na produção agrícola como na manutenção de espaços verdes públicos.","501",NA
"- Travar a expansão do eucalipto e a liberalização da gestão florestal em Portugal, promovendo o uso de espécies florestais autóctones como alternativas economicamente viáveis à dinamização da economia rural.","501",NA
"- Promover a criação de uma rede de canis/gatis municipais, com princípios comuns, com o intuito de incentivar e facilitar a adoção de animais e de promover a esterilização como prática de controlo da população de animais de companhia, comunitários ou errantes.","501",NA
"- Promover campanhas de sensibilização à população para os cuidados a ter com os animais de companhia.","501",NA
"- Estabelecer o princípio do não abate de cães e gatos, com exceções muito restritas, designadamente permitindo a prática de eutanásia em caso de irremediável sofrimento do animal ou por razões de saúde pública, sempre devidamente comprovados por veterinário.","501",NA
"- Travar os financiamentos públicos aos espetáculos tauromáquicos e proibir o acesso a menores de idade, assim como a sua transmissão televisiva.","501",NA
"7 - Defesa da nossa Soberania","H",NA
"Defesa da democracia, da Justiça dos direitos liberdades e garantias","H",NA
"A perda de soberania do nosso país tem-se acentuado e agravado nos últimos anos.","110",NA
"Desde logo a integração europeia de Portugal, ao contrário de contribuir para o fortalecimento da nossa economia, desenvolvimento sustentável e emancipação do país, tem estrangulado o nosso desenvolvimento e escamoteado a nossa soberania.","110",NA
"Esta é uma União Europeia construída à medida das economias mais fortes, como a da Alemanha e da França, e manipuladora das economias mais frágeis, como a de Portugal ou a da Grécia.","110",NA
"Estamos cada vez mais condicionados por mecanismos europeus que limitam de forma asfixiante a nossa capacidade de desenvolvi mento, de autonomia, de soberania.","110",NA
"Um percurso que tem afastado cada vez mais os Portugueses das decisões que afetam as suas vidas.","110",NA
"As políticas europeias e a integração de Portugal na União Europeia têm sido fundamentalmente definidas de costas voltadas para os portugueses e afastadas dos cidadãos que aliás, nunca foram chamados a pronunciarem-se sobre matérias europeias nomeadamente por referendo.","110",NA
"Esta perda de soberania acentua-se ao nível democrático e económico.","110",NA
"Portugal, antes de entrar para a então CEE, dependia em cerca de 20% do exterior para cobrir as necessidades alimentares, atualmente depende em mais de 75%.","110",NA
"Uma soberania ainda mais debilitada com a alienação e privatização de sectores estratégicos como a energia, os transportes e telecomunicações, ou o escandaloso desmantelamento e privatização dos serviços de saúde, da educação e encerrando por todo o país centros de saúde, escolas, tribunais.","110",NA
"A acrescentar ao verdadeiro atentado à soberania, à democracia e à autonomia do poder local que foi a extinção de mais de um milhar de freguesias, está uma cada vez maior transferência de responsabilidades da administração central para as autarquias.","301",NA
"O objetivo deste Governo é, no essencial, o de transferir custos para as autarquias, pondo simultaneamente em causa a autonomia do Poder Local.","301",NA
"O acesso à cultura e a defesa do património também não têm escapado às políticas destruidoras de PSD/CDS, que têm conduzido a uma situação de prolongada crise da atividade cultural e do tecido social que a dinamiza,","502",NA
"que se tem traduzido num grave su b-fi na ncia mento, numa desestruturação e desqualificação dos serviços e das funções culturais do Estado,","502",NA
"numa aguda mercantilização e privatização de bens e funções públicas,","502",NA
"de ataque à dignidade e consistência do trabalho dos profissionais da cultura e das artes","502",NA
"e ao incumprimento da Constituição da República Portuguesa, no que toca às responsabilidades do Estado em prover os meios que garantam o acesso dos cidadãos à criação e à fruição da cultura.","502",NA
"Os grandes retrocessos na defesa dos nossos direitos enquanto indivíduos e as ameaças que pairam sobre as nossas liberdades e garantias são demasiado preocupantes.","201.1",NA
"As desigualdades sociais e de distribuição de rendimentos acentuam-se e afetam uma parte cada vez mais significativa da população, onde as mulheres são um dos grupos mais afetados.","503",NA
"Com Os Verdes e com a CDU","H",NA
"Recusamos aceitar este retrocesso democrático e esta continuada destruição do nosso país, da nossa soberania, da nossa capacidade autónoma de gerir o nosso futuro.","110",NA
"As alternativas ao empobrecimento que propomos exigem a recuperação da nossa soberania, a defesa e o aprofundamento do nosso sistema democrático e do Estado de Direito.","110",NA
"Pela defesa da nossa soberania, Os Verdes propõem: //-A rutura com o Tratado Orçamental e com as políticas da UE que reduzem soberania, para recolocar as pessoas e os problemas do País em primeiro lugar e para que possamos definir as nossas prioridades orçamentais.","110",NA
"- Lutar por condições que garantam a soberania económica, política e territorial do nosso país.","110",NA
"-Manter sob a esfera do Estado sectores estratégicos dos transportes, da energia, e telecomunicações.","413",NA
"- Lutar pela gestão pública da Água.","413",NA
"- Assegurar a soberania sobre os nossos recursos marinhos e sobre a nossa Zona Económica Exclusiva.","110",NA
"- Lutar contra a privatização do património, fator identitário do País, salvaguardando o património ameaçado","413",NA
"e promovendo a sua divulgação e acessibilidade.","502",NA
"- Lutar pela defesa da língua portuguesa, em especial na comunidade emigrante.","502",NA
"- Fazer cumprir o direito constitucional à cultura e das obrigações do Estado que ele implica,","502",NA
"garantindo condições de acesso e participação de todos à cultura e ao direito à criação.","502",NA
"- Apoiar a produção cultural nacional com valores capazes de assegurar, condições para a liberdade e a diversidade culturais.","502",NA
"- Apoiar o associativismo popular como fator de desenvolvimento da economia local.","606.1",NA
"- Promover as redes e os sistemas de informação e de gestão documental.","502",NA
"- Criar condições para um efetivo funcionamento da justiça em Portugal, próxima e acessível a todos, pilar fundamental da igualdade e da democracia.","605.1",NA
"- Promover a descentralização do país de forma democrática e estruturada com a implementação das regiões administrativas em Portugal.","301",NA
"- Defender o Poder Local Democrático","301",NA
"e exigir o respeito pela Constituição da República Portuguesa,","203",NA
"nomeadamente no que respeita à consagração de uma efetiva autonomia das autarquias locais.","301",NA
"- Reverter o processo de extinção de freguesias, envolvendo as populações na organização do território.","202.1",NA
"- Combater quaisquer formas de descriminação na sociedade portuguesa, por questões de género, cor, orientação sexual ou religião.","503",NA
"- Criar condições para uma efetiva igualdade de oportunidades","503",NA
"e integração de pessoas com deficiência.","503",NA
"- Garantir os Direitos Liberdades e Garantias aos Portugueses, consagrados na Constituição da República Portuguesa.","203",NA
"Por uma alternativa que construa a mudança - Juntos conseguimos! Com Os Verdes e com a CDU","305.1",NA
"PCP-PEV","H",NA
"Por um país com futuro!","601.1",NA
