"text","cmp_code","eu_code"
"MANIFESTO DO BLOCO DE ESQUERDA",NA,NA
"TEMPO DE SER EXIGENTE",NA,NA
"O Bloco de Esquerda disputa as eleições legislativas de Outubro de 1999 com clareza de propósitos.","000",NA
"Apresentamo-nos ao país com um Manifesto eleitoral e não com um ""Programa de governo"".","000",NA
"A escolha é propositada.","000",NA
"Apresenta um ""programa de governo"" quem fixe como objectivo participar na governação dos próximos 4 anos ou se afirme como alternativa de governo.","000",NA
"Como o Bloco não se encontra em nenhuma das duas situações, este documento deve ser lido como um Programa de Oposição.","000",NA
"O LUGAR DA NOVA ESQUERDA",NA,NA
"Não somos candidatos à governação, mas à renovação da oposição.","000",NA
"Três razões explicam este posicionamento:","000",NA
"A primeira é contingente e respeita à governação.","000",NA
"Os socialistas vão continuar no executivo durante os próximos quatro anos.","000",NA
"Preferimos que governem com maioria relativa a que governem com maioria absoluta, mas essa não é a questão principal desta eleição.","000",NA
"A questão fundamental é que, independentemente dos resultados, Portugal será governado por uma ""Grande Maioria"".","000",NA
"Em 2003 abre-se novo período ordinário de revisão Constitucional onde as decisões relevantes se tomam por dois terços, o que significa que PS e PSD, em nome do ""regime"" trocarão políticas concretas, à semelhança do que, aliás, já fizeram nestes últimos quatro anos.","202",NA
"Esta negociação terá, aliás, de começar bem antes: por ocasião da revisão da lei eleitoral, uma matéria onde também são indispensáveis os dois terços.","202",NA
"O segundo partido, apesar de se pôr em bicos de pés contra ""o fartar vilanagem"" do PS, já anunciou a sua vontade de realizar ""pactos"" com o que classifica de ""regabofe socialista"".","202",NA
"E nas últimas semanas o Largo do Rato vem insistindo na ideia de que há matérias - como a segurança social - que não deveriam ser objecto de disputa eleitoral, tal a sua importância para o país…","202",NA
"A verdade é que os dois partidos centrais não apresentam entre si diferenças significativas de política, se têm entendido e vão continuar a entender sobre a generalidade das matérias em discussão e não existe, de momento, uma alternativa forte ao bloqueio político imposto pelo rotativismo.","202",NA
"A segunda é estratégica e respeita à alternativa.","202",NA
"Se o Bloco procede a um balanço muito crítico do que tem sido a governação dos últimos anos, não retira daí que o país tenha só um problema de governo.","202",NA
"De uma perspectiva de esquerda, o país tem, sobretudo, um sério problema de qualidade e força da oposição.","202",NA
"Enquanto este for o elo fraco, a esquerda não estará em condições de se apresentar como alternativa de governo, a não ser que se queira enganar a si própria.","202",NA
"A terceira é metodológica e respeita ao exercício da política.","202",NA
"A renovação da esquerda política - o propósito que levou à formação do Bloco - passa por um claro compromisso com as eleitoras e os eleitores sobre o lugar de onde partimos para responder à ""crise da política"" enquanto exercício do poder.","202",NA
"E esse lugar é o da sociedade, o lugar dos activismos cívicos, sociais e culturais que exercem o seu direito a uma cidadania activa.","202",NA
"A renovação da esquerda é um processo longo.","103",NA
"As esquerdas acumularam défices de pensamento crítico muito variados, confrontaram-se com desenlaces históricos que muitos ainda não digeriram e recuaram perante a violência de uma ofensiva neo-liberal em escala planetária.","103",NA
"No caso português, ao peso dos factores acima enunciados deve acrescentar-se um factor suplementar de impasse: a fractura que se vem consolidando entre a presença nos movimentos sociais e a capacidade de traduzir, com eficácia, no plano político e institucional os objectivos de mudança a que aspiram os sectores mais progressivos da sociedade portuguesa.","202",NA
"É este o principal desafio a que o Bloco de Esquerda se propõe responder nesta eleição e posteriormente no tipo de acção parlamentar que irá desenvolver.","202",NA
"Porque somos candidatos à renovação da oposição, apresentamos o documento apropriado a esse objectivo: Um Manifesto que situe com clareza os combates que queremos travar nos próximos quatro anos.","202",NA
"O HORIZONTE DA NOVA ESQUERDA",NA,NA
"O título ""é tempo de ser exigente"" situa com rigor o confronto qualitativo desta eleição.","202",NA
"Ele passou a ser evidente quando os socialistas se propuseram conquistar a maioria sob o pano de fundo da fotografia do primeiro-ministro com a frase ""Portugal em boas mãos"".","202",NA
"Há 4 anos, António Guterres disse aos eleitores: ""a nova maioria é sua"".","202",NA
"Quatro anos depois a promessa de apropriação da política pelos cidadãos foi esquecida: porque agora o país já está ""em boas mãos"".","202",NA
"Custa a crer como o PS se atreve a explorar em benefício próprio o mais conservador dos comportamentos nacionais - esperar resignadamente que ""os de cima"" resolvam todos os problemas.","202",NA
"Mas é preciso reconhecer que faz sentido.","202",NA
"A política portuguesa mergulhou num pântano e o PS convenceu-se de que governar é adoptar boa parte das políticas tradicionais da direita e mesmo o seu discurso mais profundo.","202",NA
"À estratégia de conquista do eleitorado mais conservador, o Bloco só poderia opôr uma ideia refundadora das melhores tradições democráticas e socialistas: a ideia forte de que os cidadãos, em particular os mais fracos, devem ter a coragem de tomar o destino nas suas próprias mãos.","202",NA
"Foi isto que aconteceu na revolução que transformou o país depois de 1974.","202",NA
"É a este impulso que chamamos hoje quantos têm consciência que melhores futuros não se constroem com presentes anestesiados.","202",NA
"O Manifesto parte de um balanço qualitativo aos anos de crescimento económico e aos seus efeitos sobre as condições materiais de existência,","503",NA
"o sistema de valores sociais e culturais que alimentou e o modo como contribuiu para o bloqueamento do próprio sistema político.","303",NA
"É uma critica muito dura e dela decorrem as propostas que apresentamos, articuladas em três grandes combates - pela justiça, pela qualidade e pela democracia.","305",NA
"Lidas no seu conjunto, as propostas dão expressão política à indignação e, simultaneamente, estabelecem um horizonte de ruptura civilizacional com a ordem neo-liberal vigente.","305",NA
"E é disto mesmo que trata o Manifesto: de propostas que nos aproximam de uma outra ordem, que reclamam a urgência de uma sociedade regida por valores de solidariedade, respeito pelas diferenças e universalismo.","606",NA
"A esquerda é o lugar de onde vimos e para onde vamos.","305",NA
"Um lugar onde a igualdade seja a condição da liberdade de cada um.","503",NA
"Um lugar onde o poder só valha a pena se for distribuÌdo pelos que dele são excluídos.","503",NA
"Um lugar onde seja possível avaliar a humanidade pelo que cada um é e não pelo que tenha.","503",NA
"A democracia, a ecologia e o socialismo são o nosso horizonte.","202",NA
"Em palavras e em actos.","305",NA
"OUTRA EUROPA",NA,NA
"""É tempo de ser exigente"" aplica-se igualmente ao próprio Bloco de Esquerda e ao modo como vem construindo as suas propostas e presença na sociedade.","305",NA
"Assumimos uma primeira limitação: este novo movimento tem menos de um ano de existência e não dispõe, por isso, de um património de proposição política que lhe permita estar igualmente à vontade em todos os domínios da vida social.","000",NA
"O Manifesto reflecte isso mesmo.","000",NA
"Nem por isso deixamos de reclamar a exemplaridade: em menos de seis meses, e apesar da limitação enunciada, o Bloco conseguiu colocar na agenda política dois temas políticos da maior importância:","305",NA
"a despenalização das drogas","503",NA
"e a necessidade de uma revolução fiscal.","503",NA
"Em ambos os domínios demonstrámos a capacidade para formular objectivos claros e proceder à sua sustentação técnica.","305",NA
"O que fizemos nestes casos faremos com muitos outros e esse compromisso podemos garanti-lo porque o Bloco elabora as suas propostas a partir de discussões públicas e recorrendo a ideias, opiniões e sugestões de especialistas que muitas vezes não integram este movimento, mas nele reconhecem uma sincera disponibilidade para ouvir e aprender.","305",NA
"O Manifesto que hoje apresentamos é, por isso, um documento dinâmico.","305",NA
"Não renunciamos à memória e prezamos a coerência.","305",NA
"O Manifesto remete para as propostas no domínio da política externa e sobre a União Europeia que foram apresentadas no seu compromisso eleitoral para as eleições europeias,","108",NA
"o Contrato pela Europa, e que continuam a ser fundamentais para a luta política europeia da esquerda renovada.","108",NA
"O Bloco de Esquerda inscreve-se na tradição europeia do exercício da contestação dos poderes sempre que eles abusem da sua força, favoreçam a exploração dos fracos ou excluam alguém dos benefícios que garantem à maioria.","103",NA
"Esta tradição, tão antiga quanto a história da humanidade, prolonga-se em todas as esquerdas que na época moderna combateram e combatem não só as ditaduras,","103",NA
"mas também as perversões do liberalismo,","103",NA
"a desigualdade nas democracias","202",NA
"e a alienação decorrente da massificação da economia.","103",NA
"O Bloco de Esquerda inscreve-se igualmente na tradição civilizacional mediterrânica, que sobrevive penosamente na Europa do Sul e que reconhece o valor das pequenas comunidades, sua autonomia e auto-governo.","107",NA
"É para nós evidente que a opulência, a iniquidade, a delapidação dos recursos naturais e energéticos","107",NA
"e o agravamento das desigualdades constituem um problema mundial e não apenas nacional.","107",NA
"Por isso queremos Portugal do lado dos mais fracos e não de joelhos ante os mais fortes.","107",NA
"Queremos um país que assuma como prioridade os mais fracos dos seus e seja solidário com quantos sofrem por todo o planeta.","107",NA
"Queremos Portugal numa União Europeia refundada na base de uma Carta dos Direitos de Cidadania e dos Povos.","108",NA
"Uma União que seja um espaço de democracia participada,","110",NA
"de justiça social,","110",NA
"emprego","110",NA
"e combate à degradação ambiental.","110",NA
"Uma União alargada de povos e de culturas,","107",NA
"animada por uma visão humanista e solidária das relações mútuas,","107",NA
"onde as políticas comuns respeitem os interesses vitais das nações.","107",NA
"UM BALANÇO CRÍTICO",NA,NA
"Quem ache que o país está no bom caminho deve votar no PS.","305",NA
"Mas quem pense que o país vive anestesiado pela ilusão do consumismo e do crescimento económico, só pode votar à esquerda.","305",NA
"Ao contrário do que muitos possam pensar, casa própria, carro e electrodomésticos não chegam para definir uma vida com qualidade.","503",NA
"E o crescimento económico dos últimos anos, longe de ser uma estrada de sucesso, tem sido injusto, desequilibrado, dependente e muito frágil.","503",NA
"UM CRESCIMENTO INJUSTO",NA,NA
"Porque a diferença que separa o grupo dos mais ricos do grupo dos mais pobres não parou de aumentar.","503",NA
"Este é o facto relevante e ele põe directamente em causa as opções sociais dos últimos governos e o alcance político de algumas medidas entretanto tomadas.","503",NA
"Por exemplo, o Rendimento Mínimo Garantido (RMG), se permitiu melhorar os níveis de subsistência de famílias em situação de extrema pobreza, não evitou o agravamento das injustiças sociais nos últimos 4 anos.","503",NA
"No essencial, o RMG tem sido a almofada de uma realidade que se mantem inalterada:","503",NA
"os baixos salários como vantagem competitiva da economia portuguesa e pensões sociais claramente abaixo do limiar de sobrevivência.","503",NA
"Para o Bloco de Esquerda o crescimento económico não constitui um objectivo em si mesmo.","503",NA
"O crescimento que nos interessa é o que significa desenvolvimento e contribui para reduzir as injustiças sociais.","503",NA
"Colocar o ser humano no centro da economia começa precisamente por aqui.","503",NA
"UM CRESCIMENTO DESEQUILIBRADO",NA,NA
"Porque o mundo rural se continua a desertificar e a envelhecer,","504",NA
"e a precarização geral das condições de trabalho se constituiu na face oculta da 'modernização' do litoral.","504",NA
"Estes são outros factos relevantes e eles põem directamente em causa as opções económicas dos últimos governos e as suas políticas de obras públicas.","504",NA
"Por exemplo, o brutal investimento concretizado na rede viária do país traduz uma opção pela circulação de pessoas e mercadorias com base na indústria automóvel.","411",NA
"Esta escolha tem consequências negativas duráveis no ambiente,","501",NA
"na qualidade de vida oferecida pelas cidades","504",NA
"e no isolamento das comunidades mais pequenas.","503",NA
"O Bloco de Esquerda defende o planeamento democrático orientado por objectivos sociais","503",NA
"e de ordenamento equilibrado do território.","504",NA
"Sustenta que compete ao Estado definir os direitos de quem trabalha","503",NA
"e as obrigações da economia com a Natureza.","501",NA
"E pensa que ao Estado e à economia social compete a liderança dos domínios da vida económica e social que devem estar fora da alçada do mercado.","403",NA
"UM CRESCIMENTO DEPENDENTE",NA,NA
"Porque Portugal se vem paulatinamente transformando num país especializado em turismo e serviços subsidiários, aceitando passivamente a lógica da divisão internacional do trabalho.","408",NA
"Este é mais um facto relevante e ele põe directamente em causa a estratégia de ""chegar ao pelotão da frente"" a qualquer preço.","408",NA
"Por exemplo, a política de isenções e benefícios fiscais tem privilegiado o sector financeiro em detrimento do industrial e o mesmo se passa com o IRC.","408",NA
"Assim se vem agravando a desvantagem que o país já tinha pelo facto de ter realizado uma industrialização fraca e tardia.","408",NA
"E na agricultura, a submissão à Política Agrícola Comum (PAC) favorece os grandes proprietários contra os pequenos e os monopólios da distribuição contra os produtores.","703",NA
"O Bloco de Esquerda combate a ditadura imposta pelo sector financeiro à economia e o modo como se apropria dos resultados da criação de riqueza material.","403",NA
"O desenvolvimento económico do país deve erguer-se sobre as únicas vantagens que contarão no futuro - elevados índices de formação","411",NA
"e correspondentes salários,","411",NA
"aposta na investigação científica,","503",NA
"na qualidade de produção,","403",NA
"e no investimento dirigido à satisfação de velhas e novas necessidades colectivas.","504",NA
"UM CRESCIMENTO PERVERSO",NA,NA
"Porque o acesso de muitas famílias a um conjunto importante de bens de consumo individual, directamente proporcional à sua capacidade de endividamento bancário, não tem tido correspondência na qualidade de vida colectiva.","504",NA
"Este é o facto relevante e ele põe em causa as políticas urbanas,","504",NA
"ambientais","501",NA
"e de ordenamento do território seguidas pelos governos e a esmagadora maioria dos municípios.","504",NA
"Por exemplo, a qualidade de vida oferecida pelas grandes cidades não melhora.","504",NA
"Pode mesmo dizer-se que boa parte dos investimentos têm agravado os problemas que visam resolver.","504",NA
"É o caso, quando os governos e as câmaras beneficiam o transporte individual sobre o colectivo","411",NA
"ou os dormitórios sobre o equilíbrio urbano.","504",NA
"A verdade é que os promotores imobiliários conseguiram ""privatizar""boa parte dos autarcas que deles dependem para ""mostrar obra"".","504",NA
"O Bloco de Esquerda bate-se por políticas que estabelecem novos padrões de civilidade para a vida colectiva.","504",NA
"Queremos rever as leis de ordenamento do território, separamos o direito de propriedade do solo do direito de edificação.","504",NA
"Somos favoráveis à criação de autoridades de planeamento metropolitano e regional envolvendo o Estado central (as Comissões de Coordenação Regional),","303",NA
"os municípios","301",NA
"e processos de auscultação das populações.","202",NA
"Nomeadamente na escolha das aplicações dos dinheiros do III Quadro Comunitário de Apoio são indispensáveis processos de auscultação democrática alargada em cada região.","202",NA
"UM CRESCIMENTO MERCANTILIZADO",NA,NA
"Porque em Portugal se vem assistindo a um processo contínuo de mercantilização da vida e dos serviços de natureza pública ou social, com consequências negativas sobre a segurança","504",NA
"e os direitos dos cidadãos à educação,","506",NA
"à justiça,","503",NA
"à saúde","504",NA
"e à circulação e comunicação.","411",NA
"Este é o facto relevante que põe em causa a conivência dos governos com os interesses económicos e/ou corporativos instalados.","303",NA
"Por exemplo, a morosidade na Justiça não é igual para todos e o direito a uma defesa digna e combativa depende do dinheiro que se tenha.","503",NA
"No caso da saúde, é vergonhosa a parasitagem do sector privado ao sector público,","504",NA
"bem como a insistência num modelo de saúde que privilegia o tratamento sobre a prevenção.","504",NA
"Finalmente, na educação estão à vista de todos, os desgraçados resultados qualitativos de um modelo de massificação do ensino superior com base no sector privado.","507",NA
"O Bloco de Esquerda defende um modelo de sociedade onde a satisfação das necessidades básicas da população esteja subordinada a critérios de interesse público e não da busca de lucros.","606",NA
"Pronuncia-se claramente por um papel supletivo para a iniciativa privada nestes domínios,","504",NA
"por uma clara separação entre sectores","403",NA
"e por mecanismos de participação dos utentes nas políticas,","202",NA
"preços","202",NA
"e controlos de qualidade dos serviços públicos e sociais.","202",NA
"EGOÍSMO SOCIAL E CONSERVADORISMO",NA,NA
"Porque em Portugal a modernização e a emergência da sociedade de consumo não trouxeram consigo, salvo em sectores urbanos muito restritos, uma maior libertação de hábitos,","604",NA
"o desenvolvimento das solidariedades","606",NA
"ou um novo respeito pelas diferenças culturais das diferentes comunidades que vivem em território nacional.","607",NA
"Pelo contrário, a competição agravou brutalmente os comportamentos de egoísmo social e os valores de reconhecimento estritamente associados ao enriquecimento e posse de bens materiais ganharam terreno.","606",NA
"Estas são as consequências imateriais mais relevantes das governações ao centro político e da submissão às regras impostas pelo neo-liberalismo.","305",NA
"Por exemplo, a modernização revelou--se compatível com o mais profundo conservadorismo no momento da consulta popular sobre a despenalização da interrupção voluntária da gravidez.","604",NA
"E os socialistas preparam-se para manter a Concordata com a Igreja católica","604",NA
"e as isenções e benefícios fiscais às confissões religiosas, quando um Estado laico deveria apenas apoiar o trabalho social que estas realizassem.","604",NA
"O Bloco de Esquerda pronuncia-se pela existência de um Estado laico que assegure a privacidade das opções religiosas.","604",NA
"Pronuncia-se abertamente pela igualdade de direitos entre sexos,","503",NA
"pela educação sexual","504",NA
"e pela livre escolha da orientação sexual.","503",NA
"E sustenta o multiculturalismo como condição da cidade moderna que não se rende à intolerância ou à massificação cultural.","607",NA
"CRISE DA DEMOCRACIA",NA,NA
"Porque em Portugal se tem vindo a criar uma fractura profunda entre a política e a vida quotidiana das populações.","606",NA
"A nossa democracia transformou--se num exercício de confirmação de primeiros ministros ou presidentes de câmaras, quando o voto deveria servir para escolher ideias e programas.","202",NA
"É uma democracia do insulto, ocultando a ausência de diferenças substantivas.","202",NA
"É uma democracia do espectáculo, onde se anulam todas as complexidades em nome da eficácia comunicacional e se exploram as piores emoções.","202",NA
"É uma democracia subsidiodependente, onde os mais fortes recebem sempre os maiores apoios.","503",NA
"E, finalmente, é uma democracia de monopólio partidário, onde o exercício do poder é, cada vez mais, um exclusivo do rotativismo político ao centro.","202",NA
"Estes são os factos relevantes que a revisão constitucional não contribuiu para resolver e eles pôem em causa a respeitabilidade das instituições democráticas do país.","204",NA
"Por exemplo, o caso das viagens fantasma evidencia o modo como os deputados legislam em causa própria e as mordomias que para si mesmo estabeleceram.","304",NA
"Não é possível contrariar a abstenção, o alheamento e o populismo anti-partidos enquanto o exemplo não partir de cima e a democracia se restringir à sua dimensão representativa.","202",NA
"A democracia porque nos batemos é a que articula os mecanismos da democracia representativa com a participação cidadã.","202",NA
"O Bloco pronuncia--se pelo apoio sem condições a velhas e novas formas de organização em escala humana, capazes de contrariarem a diluição do indivíduo na economia, na política e na comunicação de massas.","201",NA
"E sustenta processos de transparência,","201",NA
"prestação de contas,","201",NA
"separação clara de poderes","202",NA
"e fim do monopólio partidário da representação política.","202",NA
"Ser exigente é votar contra a anestesia colectiva renovando as razões da cidadania.","305",NA
"Queremos a política no comando da economia.","305",NA
"Queremos a justiça no comando da política.","305",NA
"Queremos transparência e participação.","202",NA
"Principalmente, queremos cidadãos e cidadãs bem mais exigentes consigo mesmo e com o país.","202",NA
"TEMOS CORAGEM",NA,NA
"O Bloco não procura o consenso.","305",NA
"Não temos medo do que 'fractura'.","305",NA
"Bem pelo contrário, o que falta ao país são medidas corajosas.","305",NA
"A nossa coragem é a de atacar o sentido que as coisas levam, começando pela principal das reformas, a de que todos falam, mas ninguém concretizou até hoje: uma revolução fiscal.","303",NA
"Esta grande reforma visa, desde logo, garantir que todos paguem em função dos rendimentos que auferem.","503",NA
"Não somos contra os impostos, mas somos resolutamente contra a injustiça nos impostos.","503",NA
"E queremos impostos com justiça para que possamos decidir democraticamente do uso dos dinheiros públicos.","202",NA
"Nós queremos que os impostos ajudem a combater as situações sociais mais graves,","503",NA
"garantam o futuro da segurança social","504",NA
"e promovam o desenvolvimento económico que mais interessa para o futuro.","408",NA
"Queremos que as aplicações dos dinheiros dos contribuintes sejam democraticamente discutidas.","202",NA
"PORQUE SE ADIA SEMPRE?",NA,NA
"Porque mais de metade dos contribuintes não paga imposto.","503",NA
"Quem paga são os trabalhadores por contra de outrem, que não têm como fugir, ou os profissionais liberais e os empresários sérios que, como se sabe, não abundam.","701",NA
"São estes que pagam por todos os que praticam a fraude.","503",NA
"Mais de 57 mil empresas não declararam IRC em 1998 e dois terços das existentes declararam resultados nulos ou negativos.","304",NA
"O país estaria na falência se isso fosse verdade…","304",NA
"A média declarada dos rendimentos mensais das profissões liberais anda pelos 70 contos.","503",NA
"E a dos 184 mil empresários individuais pelos 29 contos.","503",NA
"Só acredita quem quer, quando o rendimento mensal declarado dos futebolistas não ultrapassa a centena de contos…","503",NA
"Ser exigente não é apenas dizer o que é justo e necessário.","305",NA
"A novidade desta esquerda é que agarra de frente os meios para as políticas que defende.","305",NA
"Através de uma Reforma Fiscal, muito clara nos seus objectivos e tecnicamente sustentada, o Bloco abre novos horizontes de justiça e qualidade para a nossa vida.","503",NA
"OS GRANDES COMBATES DO BLOCO",NA,NA
"FIM DO SIGILO BANCÁRIO",NA,NA
"Ser exigente é pôr fim ao consenso da injustiça.","503",NA
"É por isso que a revolução fiscal começa pelo combate à fraude e à evasão fiscal.","304",NA
"Três medidas são, a este nível, exemplares:","304",NA
"é preciso acabar com a protecão à evasão que lhe é dada pelo sigilo bancário;","304",NA
"é inevitável, no IRS, generalizar-se a dedução à colecta em alternativa aos abatimentos à matéria colectável;","503",NA
"e, finalmente, deve ser estabelecido um regime rigoroso de colecta mínima para empresários individuais e profissões liberais.","503",NA
"O FIM DO SIGILO E DIREITOS INDIVIDUAIS",NA,NA
"O fim do sigilo bancário não significa a devassa da vida privada.","201",NA
"Na nossa proposta, os funcionários da administração fiscal com acesso à informação bancária estão obrigados à confidencialidade e o contribuinte sobre quem recaiam dúvidas deve ser antecipadamente notificado do facto.","201",NA
"Só em caso de recusa em prestação de informações complementares o funcionário fiscal terá o direito de solicitar informação bancária e na presença do interessado.","201",NA
"O interessado pode ainda recorrer para os tribunais, com efeito suspensivo e decisão judicial em tempo útil.","201",NA
"JUSTIÇA FISCAL",NA,NA
"Ser exigente é atacar as desigualdades mais gritantes.","503",NA
"Não é preciso que os que pagam paguem mais.","503",NA
"É preciso que cada um pague em função do que aufere.","503",NA
"Num país como o nosso, onde as carências em equipamentos e serviços sociais são imensas, o que se deve exigir é uma repartição justa da carga fiscal e não a diminuição geral dos impostos.","503",NA
"Os rendimentos líquidos mais baixos (até mil contos) devem beneficiar de reduções, os médios devem manter a carga actual e os muito elevados devem aumentar a sua contribuição.","503",NA
"Este é o sentido das nossas propostas em matéria de IRS.","503",NA
"Mas há mais. Defendemos a criação de um imposto excepcional sobre as grandes fortunas, destinado a financiar opções de solidariedade, o que se afigura de elementar justiça para quem tem uma prolongada herança de favorecimentos fiscais.","503",NA
"E sustentamos a necessidade de um imposto de 0,1 por cento sobre todas as operações internacionais em divisas, a funcionar em escala mundial e em particular no âmbito da União Europeia, com vista à resolução dos principais problemas de fome no planeta.","107",NA
"DIREITO À DIGNIDADE",NA,NA
"Ser exigente é não aceitar o fosso entre pobres e ricos.","503",NA
"É, em nome dos idosos de hoje e de amanhã, defender um sistema público, garantido e participado de Segurança Social de todos e para todos.","504",NA
"A primeira e mais importante exigência da sociedade aos governantes é a do nivelamento das pensões de reforma pelo salário mínimo nacional.","503",NA
"Esta medida beneficiaria hoje mais de 1 milhão de portugueses e representa um custo adic ional de centenas de milhões de contos por ano.","503",NA
"O nosso programa de urgência para a reforma fiscal está em condições de pagar esta escolha social","503",NA
"e, simultaneamente, garantir a sustentabilidade a prazo do sistema de Segurança Social.","504",NA
"A ideia de uma Segurança Social universal e de solidariedade entre gerações - para a qual todos descontem o que é devido em função dos seus rendimentos e venham a receber o que seja de direito -, é uma das principais aquisições sociais deste século.","504",NA
"É possível sustentar o futuro da Segurança Social desde que, na reforma fiscal se crie, entre outras medidas, uma Contribuição Social Geral a uma taxa de 2 por cento sobre o conjunto dos rendimentos, como actualmente se faz em França,","504",NA
"tendo como contrapartida a melhoria da situação fiscal dos mais pobres.","503",NA
"O Estado e as empresas deverão igualmente amortizar nos próximos 10 anos a sua imensa dívida à Segurança Social.","504",NA
"E o resto depende da vontade política para criar emprego,","503",NA
"tornar efectivo o trabalho precário,","503",NA
"diminuir o recurso aos recibos verdes,","503",NA
"legalizar a imigração","705",NA
"e favorecer o acesso das mulheres ao trabalho, aumentando o volume das contribuições.","706",NA
"PPR's As seguradoras querem que só descontem para a Segurança Social os rendimentos até 300 contos e que o resto seja obrigatoriamente capitalizado em fundos privados, aqueles que depois entram no casino da especulação internacional.","504",NA
"Nós não temos nada contra que cada um desconte para PPR's o que entenda - desde que cumpra sobre a totalidade dos seus rendimentos as obrigações com a solidariedade.","504",NA
"Porquê? Porque temos a certeza que um sistema para o qual descontem apenas os rendimentos baixos, só pode dar, no futuro, uma segurança social ainda mais pobre do que a de hoje.","504",NA
"Seria um moderno e trágico regresso à caridade.","504",NA
"DIREITO A TRABALHAR COM DIREITOS",NA,NA
"Ser exigente é combater pela centralidade do trabalho na vida do país: porque é o trabalho que produz aquilo de que vivemos.","701",NA
"E porque o trabalhador merece não continuar a ser expulso para o século XIX, onde moravam a precari edade, o abuso e a falta de direitos.","701",NA
"A grande inversão na política nacional deve ser a modernização do trabalho.","411",NA
"Defendemos nesse sentido três medidas decisivas.","411",NA
"O prazo de duração dos contratos a prazo deve ser reduzido a um ano, evitando-se simultaneamente o recurso empresarial à rotação de trabalhadores para contornar esta nova legislação.","701",NA
"As sub-empreitadas não poderão dispensar as obrigações patronais para a segurança social.","701",NA
"E a política salaraial deve visar a recuperação do poder de compra, com aumentos acima da taxa de inflação, redistribuindo, portanto, os ganhos de produtividade em favor do trabalho que os gerou.","701",NA
"Desta forma, o Bloco combate a desqualificação do trabalho e a imposição de flexibilidades degradantes dos direitos do trabalhador.","701",NA
"Defendemos uma nova distribuição do emprego:","408",NA
"Devem beneficiar de reduções de IRC as empresas que aceitem praticar desde já horários de 35 horas semanais sem redução de efectivos ou salários.","402",NA
"O mesmo deve acontecer com as despesas de investigação e desenvolvimento tecnológico que não conduzam a despedimentos.","411",NA
"E a redução para as 35 horas deve ser contratualizada e imposta por lei no decurso dos próximos 4 anos.","701",NA
"Sustentamos políticas activas de emprego.","408",NA
"Um programa nacional de criação de emprego deve conjugar esforços privados e públicos, em particular para a estabilização do emprego dos trabalhadores flexíveis","408",NA
"e para a criação de emprego em áreas estratégicas como a saúde (a começar pelos centros de saúde),","504",NA
"a educação (a começar pelo pré-escolar),","506",NA
"o acompanhamento dos idosos,","706",NA
"o combate à toxicodependência","504",NA
"e os programas de tratamento e reinserção,","504",NA
"a defesa do ambiente","501",NA
"e a promoção da criação cultural.","502",NA
"Queremos prevenir as crises:","504",NA
"Defendemos a criação de um Fundo de Solidariedade-emprego, destinado a financiar situações de crise industrial, criado a partir de contribuições das empresas sobre horas extraordin·rias e indemnizações por despedimento ou não concessão de férias.","504",NA
"SEMANA DAS 35 HORAS",NA,NA
"A redução do horário de trabalho para 35 horas semanais não é apenas indispens·vel para combater o desemprego em Portugal.","408",NA
"É uma reforma que permite reorganizar horários de funcionamento nas áreas metropolitanas, facilitando as entradas e as saídas nas cidades.","411",NA
"E é uma reforma decisiva para as mulheres:","706",NA
"ela representa a possibilidade de melhor conciliar a vida familiar com a vida profissional e uma razão acrescida para outra repartição das tarefas domésticas entre os sexos, outra atenção aos filhos e ao uso dos tempos livres.","706",NA
"A RIQUEZA DA DIVERSIDADE",NA,NA
"Ser exigente é ser intolerante para com a intolerância.","503",NA
"A defesa da pluralidade racial e cultural do país é por isso um critério fundamental para definir a qualidade de vida colectiva do país.","607",NA
"A manutenção da situação degradante dos imigrantes clandestinos tem sido um dos instrumentos de exclusão social e de embaratecimento do trabalho, agravada pela exclusão cultural de comunidades silenciadas.","705",NA
"Para responder, desafiar e transformar esta realidade, o Bloco defende a legalização de todos os imigrantes indocumentados,","705",NA
"a libertação das pessoas detidas por acusação de falta de papéis","705",NA
"e o consequente fim das expulsões e encerramento dos centros de reclusão de imigrantes.","705",NA
"A abolição do ""delito de solidariedade"" para com os imigrantes decorre desta nova política de abertura, que inclui o direito de reagrupamento familiar sem restrições.","705",NA
"E o Bloco defende igualmente a concessão do direito de asilo para as pessoas que abandonam o seu país na consequência de guerras, perseguições políticas, religiosas ou étnicas ou desastres naturais.","705",NA
"VALORIZAR A TERCEIRA IDADE",NA,NA
"Ser exigente, para lá do valor das pensões, é ter a coragem de encarar a terceira idade como uma força útil à sociedade e não como um encargo da má consciência colectiva.","706",NA
"A população portuguesa está a envelhecer.","706",NA
"Temos cada vez menos filhos e vivemos cada vez mais anos.","706",NA
"A qualidade de vida na terceira idade é, por isto, uma questão do futuro a que se deve responder desde hoje.","706",NA
"O dinheiro não é tudo.","706",NA
"Por si só, ele não resolve o problema da solidão, do isolamento e o abandono dos idosos pelas famílias.","706",NA
"Nem resolve a total dependência de um sistema de saúde que é dos mais ineficazes e caros da Europa.","504",NA
"O problema da sociedade com os idosos não é, apenas, com os que frequentam os centros de dia e os acamados, mas com os que ainda estão activos.","706",NA
"Por isso defendemos o apoio a todas as associações e cooperativas que promovam os saberes dos idosos em formas de economia social de rendimento,","706",NA
"o desenvolvimento de serviços públicos de assistência aos incapacitados","706",NA
"e a colaboração com organizações não governamentais (ONG's) que se dediquem à formação e animação permanentes, envolvendo as diferentes gerações das famílias.","706",NA
"INVESTIR NA VIDA EM COLECTIVO",NA,NA
"O aproveitamento dos saberes dos idosos tem contrapartida parcial nos bens que podem gerar.","706",NA
"A educação de adultos, mais do que alfabetizar, deve privilegiar a ocupação comunitária do tempo disponível.","706",NA
"Os serviços de apoio domiciliário criam novo emprego para jovens e apontam uma das direcções para a melhoria do sistema nacional de saúde.","504",NA
"Os idosos têm tanto direito a repartir o seu tempo entre ocupação e ócio como os jovens e os activos.","706",NA
"LUGAR AOS NOVOS",NA,NA
"Ser exigente é considerar que uma sociedade que conserva os filhos em casa dos pais até aos 30 anos, só pode estar doente.","706",NA
"A autonomia plena dos jovens é uma escolha de civilização.","706",NA
"Para a família e para a escola, os jovens são menores.","706",NA
"Mas para as empresas, para a publicidade e para a Justiça, os jovens são tão adultos como quaisquer outros.","706",NA
"Os mais conservadores não querem que eles tenham educação sexual na escola, apesar da SIDA e apesar de ninguém os conseguir prender em casa à noite.","604",NA
"Ninguém os prende em casa, mas muito menos eles podem sair de lá antes dos 30 anos, mesmo que casem e concluam cursos superiores.","706",NA
"O curso não garante emprego satisfatório e já não há salário seguro.","706",NA
"Resultado: mesmo casados, muitos continuam com os pais.","706",NA
"O Bloco sustenta que a autonomia deve ser o objectivo das políticas direccionadas aos jovens.","706",NA
"Somos pela gratuitidade em todos os níveis de ensino","501",NA
"e por um largo debate público sobre a reforma da educação.","506",NA
"Somos por contratos estáveis de trabalho depois de um ano à experiência.","706",NA
"Somos por contratos de aprendizagem obrigatórios e pagos, em caso de desemprego até aos 21 anos.","706",NA
"Somos pela educação sexual, a legalização de todas as formas de união, independentemente da orientação sexual.","604",NA
"E somos por políticas de habitação para jovens, que favoreçam a independência das famílias.","504",NA
"DESPENALIZAR AS DROGAS",NA,NA
"Ser exigente é encarar novas respostas para velhos problemas.","503",NA
"É responder aos problemas que a vida põe, em vez de se invocar a vida adiando a resolução dos problemas.","503",NA
"Recentemente o governo descriminalizou o consumo de drogas.","503",NA
"É apenas uma meia medida: os heroinómanos continuam a ter que procurar no mercado clandestino o produto que os oprime e vão continuar a ser presos por crimes associados a essa dependência.","503",NA
"O Bloco propõe uma nova abordagem para o problema:","504",NA
"Autorize-se a venda de cannabis em estabelecimentos próprios, separando este mercado do das drogas duras.","504",NA
"Despenalizem-se todos os consumos.","503",NA
"O Estado deve criar os meios para que o toxicodependente não esteja condenado a recorrer aos traficantes.","503",NA
"Mas não se deve confundir, por exemplo, a distribuição de metadona, que é um opiáceo, com política de tratamento.","504",NA
"Invista-se no tratamento e recuperação livre de drogas, através de serviços ambulatórios e comunidades terapêuticas.","504",NA
"Actualmente existem apenas duas comunidades do Estado (37 camas!)…","504",NA
"Finalmente, concentrem-se os esforços de polícia no tráfico,","605",NA
"acabe-se com o sigilo bancário e com o off-shore da Madeira, onde se branqueiam os capitais da droga.","605",NA
"UMA ECONOMIA PARA A VIDA E O AMBIENTE",NA,NA
"Ser exigente é prevenir agora o que será mais tarde irremediável.","501",NA
"A nossa economia copia, em pior, o que foi feito no primeiro mundo.","501",NA
"Precisamos de outras escolhas. As que nos colocam no futuro.","501",NA
"O Bloco propõe a utilização da política fiscal para reorientar o crescimento económico para a qualidade de vida e para a defesa do ambiente.","501",NA
"Para o mundo rural:","703",NA
"Sustentamos a necessidade da administração segundo critérios nacionais dos subsídios da Política Agrícola Comum.","703",NA
"Defendemos o incentivo e créditos fiscais ao investimento que seja criador de emprego e não delapide recursos escassos.","402",NA
"Deve ser promovida a eficiência no uso da água","501",NA
"e incentivada fiscalmente a redução dos volumes de nitratos nos cursos de água, a exemplo do que se tem feito, com sucesso, na Suécia.","501",NA
"Somos pela criação de um imposto específico sobre pesticidas","501",NA
"e o uso dessas receitas em alternativas biológicas.","501",NA
"E defendemos que mudanças de localização dos contribuintes de áreas urbanas para zonas rurais devem beneficiar de deduções em IRS.","501",NA
"IVA Os produtos de primeira necessidade, produtos 'verdes' e reciclados,","501",NA
"iniciativas de auto-emprego e de economia social,","504",NA
"serviços de proximidade,","504",NA
"protecção ambiental","501",NA
"e substituição energética e agricultura biológica, devem beneficiar de IVA reduzido a 5 por cento, do mesmo que os produtos de luxo devem passar a ser taxáveis a 30 por cento.","501",NA
"Para economizar recursos e diversificar as fontes de energia:","408",NA
"Somos favoráveis a uma estratégia de desenvolvimento do gás natural,","408",NA
"bem como a incentivos à dotação dos equipamentos urbanos com painéis solares.","501",NA
"Defendemos crédito bonificado para todas as melhorias em isolamento e eficiência térmica.","402",NA
"Sustentamos políticas de reciclagem do vidro em detrimento do petróleo (plásticos)","501",NA
"e que os materiais da fileira florestal que não tenham pelo menos 30 por cento de incorporação de reciclados sejam sobre-taxados.","501",NA
"Finalmente, pronunciamo-nos pela manutenção da actual estrutura do preço da gasoline","412",NA
"e por limitações à circulação privada em áreas urbanas protegidas, nomeadamente nos centros históricos das cidades.","501",NA
"SERVIÇOS PÚBLICOS EFICIENTES",NA,NA
"Ser exigente é não olhar para o país com os óculos da publicidade.","403",NA
"Os cidadãos devem intervir na formação dos preços e controlo da qualidade dos serviços públicos.","403",NA
"O que os consumidores esperam dos serviços públicos, sejam eles 'monopólios naturais' - como a água, a electricidade ou o gás - ou estejamos a falar de bens mais complexos como os fornecidos pelos sistemas de transporte e telecomunicações, são exigências bastante simples:","403",NA
"garantia de serviço,","403",NA
"eficêcia e qualidade,","403",NA
"preço razoável","412",NA
"e protecção contra qualquer tipo de exploração.","403",NA
"Sustentamos que estas exigências têm a obrigação de ser melhor servidas por empresas de capitais públicos.","413",NA
"Mas esta opinião não isenta os operadores privados de responsabilidades sociais, bem pelo contrário.","403",NA
"O preço de um serviço público deve ser um preço social e não um preço de mercado, independentemente da propriedade.","403",NA
"E os lucros da empresa que presta o serviço têm de ser lidos como um imposto cobrado ao utilizador.","403",NA
"É por isso que propomos a criação de uma Agência Nacional de Defesa do Consumidor, instituto do Estado, mas independente do governo e com representação dos consumidores, que tenha poderes legais para fixar com as empresas os tarifários dos principais serviços públicos,","403",NA
"as margens de lucro admissíveis","403",NA
"e os parâmetros de qualidade exigíveis.","403",NA
"TELEVISÃO E INTERNET",NA,NA
"Ser exigente é defender um serviço público de televisão.","502",NA
"E é defender a generalização do computador pessoal e o acesso à internet.","502",NA
"Dos serviços públicos deve ter-se uma ideia dinâmica.","502",NA
"Por exemplo, a internet é um serviço público global, tão indispensável ao lazer quanto ao trabalho e ao conhecimento.","502",NA
"Por esta razão partilhamos as reivindicações dos internautas, nomeadamente o acesso à internet por assinatura e não por tempo de uso.","502",NA
"E sustentamos a necessidade de um programa de venda massiva de computadores a 100 contos e sem juros para os adolescentes em todo o país.","506",NA
"O computador é a principal ferramenta de conhecimento deste fim de século e é a essa luz que deve ser entendido.","506",NA
"Se somos muito claros quanto a privilegiar os meios no que toca a instrumentos onde o vector educativo é estratégico, já quanto à televisão, onde o entretenimento adquire centralidade, a política deve focar-se nos conteúdos.","502",NA
"O Bloco defende o conceito de serviço público em televisão.","502",NA
"Somos favoráveis a um canal de serviço público sem publicidade.","502",NA
"A situação actual não serve a ninguém - em nome das audiências não há serviço público relevante e no entanto pagamo-lo nos prejuízos anuais da RTP.","502",NA
"Esta empresa tem de ser reestruturada e, nesse contexto, devem ser encarados canais de serviço público especializados para a rede de cabo.","502",NA
"A prestação de serviço público deve ser extensiva aos canais generalistas privados no domínio da informação e da componente de produção nacional.","502",NA
"Deve igualmente diminuir o volume global de publicidade autorizada durante o horário de programação.","502",NA
"Esta medida, bem como o fim da publicidade no canal do Estado, é essencial para viabilizar os mercados radiofónico e da imprensa escrita.","502",NA
"DIREITOS CÍVICOS E POLÍTICOS",NA,NA
"Ser exigente é garantir a expressão da diferença,","201",NA
"a pluralidade das opiniões","202",NA
"e a representação dos cidadãos.","202",NA
"A democracia representativa que temos ainda não é universal.","202",NA
"Defendemos por isso o alargamento do direito de voto aos jovens com 16 anos, a idade em que já se pode trabalhar e ser julgado e condenado como adulto.","706",NA
"Sustentamos que o direito de voto deve ser concedido para todas as eleições a todos os estrangeiros que o desejem, desde que vivam em Portugal há, pelo menos, 5 anos.","705",NA
"Finalmente, é indispensável que um eleitor(a) possa exercer o seu direito de voto em qualquer ponto do país, independentemente da freguesia onde se encontre inscrito.","202",NA
"Defendemos uma reforma do sistema eleitoral que garanta duas grandes inovações.","202",NA
"Deve ser aceite o direito de apresentação de candidaturas independentes a todas as eleições, mediante requisitos mínimos.","202",NA
"Deve ser instituído um círculo nacional que elege 50 deputados e reformulado o mapa eleitoral na base de círculos de 3 a 15 deputados a serem eleitos a partir dos concelhos actualmente definidos ou da sua agregação.","202",NA
"Finalmente, o aumento das responsabilidades dos deputados implica a transparência da sua actuação.","202",NA
"Recusamos mordomias inqualificáveis como a reforma aos 12 anos de serviço e os subsídios de reinserção,","202",NA
"e defendemos em contrapartida a melhoria fundamental das condições do seu trabalho, em termos de gabinetes próprios,","201",NA
"estruturas de apoio e de informação","201",NA
"e, consequentemente, da obrigação de prestação de contas aos eleitores.","202",NA
