CAP,1 CODE,1 NAME,1 CORR,2 CODE,2 NAME,2 CORR,3 CODE,3 NAME,3 CORR,4 CODE,4 NAME,4 CORR,5 CODE,5 NAME,5 CORR
100,404,Economic Planning,0.9340956365388483,109,Internationalism: Negative,1.1196014184964376,414,Economic Orthodoxy,1.1524819473358618,305,Political Authority,1.1568499367402783,203,Constitutionalism: Positive,1.1591044082234863
101,706,Non-economic Demographic Groups,1.2150676015632749,403,Market Regulation,1.2185615473435198,414,Economic Orthodoxy,1.2253535322499371,606,Civic Mindedness: Positive,1.2321035748979703,409,Keynesian Demand Management,1.2322233185467821
103,404,Economic Planning,1.19519387773463,412,Controlled Economy,1.1999872527415796,414,Economic Orthodoxy,1.2219339628810217,409,Keynesian Demand Management,1.228371563565592,416,Anti-Growth Economy: Positive,1.229024092399664
104,404,Economic Planning,0.9058754499457441,414,Economic Orthodoxy,1.136579959504835,109,Internationalism: Negative,1.1483641662737933,203,Constitutionalism: Positive,1.1537779140078668,301,Federalism,1.1961293279668344
105,110,European Community/Union: Negative,1.1088870907069108,606,Civic Mindedness: Positive,1.111174277176202,602,National Way of Life: Negative,1.1165430511436525,409,Keynesian Demand Management,1.1431251105695168,411,Technology and Infrastructure,1.1468403015537896
107,605,Law and Order: Positive,1.0172144684678688,402,Incentives,1.076161675575001,404,Economic Planning,1.0779236129684895,608,Multiculturalism: Negative,1.1518198962025474,203,Constitutionalism: Positive,1.1591966834342482
108,404,Economic Planning,0.9138073279835272,416,Anti-Growth Economy: Positive,1.0360368266286595,410,Economic Growth: Positive,1.0455696211859737,414,Economic Orthodoxy,1.1590004989347034,203,Constitutionalism: Positive,1.1621281154375158
110,412,Controlled Economy,0.849737076586799,402,Incentives,1.1659899930839006,701,Labour Groups: Positive,1.1720710121394071,401,Free Market Economy,1.1970393834106712,403,Market Regulation,1.2126715223502165
199,404,Economic Planning,1.2239363334104885,408,Economic Goals,1.2375240809437582,703,Agriculture and Farmers: Positive,1.2440387373494093,302,Centralisation,1.2677847867642251,301,Federalism,1.2802100360625017
200,201,Freedom and Human Rights,1.1425321104524189,303,Governmental and Administrative Efficiency,1.1549103397826166,705,Underprivileged Minority Groups,1.1774732087356532,606,Civic Mindedness: Positive,1.2206662645024868,104,Military: Positive,1.2335313316380037
201,503,Equality: Positive,1.0964517393641384,705,Underprivileged Minority Groups,1.1479628738786047,608,Multiculturalism: Negative,1.2052584500658428,607,Multiculturalism: Positive,1.210295805197171,603,Traditional Morality: Positive,1.2350432600010524
202,503,Equality: Positive,1.0774630640260916,608,Multiculturalism: Negative,1.2324556185981748,604,Traditional Morality: Negative,1.243885322210555,607,Multiculturalism: Positive,1.244251024885666,603,Traditional Morality: Positive,1.247295358760243
204,503,Equality: Positive,1.1498632652277772,203,Constitutionalism: Positive,1.1758240075233508,404,Economic Planning,1.1764083501476228,109,Internationalism: Negative,1.193502445449047,706,Non-economic Demographic Groups,1.1958456598635345
205,503,Equality: Positive,1.1618166376760632,705,Underprivileged Minority Groups,1.2651623541239978,608,Multiculturalism: Negative,1.2865552415406922,603,Traditional Morality: Positive,1.2869594710891807,607,Multiculturalism: Positive,1.2919427973308564
206,108,European Community/Union: Positive,1.1408289432467489,506,Education Expansion,1.199012588809518,201,Freedom and Human Rights,1.202611656121719,304,Political Corruption,1.223008603366399,202,Democracy,1.2345278881910098
207,201,Freedom and Human Rights,0.8828297036445292,603,Traditional Morality: Positive,1.1092701588127116,604,Traditional Morality: Negative,1.1566715570743353,607,Multiculturalism: Positive,1.1690317206691427,202,Democracy,1.1708651891300885
208,413,Nationalisation,1.1491739181253477,604,Traditional Morality: Negative,1.1664561828639546,303,Governmental and Administrative Efficiency,1.170757825165686,305,Political Authority,1.1749336273029307,201,Freedom and Human Rights,1.1771477075131456
209,415,Marxist Analysis: Positive,0.999658714623832,301,Federalism,1.162684505225675,202,Democracy,1.2061151748943264,302,Centralisation,1.2165545456750275,602,National Way of Life: Negative,1.2202272960159495
299,201,Freedom and Human Rights,1.14366775055364,303,Governmental and Administrative Efficiency,1.1593619830721502,606,Civic Mindedness: Positive,1.2283647621835463,104,Military: Positive,1.2446551996373119,107,Internationalism: Positive,1.248261553908753
300,504,Welfare State Expansion,0.9649247244551189,505,Welfare State Limitation,1.008562895165837,305,Political Authority,1.067151220789801,303,Governmental and Administrative Efficiency,1.1237186255078324,413,Nationalisation,1.133045423621457
301,504,Welfare State Expansion,0.9600453400636335,505,Welfare State Limitation,1.0516771329359633,408,Economic Goals,1.1293052900125902,506,Education Expansion,1.1549959975660424,501,Environmental Protection: Positive,1.1791412762692512
302,504,Welfare State Expansion,1.1759263010282233,403,Market Regulation,1.1881281287937266,507,Education Limitation,1.196021922459698,412,Controlled Economy,1.2215495141351134,303,Governmental and Administrative Efficiency,1.2263000830984367
321,411,Technology and Infrastructure,1.1561145697945807,704,Middle Class and Professional Groups,1.1881954834260793,403,Market Regulation,1.189921004506648,401,Free Market Economy,1.2409257095010395,504,Welfare State Expansion,1.254675489377702
322,303,Governmental and Administrative Efficiency,1.1461086109908112,504,Welfare State Expansion,1.1612100708758497,704,Middle Class and Professional Groups,1.2090844333833959,505,Welfare State Limitation,1.2420316080390592,506,Education Expansion,1.2497997365494578
323,403,Market Regulation,1.194622264844895,408,Economic Goals,1.2332021326838138,506,Education Expansion,1.236644815671557,401,Free Market Economy,1.2394611774391309,402,Incentives,1.2421832105666704
324,504,Welfare State Expansion,1.218157956746963,503,Equality: Positive,1.2293372787376515,505,Welfare State Limitation,1.23091437412376,304,Political Corruption,1.2422826448978028,605,Law and Order: Positive,1.2496527259661616
325,504,Welfare State Expansion,1.0437581963621947,411,Technology and Infrastructure,1.0695000797386678,505,Welfare State Limitation,1.1024193336743193,402,Incentives,1.1346149213033718,507,Education Limitation,1.189746131099845
331,703,Agriculture and Farmers: Positive,1.1180702408843843,408,Economic Goals,1.1492938655297837,204,Constitutionalism: Negative,1.1849556812132638,504,Welfare State Expansion,1.194360710329625,415,Marxist Analysis: Positive,1.1963325358554582
332,504,Welfare State Expansion,0.9917878492825283,505,Welfare State Limitation,1.1332238172132576,506,Education Expansion,1.2173770244611337,507,Education Limitation,1.2190462054433946,706,Non-economic Demographic Groups,1.227087067732614
333,504,Welfare State Expansion,1.0084262521364975,505,Welfare State Limitation,1.0678721784133145,506,Education Expansion,1.2447750892833718,507,Education Limitation,1.2573280739636887,503,Equality: Positive,1.260697317776324
334,504,Welfare State Expansion,0.9469419009451049,505,Welfare State Limitation,1.0836338172105042,303,Governmental and Administrative Efficiency,1.1738310853070406,704,Middle Class and Professional Groups,1.2232676321307911,506,Education Expansion,1.2417583522238236
335,414,Economic Orthodoxy,1.2191385649926698,404,Economic Planning,1.2268198854288488,303,Governmental and Administrative Efficiency,1.2314881700814606,504,Welfare State Expansion,1.2328446378648013,109,Internationalism: Negative,1.2330287311944306
341,507,Education Limitation,1.090850243024257,506,Education Expansion,1.1330104312520022,504,Welfare State Expansion,1.1621543674698387,503,Equality: Positive,1.1836057911064746,505,Welfare State Limitation,1.2130668534447335
342,507,Education Limitation,1.1438504622274581,504,Welfare State Expansion,1.1763666734945464,503,Equality: Positive,1.1813066907736745,506,Education Expansion,1.1822577847241316,505,Welfare State Limitation,1.2354094263814472
398,504,Welfare State Expansion,1.0105694508181402,505,Welfare State Limitation,1.0869281618147724,416,Anti-Growth Economy: Positive,1.1399088465419154,411,Technology and Infrastructure,1.1571709436767623,507,Education Limitation,1.1775300177119137
399,504,Welfare State Expansion,0.9799883859940535,505,Welfare State Limitation,1.0557260492044467,506,Education Expansion,1.2104552524326566,507,Education Limitation,1.225859033380014,703,Agriculture and Farmers: Positive,1.2410250979335022
400,703,Agriculture and Farmers: Positive,0.8651310031523854,404,Economic Planning,0.9834730330259175,305,Political Authority,1.063638176496523,405,Corporatism/ Mixed Economy,1.0993153202584267,302,Centralisation,1.1103135505384274
401,702,Labour Groups: Negative,1.0734937288425141,407,Protectionism: Negative,1.1158952915409996,405,Corporatism/ Mixed Economy,1.1379018472009774,703,Agriculture and Farmers: Positive,1.139599856971796,109,Internationalism: Negative,1.1575228035410785
402,703,Agriculture and Farmers: Positive,1.0924704556634,413,Nationalisation,1.1160025601743315,404,Economic Planning,1.1406068680692316,405,Corporatism/ Mixed Economy,1.1525962869885567,412,Controlled Economy,1.1614571000831835
403,703,Agriculture and Farmers: Positive,1.214654489227306,501,Environmental Protection: Positive,1.2377720256361329,406,Protectionism: Positive,1.238453344491579,412,Controlled Economy,1.2430200844923764,605,Law and Order: Positive,1.2440990663321363
404,403,Market Regulation,1.0878688693658678,703,Agriculture and Farmers: Positive,1.1021060506887812,408,Economic Goals,1.2003514831047495,401,Free Market Economy,1.2025332815736647,410,Economic Growth: Positive,1.2067305499816725
405,412,Controlled Economy,1.1987257623400807,505,Welfare State Limitation,1.205038288880857,501,Environmental Protection: Positive,1.2058033247300568,504,Welfare State Expansion,1.207534842109228,403,Market Regulation,1.226609484569258
408,403,Market Regulation,1.2062951196911653,703,Agriculture and Farmers: Positive,1.207370869808135,103,Anti-Imperialism,1.2119138338015574,501,Environmental Protection: Positive,1.240344527919235,416,Anti-Growth Economy: Positive,1.2472564092226086
498,703,Agriculture and Farmers: Positive,1.1336767691795342,416,Anti-Growth Economy: Positive,1.1480418605072542,411,Technology and Infrastructure,1.1800005059757925,507,Education Limitation,1.1988043044979095,410,Economic Growth: Positive,1.2275290307594497
499,703,Agriculture and Farmers: Positive,0.7976344049658731,404,Economic Planning,1.225667704944285,408,Economic Goals,1.2372650006052692,405,Corporatism/ Mixed Economy,1.243359677524892,302,Centralisation,1.2436355675022956
500,404,Economic Planning,1.0105773767162,412,Controlled Economy,1.1029671277142867,405,Corporatism/ Mixed Economy,1.1071024481249858,701,Labour Groups: Positive,1.1153527756172807,414,Economic Orthodoxy,1.116135873115052
501,406,Protectionism: Positive,1.1609505038260877,501,Environmental Protection: Positive,1.1667707917260373,407,Protectionism: Negative,1.185690809112273,503,Equality: Positive,1.2095337216876803,504,Welfare State Expansion,1.2391814989633358
502,416,Anti-Growth Economy: Positive,1.181813702363681,411,Technology and Infrastructure,1.2044254926292142,701,Labour Groups: Positive,1.2063718102988705,504,Welfare State Expansion,1.213539897623219,405,Corporatism/ Mixed Economy,1.2182562321916153
503,701,Labour Groups: Positive,1.1004189174208887,405,Corporatism/ Mixed Economy,1.140525728592968,504,Welfare State Expansion,1.2213594748368866,402,Incentives,1.232281762179273,408,Economic Goals,1.2389223278916834
504,110,European Community/Union: Negative,1.103640685434914,108,European Community/Union: Positive,1.127925966423963,408,Economic Goals,1.1548804211519734,701,Labour Groups: Positive,1.2096448681246628,404,Economic Planning,1.237852265929986
505,701,Labour Groups: Positive,0.9811269534638758,412,Controlled Economy,1.040681816867003,503,Equality: Positive,1.1310690557534446,605,Law and Order: Positive,1.1548064942845222,402,Incentives,1.1813434980060347
506,504,Welfare State Expansion,1.1589779703939405,701,Labour Groups: Positive,1.1994814230601563,705,Underprivileged Minority Groups,1.211963333980991,503,Equality: Positive,1.2268719716633325,411,Technology and Infrastructure,1.2311964245183564
529,405,Corporatism/ Mixed Economy,1.2667847014577225,703,Agriculture and Farmers: Positive,1.2769341195164212,706,Non-economic Demographic Groups,1.27906854240711,503,Equality: Positive,1.2791046324874893,701,Labour Groups: Positive,1.2832406082292258
599,404,Economic Planning,0.9470935447454286,109,Internationalism: Negative,1.1656898807562717,203,Constitutionalism: Positive,1.1706675574224623,414,Economic Orthodoxy,1.2066418718063616,302,Centralisation,1.224761847129445
600,404,Economic Planning,0.9066146675825046,507,Education Limitation,0.9419683668427016,506,Education Expansion,1.0112493681540387,305,Political Authority,1.037996788061464,303,Governmental and Administrative Efficiency,1.121972677352171
601,507,Education Limitation,0.9810414638126136,506,Education Expansion,1.0271139056404515,302,Centralisation,1.156554465945682,403,Market Regulation,1.183341959654278,706,Non-economic Demographic Groups,1.1880222740595103
602,506,Education Expansion,1.0388867185928148,507,Education Limitation,1.1151593163451972,607,Multiculturalism: Positive,1.1918166791547113,104,Military: Positive,1.2102241577221182,504,Welfare State Expansion,1.2137970221651926
603,506,Education Expansion,0.92263315380182,507,Education Limitation,0.9841585767251338,705,Underprivileged Minority Groups,1.0783563958365125,503,Equality: Positive,1.084934450429232,504,Welfare State Expansion,1.120583905422393
604,506,Education Expansion,1.0194853132612238,507,Education Limitation,1.0330494982965392,504,Welfare State Expansion,1.1649007165951573,411,Technology and Infrastructure,1.1943844571711946,703,Agriculture and Farmers: Positive,1.2283655566864944
606,506,Education Expansion,1.0183025739416163,507,Education Limitation,1.0246917837268696,102,Foreign Special Relationships: Negative,1.0265973063104974,101,Foreign Special Relationships: Positive,1.0649780210781001,705,Underprivileged Minority Groups,1.1383594422288876
607,506,Education Expansion,1.106532502650428,703,Agriculture and Farmers: Positive,1.1100624654935085,507,Education Limitation,1.1172929540224559,411,Technology and Infrastructure,1.1369267717787355,408,Economic Goals,1.139224448809707
698,507,Education Limitation,0.972920661454153,506,Education Expansion,1.025766763108772,411,Technology and Infrastructure,1.1262220019256106,416,Anti-Growth Economy: Positive,1.1465809275972723,410,Economic Growth: Positive,1.223683141330336
699,404,Economic Planning,0.9483153063584715,507,Education Limitation,0.9795824603193105,506,Education Expansion,0.9909471334887928,203,Constitutionalism: Positive,1.1467063574747445,109,Internationalism: Negative,1.1695222174781925
700,404,Economic Planning,0.8787136191627665,305,Political Authority,1.041734645180888,501,Environmental Protection: Positive,1.08786530975587,303,Governmental and Administrative Efficiency,1.1017657484238979,414,Economic Orthodoxy,1.1210382476653358
701,605,Law and Order: Positive,1.1951461303402993,402,Incentives,1.2127323856212446,607,Multiculturalism: Positive,1.2151004689218572,501,Environmental Protection: Positive,1.2176852168005905,416,Anti-Growth Economy: Positive,1.2424325192598484
703,503,Equality: Positive,1.247796092411249,416,Anti-Growth Economy: Positive,1.254683819024062,305,Political Authority,1.266931901981135,501,Environmental Protection: Positive,1.2675357407591843,103,Anti-Imperialism,1.2798188449817345
704,503,Equality: Positive,1.240377242256276,403,Market Regulation,1.2553765265584693,702,Labour Groups: Negative,1.268873238208442,501,Environmental Protection: Positive,1.2796658090605972,303,Governmental and Administrative Efficiency,1.2799906871301716
705,501,Environmental Protection: Positive,1.132429999781621,416,Anti-Growth Economy: Positive,1.2482983066045632,412,Controlled Economy,1.2640744524340177,304,Political Corruption,1.2702987301056505,409,Keynesian Demand Management,1.2736106098250193
707,501,Environmental Protection: Positive,1.2368521206900664,416,Anti-Growth Economy: Positive,1.2539872558827863,703,Agriculture and Farmers: Positive,1.2646991178911633,506,Education Expansion,1.2663403207438864,502,Culture: Positive,1.2715443117991447
708,501,Environmental Protection: Positive,1.2070677564476198,416,Anti-Growth Economy: Positive,1.2247438987344244,702,Labour Groups: Negative,1.2628608076121903,502,Culture: Positive,1.2687175986177195,408,Economic Goals,1.270253293304687
709,501,Environmental Protection: Positive,1.1098791326527055,407,Protectionism: Negative,1.147332464857782,403,Market Regulation,1.1499760913669985,605,Law and Order: Positive,1.193459873247688,607,Multiculturalism: Positive,1.19745284702116
711,413,Nationalisation,1.195043907895739,501,Environmental Protection: Positive,1.2175103122776552,703,Agriculture and Farmers: Positive,1.242215166030053,416,Anti-Growth Economy: Positive,1.2593115160475916,607,Multiculturalism: Positive,1.2701830951019377
798,416,Anti-Growth Economy: Positive,1.0611411084244822,411,Technology and Infrastructure,1.1058750518911487,501,Environmental Protection: Positive,1.1802278601758924,507,Education Limitation,1.1989220152931208,410,Economic Growth: Positive,1.2091871025280876
799,501,Environmental Protection: Positive,1.1301552824660053,416,Anti-Growth Economy: Positive,1.1628420720087156,404,Economic Planning,1.2246193824144596,408,Economic Goals,1.241359088419156,608,Multiculturalism: Negative,1.2416337522609457
800,404,Economic Planning,0.8776070716077269,303,Governmental and Administrative Efficiency,1.0746959316967017,405,Corporatism/ Mixed Economy,1.1275756248857498,412,Controlled Economy,1.1284549714963072,414,Economic Orthodoxy,1.1334279426496026
801,104,Military: Positive,1.1809543162378109,105,Military: Negative,1.1974874775363258,505,Welfare State Limitation,1.197985190045594,605,Law and Order: Positive,1.2185972643396557,504,Welfare State Expansion,1.2248279293709998
802,701,Labour Groups: Positive,1.1761923393761184,305,Political Authority,1.2000702030533836,403,Market Regulation,1.229610234903596,108,European Community/Union: Positive,1.2366102752858814,703,Agriculture and Farmers: Positive,1.2454132248715595
803,403,Market Regulation,1.1990587951705907,414,Economic Orthodoxy,1.2344321193204415,501,Environmental Protection: Positive,1.2365412769651958,409,Keynesian Demand Management,1.2568083476836833,412,Controlled Economy,1.2591436860378131
805,410,Economic Growth: Positive,1.1693252184966059,405,Corporatism/ Mixed Economy,1.1725062085656892,702,Labour Groups: Negative,1.1825750899406415,407,Protectionism: Negative,1.1841949596582046,105,Military: Negative,1.1877754157850424
806,702,Labour Groups: Negative,1.1642117792720665,105,Military: Negative,1.1951124262880353,304,Political Corruption,1.1972494450571145,703,Agriculture and Farmers: Positive,1.238331144256137,416,Anti-Growth Economy: Positive,1.2412221851992957
807,303,Governmental and Administrative Efficiency,1.0443653909808948,413,Nationalisation,1.136578524878094,105,Military: Negative,1.1366040186365727,405,Corporatism/ Mixed Economy,1.1415640052592833,410,Economic Growth: Positive,1.1639879577122647
898,416,Anti-Growth Economy: Positive,1.151358291192877,411,Technology and Infrastructure,1.1809360096870496,507,Education Limitation,1.2076258954737547,506,Education Expansion,1.2278715597441687,410,Economic Growth: Positive,1.233291746080253
899,703,Agriculture and Farmers: Positive,1.2307750456034152,702,Labour Groups: Negative,1.26747438003146,303,Governmental and Administrative Efficiency,1.269364270783027,408,Economic Goals,1.2737236698601226,411,Technology and Infrastructure,1.2754873148817076
900,601,National Way of Life: Positive,1.2153836237607734,608,Multiculturalism: Negative,1.2486226140359067,109,Internationalism: Negative,1.2489281189330321,605,Law and Order: Positive,1.2496803898460045,302,Centralisation,1.2506507897442225
1000,404,Economic Planning,0.9716222814182404,303,Governmental and Administrative Efficiency,1.0987305673037489,412,Controlled Economy,1.1156965005846349,302,Centralisation,1.1163231220352734,413,Nationalisation,1.121773172793843
1001,502,Culture: Positive,1.1788098717810893,403,Market Regulation,1.1847058466910425,411,Technology and Infrastructure,1.2181484213612153,412,Controlled Economy,1.2365428267297025,504,Welfare State Expansion,1.2387863856367811
1002,411,Technology and Infrastructure,1.1593596026969228,504,Welfare State Expansion,1.163446535429366,502,Culture: Positive,1.198779737682373,606,Civic Mindedness: Positive,1.2005234512554497,505,Welfare State Limitation,1.2064448781070294
1003,411,Technology and Infrastructure,1.1453833816279229,412,Controlled Economy,1.1881022872108256,403,Market Regulation,1.2062959995859834,401,Free Market Economy,1.2101179919325562,201,Freedom and Human Rights,1.2297090158944575
1005,411,Technology and Infrastructure,1.182721481143363,416,Anti-Growth Economy: Positive,1.2019946417921252,704,Middle Class and Professional Groups,1.2083548610420596,410,Economic Growth: Positive,1.2579102726567235,303,Governmental and Administrative Efficiency,1.2598422573243546
1007,505,Welfare State Limitation,1.1845251273295192,104,Military: Positive,1.209506430969476,504,Welfare State Expansion,1.2110315491817516,605,Law and Order: Positive,1.212392224308427,703,Agriculture and Farmers: Positive,1.2297148369750668
1010,411,Technology and Infrastructure,0.9831846972512166,504,Welfare State Expansion,1.152463823757602,409,Keynesian Demand Management,1.1544199282878334,606,Civic Mindedness: Positive,1.1585134906197512,502,Culture: Positive,1.168537543939161
1098,411,Technology and Infrastructure,1.1541501345761667,416,Anti-Growth Economy: Positive,1.1563832313122924,507,Education Limitation,1.1889032612133028,506,Education Expansion,1.222160937144364,410,Economic Growth: Positive,1.2279213305571581
1099,411,Technology and Infrastructure,1.214825362108769,703,Agriculture and Farmers: Positive,1.221182336554217,505,Welfare State Limitation,1.246640686060927,507,Education Limitation,1.2491376358820085,504,Welfare State Expansion,1.2666140939660153
1200,605,Law and Order: Positive,0.9982761951334581,604,Traditional Morality: Negative,1.147232020103703,701,Labour Groups: Positive,1.153710657786437,305,Political Authority,1.168002801390357,603,Traditional Morality: Positive,1.1821622135111696
1201,605,Law and Order: Positive,0.9975284588622048,608,Multiculturalism: Negative,1.1205797212425954,301,Federalism,1.2070355107705306,110,European Community/Union: Negative,1.2336268237370818,204,Constitutionalism: Negative,1.2336461097683509
1202,704,Middle Class and Professional Groups,1.1545335766283122,605,Law and Order: Positive,1.1905294080560278,304,Political Corruption,1.245513667741886,503,Equality: Positive,1.2645679317710785,606,Civic Mindedness: Positive,1.2763513229149335
1203,605,Law and Order: Positive,1.0951547893275022,608,Multiculturalism: Negative,1.2174897158679412,107,Internationalism: Positive,1.2238400117039208,202,Democracy,1.2259571253588886,109,Internationalism: Negative,1.2282406776371944
1204,303,Governmental and Administrative Efficiency,1.1267408092345854,302,Centralisation,1.2147906838349607,202,Democracy,1.221127720735111,404,Economic Planning,1.2231419701300155,305,Political Authority,1.2233513254104182
1205,414,Economic Orthodoxy,1.2465377679955603,504,Welfare State Expansion,1.263575865554685,505,Welfare State Limitation,1.2662337266683394,302,Centralisation,1.2723027939983784,303,Governmental and Administrative Efficiency,1.2771793272799286
1206,605,Law and Order: Positive,1.1695446191661785,304,Political Corruption,1.2080537927774195,503,Equality: Positive,1.214283264571509,504,Welfare State Expansion,1.2319186900653596,105,Military: Negative,1.25254845033172
1207,504,Welfare State Expansion,1.1812542092664007,503,Equality: Positive,1.1858135996689052,604,Traditional Morality: Negative,1.2420592921468427,505,Welfare State Limitation,1.2433937060150824,603,Traditional Morality: Positive,1.2593892367001573
1208,605,Law and Order: Positive,1.0534982013489682,504,Welfare State Expansion,1.106417752685071,604,Traditional Morality: Negative,1.1170363419387153,505,Welfare State Limitation,1.1503736406585323,603,Traditional Morality: Positive,1.1645055221535783
1210,605,Law and Order: Positive,0.9995596669871101,303,Governmental and Administrative Efficiency,1.156989307953066,607,Multiculturalism: Positive,1.1797097648580277,606,Civic Mindedness: Positive,1.2006295921213543,204,Constitutionalism: Negative,1.2127300284084637
1211,412,Controlled Economy,1.002281778269443,605,Law and Order: Positive,1.1612516182971269,304,Political Corruption,1.2173519934504045,201,Freedom and Human Rights,1.2185655878145472,401,Free Market Economy,1.242787642664081
1227,605,Law and Order: Positive,1.0125841888424598,607,Multiculturalism: Positive,1.1385622635593968,101,Foreign Special Relationships: Positive,1.1442656377323375,102,Foreign Special Relationships: Negative,1.1546795099805354,701,Labour Groups: Positive,1.1578685690955155
1299,605,Law and Order: Positive,1.0157423736153475,604,Traditional Morality: Negative,1.1432740535488122,603,Traditional Morality: Positive,1.1953062304736581,203,Constitutionalism: Positive,1.212782855947756,204,Constitutionalism: Negative,1.2166543777234409
1300,505,Welfare State Limitation,0.8461792831752375,504,Welfare State Expansion,0.9587483244795328,404,Economic Planning,0.9820233980373979,109,Internationalism: Negative,1.1356619090380016,203,Constitutionalism: Positive,1.13827807796402
1302,402,Incentives,1.0951756550246954,504,Welfare State Expansion,1.1489638669340467,604,Traditional Morality: Negative,1.177896967878944,706,Non-economic Demographic Groups,1.1783888511294596,409,Keynesian Demand Management,1.1854277795330388
1303,413,Nationalisation,1.1373687769909995,412,Controlled Economy,1.1476869684015993,706,Non-economic Demographic Groups,1.151109744900717,701,Labour Groups: Positive,1.1557906955538206,303,Governmental and Administrative Efficiency,1.156910013714715
1304,101,Foreign Special Relationships: Positive,1.1071199137324643,706,Non-economic Demographic Groups,1.120627007968496,503,Equality: Positive,1.1773505374193298,402,Incentives,1.1861062811842744,410,Economic Growth: Positive,1.2051952203599057
1305,607,Multiculturalism: Positive,1.2095665673292428,605,Law and Order: Positive,1.2241577824740857,705,Underprivileged Minority Groups,1.255405940760535,505,Welfare State Limitation,1.2554099664431775,507,Education Limitation,1.2563366071112039
1308,504,Welfare State Expansion,0.9705742723560844,505,Welfare State Limitation,1.0688564528078064,506,Education Expansion,1.2338269605791654,503,Equality: Positive,1.2391273595419128,604,Traditional Morality: Negative,1.256383784514115
1399,505,Welfare State Limitation,0.8637724679828325,504,Welfare State Expansion,0.9739370954102737,404,Economic Planning,1.0157683990021462,203,Constitutionalism: Positive,1.1323438317299732,503,Equality: Positive,1.1473382472471239
1400,504,Welfare State Expansion,1.2033218118998532,404,Economic Planning,1.2316032670275867,416,Anti-Growth Economy: Positive,1.2477611952408107,405,Corporatism/ Mixed Economy,1.2484019483962778,403,Market Regulation,1.2526269733770377
1401,109,Internationalism: Negative,1.0818803651603834,404,Economic Planning,1.089924693035996,416,Anti-Growth Economy: Positive,1.1140579315929005,504,Welfare State Expansion,1.1486863535981304,602,National Way of Life: Negative,1.1572032309385656
1403,416,Anti-Growth Economy: Positive,1.1276577568941772,701,Labour Groups: Positive,1.1661892346441085,305,Political Authority,1.1862433557537646,108,European Community/Union: Positive,1.1874728080220884,608,Multiculturalism: Negative,1.2107962071162917
1404,504,Welfare State Expansion,1.191411357964522,703,Agriculture and Farmers: Positive,1.2111854344926087,404,Economic Planning,1.2420533891919254,403,Market Regulation,1.2517578193133658,505,Welfare State Limitation,1.2525076240446913
1405,404,Economic Planning,1.0252870542839827,408,Economic Goals,1.0478470496981622,416,Anti-Growth Economy: Positive,1.0513329202071864,410,Economic Growth: Positive,1.05643455967425,405,Corporatism/ Mixed Economy,1.109487248431063
1406,504,Welfare State Expansion,1.0720561747634374,401,Free Market Economy,1.101987405093298,409,Keynesian Demand Management,1.1119016181207357,411,Technology and Infrastructure,1.138388784363107,402,Incentives,1.1403195725930204
1407,105,Military: Negative,1.145995368325782,104,Military: Positive,1.1537076219138074,103,Anti-Imperialism,1.1912295512529956,604,Traditional Morality: Negative,1.1940790748594476,504,Welfare State Expansion,1.205047790878782
1408,705,Underprivileged Minority Groups,1.132331503271538,504,Welfare State Expansion,1.1490340241790775,706,Non-economic Demographic Groups,1.2232870638234765,408,Economic Goals,1.2246240323206339,505,Welfare State Limitation,1.2292829606077804
1409,504,Welfare State Expansion,1.14555472537454,409,Keynesian Demand Management,1.2196262463316627,105,Military: Negative,1.2228785801291349,705,Underprivileged Minority Groups,1.2244707763658111,506,Education Expansion,1.224610612915735
1498,416,Anti-Growth Economy: Positive,1.1268770786483653,411,Technology and Infrastructure,1.1597728320439318,504,Welfare State Expansion,1.1942804318202103,507,Education Limitation,1.1968499003207127,410,Economic Growth: Positive,1.2102825957759586
1499,416,Anti-Growth Economy: Positive,1.1340589218455486,504,Welfare State Expansion,1.1716133371648076,410,Economic Growth: Positive,1.2033443184048476,608,Multiculturalism: Negative,1.207844945690521,404,Economic Planning,1.215905406587839
1500,404,Economic Planning,1.087124147703861,405,Corporatism/ Mixed Economy,1.0990062959012168,412,Controlled Economy,1.1042765274251092,303,Governmental and Administrative Efficiency,1.1297586492565699,413,Nationalisation,1.1324103110882517
1501,414,Economic Orthodoxy,1.1050465786616037,602,National Way of Life: Negative,1.1394004768588546,403,Market Regulation,1.1540232444984917,109,Internationalism: Negative,1.1607717204401575,402,Incentives,1.1689130367928304
1502,403,Market Regulation,1.1286443482361093,411,Technology and Infrastructure,1.1558996484986608,505,Welfare State Limitation,1.1932958992455749,605,Law and Order: Positive,1.1937102512630529,404,Economic Planning,1.1992984518057197
1504,403,Market Regulation,1.1713380587367053,402,Incentives,1.2285990101217188,401,Free Market Economy,1.23102732903904,414,Economic Orthodoxy,1.232983365082019,409,Keynesian Demand Management,1.2404545210442526
1505,403,Market Regulation,1.1471141697474874,402,Incentives,1.1644878243868695,411,Technology and Infrastructure,1.1653987730220652,504,Welfare State Expansion,1.1826949775768445,401,Free Market Economy,1.2064252937854212
1507,103,Anti-Imperialism,1.1795390410552933,401,Free Market Economy,1.1930923118429428,604,Traditional Morality: Negative,1.2376671488574131,201,Freedom and Human Rights,1.2380958343669297,505,Welfare State Limitation,1.2393243661585924
1520,403,Market Regulation,1.1727949862242628,107,Internationalism: Positive,1.1747127674182443,409,Keynesian Demand Management,1.2071815540191173,302,Centralisation,1.220136958650531,304,Political Corruption,1.2272258188660172
1521,403,Market Regulation,1.1268547128232487,408,Economic Goals,1.1775423483485936,410,Economic Growth: Positive,1.1887851687072155,401,Free Market Economy,1.192232210860477,703,Agriculture and Farmers: Positive,1.2171403875732876
1522,401,Free Market Economy,1.2178066853272496,603,Traditional Morality: Positive,1.256484479121598,201,Freedom and Human Rights,1.257692114837914,403,Market Regulation,1.263269350144092,202,Democracy,1.2679242605302348
1523,501,Environmental Protection: Positive,1.2145996549701352,607,Multiculturalism: Positive,1.228144814128276,605,Law and Order: Positive,1.2296182247461716,107,Internationalism: Positive,1.23867494267066,402,Incentives,1.2584889244939674
1524,403,Market Regulation,1.1908174883126024,404,Economic Planning,1.2065083637105225,412,Controlled Economy,1.2196330908076407,703,Agriculture and Farmers: Positive,1.2209408008717688,408,Economic Goals,1.228176551429719
1525,403,Market Regulation,1.1441192714811077,605,Law and Order: Positive,1.1792386534697898,607,Multiculturalism: Positive,1.2096751735410405,401,Free Market Economy,1.2201985952291243,407,Protectionism: Negative,1.2269138224286187
1526,502,Culture: Positive,1.1052639926227927,401,Free Market Economy,1.215813622398286,403,Market Regulation,1.225972001007021,201,Freedom and Human Rights,1.2335284593076754,603,Traditional Morality: Positive,1.2639544757349164
1598,416,Anti-Growth Economy: Positive,1.1422850115877303,411,Technology and Infrastructure,1.1695199427763545,607,Multiculturalism: Positive,1.1877857367208082,507,Education Limitation,1.193023877416447,605,Law and Order: Positive,1.2273048982479173
1599,404,Economic Planning,1.028701047553484,109,Internationalism: Negative,1.1301807191983264,203,Constitutionalism: Positive,1.1758335235440147,605,Law and Order: Positive,1.1779744996175874,607,Multiculturalism: Positive,1.194821601758545
1600,404,Economic Planning,0.9994525539219519,305,Political Authority,1.151243167201393,203,Constitutionalism: Positive,1.1608421345936109,109,Internationalism: Negative,1.1692569852100798,701,Labour Groups: Positive,1.1695620653998642
1602,107,Internationalism: Positive,1.1364931192123964,505,Welfare State Limitation,1.1708703836524625,402,Incentives,1.1760136937582821,605,Law and Order: Positive,1.18601627509,104,Military: Positive,1.1864097706376004
1603,105,Military: Negative,1.0537827097024723,104,Military: Positive,1.0913234608384683,103,Anti-Imperialism,1.1744079592540537,106,Peace,1.2393267727767416,302,Centralisation,1.2441732883214207
1604,104,Military: Positive,1.0886980078435076,303,Governmental and Administrative Efficiency,1.1392236660970507,109,Internationalism: Negative,1.164248416850954,105,Military: Negative,1.1650275841663233,103,Anti-Imperialism,1.1691391578962231
1605,105,Military: Negative,1.217128935584508,104,Military: Positive,1.2593742986027012,106,Peace,1.2657669177285225,302,Centralisation,1.269011994472627,304,Political Corruption,1.2696106780795517
1606,101,Foreign Special Relationships: Positive,0.9413000439508958,105,Military: Negative,0.9865452923688187,104,Military: Positive,1.059387486254376,102,Foreign Special Relationships: Negative,1.064643018447668,412,Controlled Economy,1.0885854434731115
1608,105,Military: Negative,0.9736535400587721,104,Military: Positive,1.0475892065203565,305,Political Authority,1.1577075947361042,103,Anti-Imperialism,1.1756147993223756,108,European Community/Union: Positive,1.1988966596846475
1610,104,Military: Positive,1.1288485243697879,105,Military: Negative,1.1383945249487686,103,Anti-Imperialism,1.1915380100664004,704,Middle Class and Professional Groups,1.2188654775603418,414,Economic Orthodoxy,1.22365271028972
1611,413,Nationalisation,1.1198374059273268,105,Military: Negative,1.1218435057150353,104,Military: Positive,1.1280529781909783,103,Anti-Imperialism,1.1974081122455376,303,Governmental and Administrative Efficiency,1.2436662707291124
1612,104,Military: Positive,1.1137667288239599,105,Military: Negative,1.132802753989456,103,Anti-Imperialism,1.1974239460201148,106,Peace,1.2507561134796468,101,Foreign Special Relationships: Positive,1.2645555048502306
1614,105,Military: Negative,1.0043503768509212,104,Military: Positive,1.041808676263036,103,Anti-Imperialism,1.1752633261839243,416,Anti-Growth Economy: Positive,1.1901727895127565,501,Environmental Protection: Positive,1.2116439970280548
1615,605,Law and Order: Positive,1.0847985049760345,109,Internationalism: Negative,1.108423632499011,602,National Way of Life: Negative,1.1200074981627701,303,Governmental and Administrative Efficiency,1.1310978860437877,601,National Way of Life: Positive,1.154857145222656
1616,105,Military: Negative,1.0758945913289137,104,Military: Positive,1.1204831876535166,103,Anti-Imperialism,1.1616042635243604,411,Technology and Infrastructure,1.1631109283611998,704,Middle Class and Professional Groups,1.19582352849659
1617,105,Military: Negative,0.9529731885705478,104,Military: Positive,1.0801214235932752,103,Anti-Imperialism,1.1625247271345138,304,Political Corruption,1.2157423357512076,302,Centralisation,1.2243124453960241
1619,105,Military: Negative,1.022489866015453,103,Anti-Imperialism,1.131993483301578,104,Military: Positive,1.1328213588725637,412,Controlled Economy,1.1425166784218241,109,Internationalism: Negative,1.1454622556690346
1620,105,Military: Negative,0.9273612407965587,104,Military: Positive,1.0486302349391687,103,Anti-Imperialism,1.1559079988265877,106,Peace,1.1886183275603261,303,Governmental and Administrative Efficiency,1.2324841169586636
1698,416,Anti-Growth Economy: Positive,1.1614025094937253,411,Technology and Infrastructure,1.1889560616972574,507,Education Limitation,1.2098623482089044,506,Education Expansion,1.2362527183591343,410,Economic Growth: Positive,1.2400051767406648
1699,404,Economic Planning,0.991182446188733,203,Constitutionalism: Positive,1.1546172406898025,109,Internationalism: Negative,1.1852657134756686,301,Federalism,1.2350525238888483,414,Economic Orthodoxy,1.243964250296658
1700,411,Technology and Infrastructure,1.0387887138037661,701,Labour Groups: Positive,1.1808835955838588,305,Political Authority,1.1954279895656055,108,European Community/Union: Positive,1.2242386571803106,506,Education Expansion,1.2340564838294046
1701,105,Military: Negative,1.078982826937225,413,Nationalisation,1.1175293004894993,303,Governmental and Administrative Efficiency,1.129492841160015,415,Marxist Analysis: Positive,1.1388366045473723,404,Economic Planning,1.1422159644425065
1704,410,Economic Growth: Positive,1.0850967024295903,403,Market Regulation,1.1481071959498566,502,Culture: Positive,1.151904665927985,415,Marxist Analysis: Positive,1.1583365848115517,411,Technology and Infrastructure,1.1689297813179822
1705,107,Internationalism: Positive,1.1316614927619364,411,Technology and Infrastructure,1.1343543141821082,109,Internationalism: Negative,1.1843753047360226,202,Democracy,1.199703962205596,507,Education Limitation,1.2220387546660663
1706,411,Technology and Infrastructure,1.1391025347072106,403,Market Regulation,1.182911994272624,303,Governmental and Administrative Efficiency,1.2328712036359204,412,Controlled Economy,1.2362054418302748,507,Education Limitation,1.2479420049186087
1707,411,Technology and Infrastructure,1.193809645747244,403,Market Regulation,1.20535360449037,704,Middle Class and Professional Groups,1.2256341450113057,407,Protectionism: Negative,1.2628903437665813,401,Free Market Economy,1.2713503942770248
1708,411,Technology and Infrastructure,1.1627577857417803,507,Education Limitation,1.2536486805815574,416,Anti-Growth Economy: Positive,1.2570022305534467,404,Economic Planning,1.2574075930796274,403,Market Regulation,1.2717129581269206
1709,411,Technology and Infrastructure,1.1517466435361376,403,Market Regulation,1.1641896666230662,505,Welfare State Limitation,1.1878273317777863,605,Law and Order: Positive,1.1973727803899508,704,Middle Class and Professional Groups,1.2048068237615737
1798,411,Technology and Infrastructure,1.0171125242483205,416,Anti-Growth Economy: Positive,1.1530718937517406,507,Education Limitation,1.1896337948304296,703,Agriculture and Farmers: Positive,1.2188197336439786,506,Education Expansion,1.229271418459135
1799,411,Technology and Infrastructure,1.0072960379153935,416,Anti-Growth Economy: Positive,1.1570148701852994,507,Education Limitation,1.1867419718328673,506,Education Expansion,1.2170593227845836,410,Economic Growth: Positive,1.2353780218726458
1800,405,Corporatism/ Mixed Economy,1.0220327677446606,702,Labour Groups: Negative,1.0904349137432252,404,Economic Planning,1.1081960229225971,407,Protectionism: Negative,1.1107254974324647,302,Centralisation,1.1327835089576543
1802,702,Labour Groups: Negative,1.1163398103307514,405,Corporatism/ Mixed Economy,1.129541801509903,407,Protectionism: Negative,1.1373405424941039,402,Incentives,1.1617339844633467,204,Constitutionalism: Negative,1.2204004070980403
1803,412,Controlled Economy,0.9981293722648148,406,Protectionism: Positive,1.0287057971483278,403,Market Regulation,1.1691595038310265,401,Free Market Economy,1.1836361249933507,410,Economic Growth: Positive,1.2043140522511793
1804,107,Internationalism: Positive,1.112123183037068,507,Education Limitation,1.1197668401122451,416,Anti-Growth Economy: Positive,1.1266103848945712,401,Free Market Economy,1.138222749090017,505,Welfare State Limitation,1.164940751342342
1806,605,Law and Order: Positive,1.2090507799075083,412,Controlled Economy,1.2159423094441202,607,Multiculturalism: Positive,1.2167935417425872,303,Governmental and Administrative Efficiency,1.2186989182025125,405,Corporatism/ Mixed Economy,1.2341716964156468
1807,406,Protectionism: Positive,1.1831117452373832,403,Market Regulation,1.1879248455393372,411,Technology and Infrastructure,1.1882204868423094,605,Law and Order: Positive,1.2090065580066691,607,Multiculturalism: Positive,1.2350496884135773
1808,702,Labour Groups: Negative,1.2506261198141289,404,Economic Planning,1.2509391268486831,412,Controlled Economy,1.2520183533166627,410,Economic Growth: Positive,1.2521781487876327,405,Corporatism/ Mixed Economy,1.2553168061466446
1899,404,Economic Planning,1.0344109143444324,109,Internationalism: Negative,1.037529316358607,702,Labour Groups: Negative,1.1001769794708132,407,Protectionism: Negative,1.1120163962543634,405,Corporatism/ Mixed Economy,1.1304565721968487
1900,107,Internationalism: Positive,1.0008180298204943,109,Internationalism: Negative,1.0455250938284566,305,Political Authority,1.080285020040714,101,Foreign Special Relationships: Positive,1.1125975365927734,410,Economic Growth: Positive,1.1273897572677647
1901,107,Internationalism: Positive,0.9764042148202978,109,Internationalism: Negative,1.0641268803721453,101,Foreign Special Relationships: Positive,1.0722182596539245,409,Keynesian Demand Management,1.1011053071410655,507,Education Limitation,1.1201766719242894
1902,107,Internationalism: Positive,1.0768081449316476,109,Internationalism: Negative,1.1481390731046115,202,Democracy,1.1627027369177318,605,Law and Order: Positive,1.1727848543538042,501,Environmental Protection: Positive,1.2093828898592693
1905,102,Foreign Special Relationships: Negative,1.0482787720063655,101,Foreign Special Relationships: Positive,1.0666380475351567,110,European Community/Union: Negative,1.0753161523089252,407,Protectionism: Negative,1.1287917558437492,702,Labour Groups: Negative,1.152345379141627
1906,107,Internationalism: Positive,0.9305307980283954,109,Internationalism: Negative,1.0979126111911215,416,Anti-Growth Economy: Positive,1.1061568597117513,301,Federalism,1.1271843565628503,414,Economic Orthodoxy,1.139064162361718
1910,110,European Community/Union: Negative,1.0865205378130807,108,European Community/Union: Positive,1.1400591699159064,608,Multiculturalism: Negative,1.2857997247496822,505,Welfare State Limitation,1.293646332394275,701,Labour Groups: Positive,1.2940237632310059
1921,102,Foreign Special Relationships: Negative,0.9799839731267381,110,European Community/Union: Negative,1.0031939472832678,101,Foreign Special Relationships: Positive,1.040974607155521,408,Economic Goals,1.0523709088901594,107,Internationalism: Positive,1.1164342507996552
1925,201,Freedom and Human Rights,1.1286998166169562,304,Political Corruption,1.1727341851272945,107,Internationalism: Positive,1.179081484150706,605,Law and Order: Positive,1.1828332266489618,104,Military: Positive,1.2016503717482994
1926,107,Internationalism: Positive,0.9692356921070883,602,National Way of Life: Negative,1.1167615407576834,109,Internationalism: Negative,1.1356033263101708,601,National Way of Life: Positive,1.1670154045900016,606,Civic Mindedness: Positive,1.1849201031494883
1927,107,Internationalism: Positive,1.007541739932876,109,Internationalism: Negative,1.1015718654606013,202,Democracy,1.1365497878803954,602,National Way of Life: Negative,1.1859057458139808,601,National Way of Life: Positive,1.1896100014459645
1929,109,Internationalism: Negative,1.1052338276932179,102,Foreign Special Relationships: Negative,1.1839331625368603,101,Foreign Special Relationships: Positive,1.1876564803117526,110,European Community/Union: Negative,1.2030061473435671,407,Protectionism: Negative,1.2074121620032088
1999,107,Internationalism: Positive,0.9875038875443014,109,Internationalism: Negative,1.034347879010685,404,Economic Planning,1.0851763771985838,203,Constitutionalism: Positive,1.1627628845822071,102,Foreign Special Relationships: Negative,1.1981930424740574
2000,413,Nationalisation,1.01923400116343,305,Political Authority,1.0484717111837718,302,Centralisation,1.0732796597273684,405,Corporatism/ Mixed Economy,1.082655088008833,303,Governmental and Administrative Efficiency,1.0893205622153286
2001,404,Economic Planning,1.0536197933751643,302,Centralisation,1.080006506135516,301,Federalism,1.1181514026408461,405,Corporatism/ Mixed Economy,1.129231042530852,303,Governmental and Administrative Efficiency,1.1306839854494284
2002,303,Governmental and Administrative Efficiency,0.8803768371418034,302,Centralisation,1.0156997548124456,305,Political Authority,1.0311743854963586,304,Political Corruption,1.064251505799694,413,Nationalisation,1.0824440943451206
2003,303,Governmental and Administrative Efficiency,1.0264793795507339,504,Welfare State Expansion,1.2032934985600716,704,Middle Class and Professional Groups,1.210144629571138,201,Freedom and Human Rights,1.223671019353137,403,Market Regulation,1.2375157908020786
2004,303,Governmental and Administrative Efficiency,0.9192376269331022,405,Corporatism/ Mixed Economy,1.0449780841307093,701,Labour Groups: Positive,1.0489515520606263,305,Political Authority,1.0940692550194675,302,Centralisation,1.1304257365544015
2005,204,Constitutionalism: Negative,1.2754349177027755,102,Foreign Special Relationships: Negative,1.279694705172801,413,Nationalisation,1.2863014876181436,101,Foreign Special Relationships: Positive,1.291595413684315,305,Political Authority,1.291781584426522
2006,408,Economic Goals,1.2089102070274471,414,Economic Orthodoxy,1.2195126795297526,703,Agriculture and Farmers: Positive,1.2396831498977885,109,Internationalism: Negative,1.2425498082160418,203,Constitutionalism: Positive,1.2433354581640719
2007,303,Governmental and Administrative Efficiency,1.0386945183092788,413,Nationalisation,1.0895883961247195,302,Centralisation,1.1065658481330474,404,Economic Planning,1.1107322991959026,405,Corporatism/ Mixed Economy,1.1222201265590568
2008,413,Nationalisation,1.052065472768105,404,Economic Planning,1.0840314996726017,302,Centralisation,1.109326653224022,412,Controlled Economy,1.109354351864599,303,Governmental and Administrative Efficiency,1.1304031555161336
2009,402,Incentives,1.0671592422755265,303,Governmental and Administrative Efficiency,1.083380504591847,605,Law and Order: Positive,1.099477014095336,608,Multiculturalism: Negative,1.1325103610231173,401,Free Market Economy,1.1377059503455769
2010,606,Civic Mindedness: Positive,1.1886867578833262,304,Political Corruption,1.2189088701957407,409,Keynesian Demand Management,1.2303194042438519,302,Centralisation,1.2306888762186363,411,Technology and Infrastructure,1.2311165252791971
2011,302,Centralisation,0.8989768425572705,303,Governmental and Administrative Efficiency,1.0490833449168984,404,Economic Planning,1.0751019449471086,204,Constitutionalism: Negative,1.1222651108944508,305,Political Authority,1.136780371031053
2012,302,Centralisation,0.9218259131313287,304,Political Corruption,0.940081555330782,202,Democracy,1.1097971325490563,103,Anti-Imperialism,1.1581906342188029,305,Political Authority,1.1705298395190584
2013,413,Nationalisation,1.1063514895527433,404,Economic Planning,1.109508897542153,302,Centralisation,1.1469013409557745,405,Corporatism/ Mixed Economy,1.154603636594598,303,Governmental and Administrative Efficiency,1.156405371495752
2014,505,Welfare State Limitation,1.2567893634027363,502,Culture: Positive,1.2673334300994874,302,Centralisation,1.2679032117948037,608,Multiculturalism: Negative,1.2728137121438707,602,National Way of Life: Negative,1.2733396904678345
2015,404,Economic Planning,1.0890241774151717,203,Constitutionalism: Positive,1.1465327081038972,414,Economic Orthodoxy,1.1639728965927085,412,Controlled Economy,1.1693032336189468,305,Political Authority,1.1735920719584503
2030,602,National Way of Life: Negative,0.8941253791334154,109,Internationalism: Negative,1.1656794941224784,601,National Way of Life: Positive,1.1857828411680313,505,Welfare State Limitation,1.2358898889563883,102,Foreign Special Relationships: Negative,1.240518354528594
2099,302,Centralisation,1.073548943444486,413,Nationalisation,1.0737446158662034,404,Economic Planning,1.100271957273218,303,Governmental and Administrative Efficiency,1.1018970329515818,405,Corporatism/ Mixed Economy,1.1098928677795412
2100,413,Nationalisation,1.130357411644093,409,Keynesian Demand Management,1.1556913416139023,701,Labour Groups: Positive,1.1620661249469721,305,Political Authority,1.166670715902139,411,Technology and Infrastructure,1.1697867701241524
2101,602,National Way of Life: Negative,1.0803209677437602,502,Culture: Positive,1.1266495795580687,607,Multiculturalism: Positive,1.127536616334426,501,Environmental Protection: Positive,1.1795857258651365,608,Multiculturalism: Negative,1.1803686492307819
2102,706,Non-economic Demographic Groups,1.15714086157812,413,Nationalisation,1.192630347652159,101,Foreign Special Relationships: Positive,1.1962590072779118,606,Civic Mindedness: Positive,1.2175418696042506,402,Incentives,1.2224287712020336
2103,413,Nationalisation,1.1199130253096647,501,Environmental Protection: Positive,1.1471311455590665,409,Keynesian Demand Management,1.1727515649706233,411,Technology and Infrastructure,1.176289442869981,606,Civic Mindedness: Positive,1.1827386427000983
2104,303,Governmental and Administrative Efficiency,1.1721570670887007,416,Anti-Growth Economy: Positive,1.1799147225642097,412,Controlled Economy,1.1830643675412853,201,Freedom and Human Rights,1.1843470225259338,411,Technology and Infrastructure,1.1922896146529496
2105,109,Internationalism: Negative,1.2160610976775106,301,Federalism,1.2252738937795202,203,Constitutionalism: Positive,1.236920575058842,102,Foreign Special Relationships: Negative,1.2418093617782593,101,Foreign Special Relationships: Positive,1.2454770056657676
2199,404,Economic Planning,1.0562548430708194,413,Nationalisation,1.1312134380984837,109,Internationalism: Negative,1.150439609759908,203,Constitutionalism: Positive,1.163004999791281,606,Civic Mindedness: Positive,1.1775922828207896
2300,404,Economic Planning,0.9643903067275047,608,Multiculturalism: Negative,0.9804516653061621,502,Culture: Positive,1.0730411171300411,607,Multiculturalism: Positive,1.0833515747794658,109,Internationalism: Negative,1.1125413727246014
