CAP,1 CODE,1 NAME,1 CORR,2 CODE,2 NAME,2 CORR,3 CODE,3 NAME,3 CORR,4 CODE,4 NAME,4 CORR,5 CODE,5 NAME,5 CORR
100,404,Economic Planning,0.8979562605673683,109,Internationalism: Negative,1.1172641717851595,305,Political Authority,1.150280441097318,203,Constitutionalism: Positive,1.156348389185238,414,Economic Orthodoxy,1.1664865683922434
101,403,Market Regulation,1.1959695732653044,706,Non-economic Demographic Groups,1.2026016824654668,409,Keynesian Demand Management,1.204736751337866,414,Economic Orthodoxy,1.213364255307202,410,Economic Growth: Positive,1.2278888191292168
103,412,Controlled Economy,1.215150229220152,409,Keynesian Demand Management,1.2221370771106728,416,Anti-Growth Economy: Positive,1.2237344475305676,404,Economic Planning,1.22465814993114,701,Labour Groups: Positive,1.2255240779112504
104,404,Economic Planning,0.9889422244591758,414,Economic Orthodoxy,1.1447778933157098,109,Internationalism: Negative,1.163919331579602,203,Constitutionalism: Positive,1.166894608668995,301,Federalism,1.191652178757734
105,409,Keynesian Demand Management,1.1290388720571596,411,Technology and Infrastructure,1.1467593916988805,606,Civic Mindedness: Positive,1.1675232554303296,504,Welfare State Expansion,1.1780825474179417,502,Culture: Positive,1.1847634839916332
107,404,Economic Planning,1.041212144472334,402,Incentives,1.0735972309363337,605,Law and Order: Positive,1.0905826660360751,608,Multiculturalism: Negative,1.1309795748921418,203,Constitutionalism: Positive,1.1625144667781235
108,416,Anti-Growth Economy: Positive,0.9743679513395754,404,Economic Planning,1.0096652940879214,410,Economic Growth: Positive,1.0462601965541682,414,Economic Orthodoxy,1.1646299500692954,203,Constitutionalism: Positive,1.1794810999524594
110,412,Controlled Economy,0.9365882067947481,402,Incentives,1.160437382728694,401,Free Market Economy,1.19948858223717,403,Market Regulation,1.2192563236589429,701,Labour Groups: Positive,1.222974015705677
199,703,Agriculture and Farmers: Positive,1.2369122091478295,404,Economic Planning,1.2471335786726374,408,Economic Goals,1.2490552878221493,302,Centralisation,1.2738711860995686,203,Constitutionalism: Positive,1.284882337616587
200,201,Freedom and Human Rights,1.1626771016894055,303,Governmental and Administrative Efficiency,1.170382426082663,606,Civic Mindedness: Positive,1.2402840137669036,503,Equality: Positive,1.2475661985240767,607,Multiculturalism: Positive,1.2522496436140687
201,503,Equality: Positive,1.0978334397814395,608,Multiculturalism: Negative,1.1941186526480059,607,Multiculturalism: Positive,1.2061014033618271,302,Centralisation,1.2228869944449767,603,Traditional Morality: Positive,1.2302373845328165
202,503,Equality: Positive,1.0809216975286433,604,Traditional Morality: Negative,1.2398683413325537,608,Multiculturalism: Negative,1.243743717862523,607,Multiculturalism: Positive,1.2475358457663654,603,Traditional Morality: Positive,1.2481547974366556
204,503,Equality: Positive,1.1544236075400824,706,Non-economic Demographic Groups,1.1963318471024933,408,Economic Goals,1.2205998787620413,404,Economic Planning,1.2282734191499993,204,Constitutionalism: Negative,1.233890264624065
205,503,Equality: Positive,1.1635343624156957,608,Multiculturalism: Negative,1.28644108448585,603,Traditional Morality: Positive,1.28958614851746,504,Welfare State Expansion,1.293844460048779,607,Multiculturalism: Positive,1.2950680911787749
206,108,European Community/Union: Positive,1.1138159235348817,506,Education Expansion,1.2017813185850144,304,Political Corruption,1.2222239776007533,507,Education Limitation,1.2244629799619438,406,Protectionism: Positive,1.2270121935765654
207,201,Freedom and Human Rights,0.9159998434629976,603,Traditional Morality: Positive,1.0854344989586266,604,Traditional Morality: Negative,1.1406267620837747,607,Multiculturalism: Positive,1.1519608493706124,202,Democracy,1.174208628950653
208,413,Nationalisation,1.1138823817073482,604,Traditional Morality: Negative,1.1532015267491669,303,Governmental and Administrative Efficiency,1.1610524967881153,412,Controlled Economy,1.1663820536383986,404,Economic Planning,1.1674990456159553
209,415,Marxist Analysis: Positive,0.9776287515095793,301,Federalism,1.1566373440809645,202,Democracy,1.206889264324333,302,Centralisation,1.2131031621305792,602,National Way of Life: Negative,1.2213691042851806
299,201,Freedom and Human Rights,1.165484147941255,303,Governmental and Administrative Efficiency,1.1716853594561654,606,Civic Mindedness: Positive,1.240123556174492,204,Constitutionalism: Negative,1.252846558891193,413,Nationalisation,1.260634893056796
300,504,Welfare State Expansion,0.9591415951703738,505,Welfare State Limitation,1.0065958602655554,305,Political Authority,1.048130739279818,303,Governmental and Administrative Efficiency,1.100094896295799,413,Nationalisation,1.1149855320696724
301,504,Welfare State Expansion,0.969042511507033,505,Welfare State Limitation,1.048385405727487,408,Economic Goals,1.1257312788984883,506,Education Expansion,1.1835415860485063,414,Economic Orthodoxy,1.1933314253134373
302,504,Welfare State Expansion,1.172652490547152,507,Education Limitation,1.1986309784822367,412,Controlled Economy,1.2111654811252899,409,Keynesian Demand Management,1.2241127665433953,303,Governmental and Administrative Efficiency,1.2280403474623098
321,505,Welfare State Limitation,1.249012650160255,504,Welfare State Expansion,1.2552496232517358,411,Technology and Infrastructure,1.2576911197070284,507,Education Limitation,1.2582214745705886,506,Education Expansion,1.266930475359757
322,504,Welfare State Expansion,1.2132361602484947,303,Governmental and Administrative Efficiency,1.2167538034945549,507,Education Limitation,1.2190449553434681,411,Technology and Infrastructure,1.2464286239351952,506,Education Expansion,1.2482102789275933
323,408,Economic Goals,1.2180415765184036,703,Agriculture and Farmers: Positive,1.2367724339735484,414,Economic Orthodoxy,1.2444230992717755,401,Free Market Economy,1.2456182397380868,402,Incentives,1.2466835917761596
324,504,Welfare State Expansion,1.2127334963486958,503,Equality: Positive,1.2243906900995485,505,Welfare State Limitation,1.2296285102278883,304,Political Corruption,1.2430541575198797,605,Law and Order: Positive,1.2459568755263528
325,504,Welfare State Expansion,1.0288505917116744,411,Technology and Infrastructure,1.0705985428382438,505,Welfare State Limitation,1.091827674022907,402,Incentives,1.1360290918397913,704,Middle Class and Professional Groups,1.1693983360563014
331,703,Agriculture and Farmers: Positive,1.0914818070405765,408,Economic Goals,1.1189323099836657,204,Constitutionalism: Negative,1.1638876124133255,415,Marxist Analysis: Positive,1.1717721180107812,203,Constitutionalism: Positive,1.1851714881269335
332,504,Welfare State Expansion,1.0220325079819546,505,Welfare State Limitation,1.1270057519048546,706,Non-economic Demographic Groups,1.2085666293258206,507,Education Limitation,1.2121821881056438,503,Equality: Positive,1.217152592291957
333,504,Welfare State Expansion,0.9797949032562484,505,Welfare State Limitation,1.0518016140013418,503,Equality: Positive,1.2553351321914077,703,Agriculture and Farmers: Positive,1.2578122345610407,502,Culture: Positive,1.2584621175785242
334,504,Welfare State Expansion,0.9662375826153178,505,Welfare State Limitation,1.0628156007627654,303,Governmental and Administrative Efficiency,1.2295109404651468,411,Technology and Infrastructure,1.2449465068188619,503,Equality: Positive,1.2491671079369826
335,404,Economic Planning,1.2043128614898766,109,Internationalism: Negative,1.2099264286930596,414,Economic Orthodoxy,1.210355677991089,203,Constitutionalism: Positive,1.2154134857122434,504,Welfare State Expansion,1.2351037463330967
341,507,Education Limitation,1.117719214872129,504,Welfare State Expansion,1.153643076177063,503,Equality: Positive,1.1793352503777346,411,Technology and Infrastructure,1.2000914108951015,505,Welfare State Limitation,1.219379501981505
342,507,Education Limitation,1.141497307043785,504,Welfare State Expansion,1.1635116706102728,503,Equality: Positive,1.1759403025457977,411,Technology and Infrastructure,1.2200533077312714,505,Welfare State Limitation,1.2322072278837226
398,504,Welfare State Expansion,0.9679785038145814,505,Welfare State Limitation,1.0524935494221288,416,Anti-Growth Economy: Positive,1.1434822153854978,411,Technology and Infrastructure,1.1593298660557405,507,Education Limitation,1.1692095120617632
399,504,Welfare State Expansion,0.9673211351418727,505,Welfare State Limitation,1.0577819381889915,703,Agriculture and Farmers: Positive,1.2428660589627387,506,Education Expansion,1.2471773412857536,411,Technology and Infrastructure,1.2527914084773466
400,703,Agriculture and Farmers: Positive,0.9562586253491913,404,Economic Planning,0.977264024352646,305,Political Authority,1.0532786829383622,405,Corporatism/ Mixed Economy,1.0890074334736888,303,Governmental and Administrative Efficiency,1.0957092551401293
401,702,Labour Groups: Negative,1.0702830228818083,405,Corporatism/ Mixed Economy,1.104870285739684,703,Agriculture and Farmers: Positive,1.1169547140130323,407,Protectionism: Negative,1.133089836030384,109,Internationalism: Negative,1.1496291598290544
402,703,Agriculture and Farmers: Positive,1.0712329482199014,413,Nationalisation,1.0778141838469282,404,Economic Planning,1.105175436185961,405,Corporatism/ Mixed Economy,1.11265875928244,412,Controlled Economy,1.124762682493806
403,703,Agriculture and Farmers: Positive,1.2006912145080064,412,Controlled Economy,1.2364950338688756,406,Protectionism: Positive,1.2402382201370026,501,Environmental Protection: Positive,1.2414201197260086,408,Economic Goals,1.2476320335069961
404,703,Agriculture and Farmers: Positive,1.083892357138969,403,Market Regulation,1.1733120668946997,410,Economic Growth: Positive,1.2064394736070083,408,Economic Goals,1.207036715812673,401,Free Market Economy,1.2137273835315794
405,412,Controlled Economy,1.1662324464207352,501,Environmental Protection: Positive,1.1986768169259343,401,Free Market Economy,1.2243329807441186,703,Agriculture and Farmers: Positive,1.2332872876326644,201,Freedom and Human Rights,1.2437578821199193
408,703,Agriculture and Farmers: Positive,1.1989460959652924,103,Anti-Imperialism,1.2052462586990258,501,Environmental Protection: Positive,1.2263803245909473,416,Anti-Growth Economy: Positive,1.2377693085270232,502,Culture: Positive,1.2562467778369413
498,703,Agriculture and Farmers: Positive,1.03868939822365,416,Anti-Growth Economy: Positive,1.1423021443465349,507,Education Limitation,1.1733519930013954,411,Technology and Infrastructure,1.1883744506344431,410,Economic Growth: Positive,1.2247381439540017
499,703,Agriculture and Farmers: Positive,0.9617680782743845,408,Economic Goals,1.2507606225809325,607,Multiculturalism: Positive,1.263098530195266,404,Economic Planning,1.2661504478347645,302,Centralisation,1.2685143733716673
500,404,Economic Planning,0.98889633399181,412,Controlled Economy,1.0921127611173125,405,Corporatism/ Mixed Economy,1.0921994547078373,303,Governmental and Administrative Efficiency,1.0995463356315447,414,Economic Orthodoxy,1.1123349171724342
501,406,Protectionism: Positive,1.1132593816874927,501,Environmental Protection: Positive,1.1579185286084717,407,Protectionism: Negative,1.185104543434998,503,Equality: Positive,1.20607717343966,403,Market Regulation,1.2405944577363188
502,416,Anti-Growth Economy: Positive,1.1908703562962233,411,Technology and Infrastructure,1.1935900804091144,701,Labour Groups: Positive,1.196357451070121,504,Welfare State Expansion,1.2278131075521093,412,Controlled Economy,1.2289045457877519
503,405,Corporatism/ Mixed Economy,1.097851444108948,701,Labour Groups: Positive,1.150008332302335,402,Incentives,1.2279693703430155,408,Economic Goals,1.2299616303336662,504,Welfare State Expansion,1.230600171878653
504,701,Labour Groups: Positive,1.2110221829935592,110,European Community/Union: Negative,1.2151198512877228,108,European Community/Union: Positive,1.215282542841531,102,Foreign Special Relationships: Negative,1.2203051986154079,404,Economic Planning,1.2238087828767286
505,701,Labour Groups: Positive,1.0252275577047243,412,Controlled Economy,1.0578113594082161,605,Law and Order: Positive,1.1149757191551084,503,Equality: Positive,1.1339577647401013,402,Incentives,1.1774638952763345
506,504,Welfare State Expansion,1.160728896407411,701,Labour Groups: Positive,1.1972177879065795,503,Equality: Positive,1.217134133062704,706,Non-economic Demographic Groups,1.2269128273150152,411,Technology and Infrastructure,1.227261145976011
529,405,Corporatism/ Mixed Economy,1.2613101906931399,701,Labour Groups: Positive,1.2615300810848487,706,Non-economic Demographic Groups,1.2725544525464736,503,Equality: Positive,1.2778311217356755,703,Agriculture and Farmers: Positive,1.28438224093598
599,404,Economic Planning,0.902772250527769,109,Internationalism: Negative,1.1507333252906173,203,Constitutionalism: Positive,1.1512767158705952,414,Economic Orthodoxy,1.2087567632787382,301,Federalism,1.2156406466253338
600,404,Economic Planning,0.8822176058904418,305,Political Authority,1.0240511904194436,507,Education Limitation,1.0448292408503412,303,Governmental and Administrative Efficiency,1.0996600876287244,302,Centralisation,1.1183326503140043
601,507,Education Limitation,1.061118123027792,302,Centralisation,1.1688354175313695,506,Education Expansion,1.182821511252271,411,Technology and Infrastructure,1.1884330364160205,505,Welfare State Limitation,1.2168075417263284
602,506,Education Expansion,1.0511353010125999,507,Education Limitation,1.1149969261648927,607,Multiculturalism: Positive,1.1780047937505138,505,Welfare State Limitation,1.2007524810755736,504,Welfare State Expansion,1.2007640127667374
603,507,Education Limitation,1.0829778845771874,503,Equality: Positive,1.138552942602543,506,Education Expansion,1.1473375761528202,411,Technology and Infrastructure,1.165995181587704,504,Welfare State Expansion,1.1670833823248572
604,507,Education Limitation,1.1053897309303287,506,Education Expansion,1.1869709260005712,411,Technology and Infrastructure,1.1932703372621447,706,Non-economic Demographic Groups,1.2010497702144336,504,Welfare State Expansion,1.2081009174042756
606,102,Foreign Special Relationships: Negative,1.086640247402598,101,Foreign Special Relationships: Positive,1.0868772301426417,705,Underprivileged Minority Groups,1.117744305693342,507,Education Limitation,1.1454626345224563,706,Non-economic Demographic Groups,1.1645392383100563
607,703,Agriculture and Farmers: Positive,1.1066619387093684,411,Technology and Infrastructure,1.1157968991057747,507,Education Limitation,1.121153243241225,408,Economic Goals,1.139432999986968,107,Internationalism: Positive,1.1398821592420882
698,507,Education Limitation,1.0173305279867544,411,Technology and Infrastructure,1.1189701401972383,416,Anti-Growth Economy: Positive,1.146535956442403,506,Education Expansion,1.1677807638702216,410,Economic Growth: Positive,1.2251404998650055
699,404,Economic Planning,0.9105208505590322,507,Education Limitation,1.115487003285537,203,Constitutionalism: Positive,1.1374299586724643,109,Internationalism: Negative,1.1620526661766293,506,Education Expansion,1.197337276143448
700,404,Economic Planning,0.8682286306054531,305,Political Authority,1.0412217793836358,303,Governmental and Administrative Efficiency,1.0985327561495204,302,Centralisation,1.105267779604426,405,Corporatism/ Mixed Economy,1.1141220710002664
701,605,Law and Order: Positive,1.1873766194371629,501,Environmental Protection: Positive,1.2004098331707458,402,Incentives,1.2045018598709032,607,Multiculturalism: Positive,1.206016227205259,416,Anti-Growth Economy: Positive,1.226165799795619
703,503,Equality: Positive,1.242079987005165,416,Anti-Growth Economy: Positive,1.2443777973551733,305,Political Authority,1.2604240771182904,501,Environmental Protection: Positive,1.2653459386302042,414,Economic Orthodoxy,1.2777883061585058
704,503,Equality: Positive,1.2374619323592118,501,Environmental Protection: Positive,1.275584049918109,702,Labour Groups: Negative,1.2757605318892788,504,Welfare State Expansion,1.281602544830573,411,Technology and Infrastructure,1.2818293370316614
705,501,Environmental Protection: Positive,1.1297693437634042,416,Anti-Growth Economy: Positive,1.239479990109968,412,Controlled Economy,1.2651195775476278,304,Political Corruption,1.2677409156095334,405,Corporatism/ Mixed Economy,1.2703680836990474
707,501,Environmental Protection: Positive,1.2271894125672922,416,Anti-Growth Economy: Positive,1.2464312813358847,703,Agriculture and Farmers: Positive,1.2519180480079684,608,Multiculturalism: Negative,1.2670132454686311,506,Education Expansion,1.2677025841566085
708,501,Environmental Protection: Positive,1.20595588511975,416,Anti-Growth Economy: Positive,1.2236952965214185,502,Culture: Positive,1.2676882222204062,408,Economic Goals,1.2703864212556972,413,Nationalisation,1.2717472363877662
709,407,Protectionism: Negative,1.1234723034948593,501,Environmental Protection: Positive,1.1238044858252223,607,Multiculturalism: Positive,1.1867283329106295,405,Corporatism/ Mixed Economy,1.1886058673451285,702,Labour Groups: Negative,1.1893854352547815
711,413,Nationalisation,1.1871246456554818,501,Environmental Protection: Positive,1.2297589010316012,703,Agriculture and Farmers: Positive,1.252999065492174,416,Anti-Growth Economy: Positive,1.2675020068785048,607,Multiculturalism: Positive,1.2778590333102307
798,416,Anti-Growth Economy: Positive,1.0638634952944521,411,Technology and Infrastructure,1.1449354662471405,501,Environmental Protection: Positive,1.1747893156022118,507,Education Limitation,1.1855184553934315,703,Agriculture and Farmers: Positive,1.2054192997371027
799,416,Anti-Growth Economy: Positive,1.1981946474736302,501,Environmental Protection: Positive,1.208163669632609,703,Agriculture and Farmers: Positive,1.2364248555652393,408,Economic Goals,1.2545191508497473,608,Multiculturalism: Negative,1.264685333709068
800,404,Economic Planning,0.8446996581372765,303,Governmental and Administrative Efficiency,1.065895637714727,405,Corporatism/ Mixed Economy,1.1129894442420838,302,Centralisation,1.1185731691602132,413,Nationalisation,1.1211352783349882
801,104,Military: Positive,1.1759162698881105,505,Welfare State Limitation,1.1877328496965016,105,Military: Negative,1.2046543771298837,605,Law and Order: Positive,1.2133375140933726,504,Welfare State Expansion,1.21561928090503
802,701,Labour Groups: Positive,1.173744412543649,305,Political Authority,1.1930146219629512,304,Political Corruption,1.2442748934382721,108,European Community/Union: Positive,1.2445344322658496,703,Agriculture and Farmers: Positive,1.247179753581963
803,414,Economic Orthodoxy,1.238261072050415,501,Environmental Protection: Positive,1.2398661400768243,409,Keynesian Demand Management,1.2470213230570395,403,Market Regulation,1.2494866308246177,402,Incentives,1.2638183145910014
805,410,Economic Growth: Positive,1.1620952163031761,702,Labour Groups: Negative,1.1699889687136626,405,Corporatism/ Mixed Economy,1.1705445721553895,407,Protectionism: Negative,1.1710324093787066,105,Military: Negative,1.178923326101359
806,702,Labour Groups: Negative,1.134601370271672,304,Political Corruption,1.1591818471077353,105,Military: Negative,1.1941105564300094,703,Agriculture and Farmers: Positive,1.2361436592867603,301,Federalism,1.2390807489523123
807,303,Governmental and Administrative Efficiency,1.0620381088901418,413,Nationalisation,1.1259565493919172,105,Military: Negative,1.1338367385702044,405,Corporatism/ Mixed Economy,1.1394322311623963,412,Controlled Economy,1.1581990421121122
898,416,Anti-Growth Economy: Positive,1.1498713757191643,507,Education Limitation,1.1876657606870726,411,Technology and Infrastructure,1.1878380395506178,410,Economic Growth: Positive,1.2363163815061844,506,Education Expansion,1.2434185018487218
899,703,Agriculture and Farmers: Positive,1.234166915401185,408,Economic Goals,1.272884423355723,702,Labour Groups: Negative,1.2758595536462773,304,Political Corruption,1.2804268976867794,303,Governmental and Administrative Efficiency,1.284441475799801
900,601,National Way of Life: Positive,1.2173939644121965,608,Multiculturalism: Negative,1.2507416067090926,109,Internationalism: Negative,1.2526966358019953,605,Law and Order: Positive,1.2589562160852474,302,Centralisation,1.2643015569330058
1000,404,Economic Planning,0.9518042194321845,303,Governmental and Administrative Efficiency,1.080282944873708,405,Corporatism/ Mixed Economy,1.0951685110939442,302,Centralisation,1.1002581907848865,413,Nationalisation,1.100852186901648
1001,502,Culture: Positive,1.179254887712097,411,Technology and Infrastructure,1.2171770176658805,507,Education Limitation,1.218113918373607,412,Controlled Economy,1.2303327018955477,504,Welfare State Expansion,1.23429040460691
1002,411,Technology and Infrastructure,1.1514095502192598,504,Welfare State Expansion,1.1517681498936299,502,Culture: Positive,1.1888831237533763,606,Civic Mindedness: Positive,1.19412482707427,507,Education Limitation,1.2088746914681794
1003,411,Technology and Infrastructure,1.167265228377793,412,Controlled Economy,1.1740364936571137,401,Free Market Economy,1.1995878560009618,201,Freedom and Human Rights,1.2244089254785253,303,Governmental and Administrative Efficiency,1.2483880335094637
1005,704,Middle Class and Professional Groups,1.1890903978613196,416,Anti-Growth Economy: Positive,1.191974294196714,411,Technology and Infrastructure,1.2172588218615628,410,Economic Growth: Positive,1.2489048466031967,303,Governmental and Administrative Efficiency,1.2520290099050246
1007,505,Welfare State Limitation,1.1757381090627146,504,Welfare State Expansion,1.2060189458476034,605,Law and Order: Positive,1.211908329668417,104,Military: Positive,1.2201966875042676,703,Agriculture and Farmers: Positive,1.226225172923543
1010,411,Technology and Infrastructure,1.0407875133745137,409,Keynesian Demand Management,1.1585933900174117,606,Civic Mindedness: Positive,1.1597321446732154,502,Culture: Positive,1.166055315998596,504,Welfare State Expansion,1.167476145145743
1098,411,Technology and Infrastructure,1.1498656333491706,416,Anti-Growth Economy: Positive,1.1556778642741221,507,Education Limitation,1.1608996124539992,410,Economic Growth: Positive,1.2294547828076259,703,Agriculture and Farmers: Positive,1.2358269451279449
1099,703,Agriculture and Farmers: Positive,1.2183471377754993,411,Technology and Infrastructure,1.231632509444038,505,Welfare State Limitation,1.262898420081025,110,European Community/Union: Negative,1.2669615819297408,507,Education Limitation,1.2768167821963312
1200,605,Law and Order: Positive,1.015018266495727,604,Traditional Morality: Negative,1.1430715971983518,701,Labour Groups: Positive,1.1437242963504415,305,Political Authority,1.1516442256315318,603,Traditional Morality: Positive,1.1805285972163166
1201,605,Law and Order: Positive,0.9841125829322012,608,Multiculturalism: Negative,1.1044670622726807,301,Federalism,1.184843009716324,303,Governmental and Administrative Efficiency,1.2200588958225418,204,Constitutionalism: Negative,1.221448067283657
1202,704,Middle Class and Professional Groups,1.1252908638712638,605,Law and Order: Positive,1.190498371433266,304,Political Corruption,1.2584184211058367,503,Equality: Positive,1.2620948276247161,505,Welfare State Limitation,1.2715968268118203
1203,605,Law and Order: Positive,1.082288590169523,608,Multiculturalism: Negative,1.205653499672219,107,Internationalism: Positive,1.2119093975489135,109,Internationalism: Negative,1.2138131263415997,202,Democracy,1.2194643280573885
1204,303,Governmental and Administrative Efficiency,1.129759571478336,605,Law and Order: Positive,1.215574354545361,302,Centralisation,1.219512432782269,202,Democracy,1.2218131594897268,203,Constitutionalism: Positive,1.2242815206570505
1205,110,European Community/Union: Negative,1.2470471498736255,303,Governmental and Administrative Efficiency,1.2495863352949546,302,Centralisation,1.2526535246728385,414,Economic Orthodoxy,1.2591942053230099,411,Technology and Infrastructure,1.264478555996245
1206,605,Law and Order: Positive,1.1640501974196116,503,Equality: Positive,1.2114706664111055,304,Political Corruption,1.2131925778668389,105,Military: Negative,1.2351382324777407,504,Welfare State Expansion,1.2351677149026232
1207,503,Equality: Positive,1.1689851612533104,504,Welfare State Expansion,1.1804943910667702,604,Traditional Morality: Negative,1.235788617555906,603,Traditional Morality: Positive,1.2498421378717353,505,Welfare State Limitation,1.2515183130665637
1208,605,Law and Order: Positive,1.020037713429183,604,Traditional Morality: Negative,1.1192260760521875,504,Welfare State Expansion,1.1471597964478255,603,Traditional Morality: Positive,1.1616689970486564,202,Democracy,1.1790602322482773
1210,605,Law and Order: Positive,1.0942092561349124,303,Governmental and Administrative Efficiency,1.1460298402340314,607,Multiculturalism: Positive,1.1760284063760564,606,Civic Mindedness: Positive,1.1995715477098352,201,Freedom and Human Rights,1.222598945729543
1211,412,Controlled Economy,0.9712626060349941,605,Law and Order: Positive,1.1634842102642655,201,Freedom and Human Rights,1.2248774522435975,304,Political Corruption,1.2286388459332882,401,Free Market Economy,1.2340388881109332
1227,605,Law and Order: Positive,1.0120052591180206,101,Foreign Special Relationships: Positive,1.120293207744928,607,Multiculturalism: Positive,1.1286474856242983,102,Foreign Special Relationships: Negative,1.129755110891035,701,Labour Groups: Positive,1.1637703226567597
1299,605,Law and Order: Positive,1.0275495474422724,604,Traditional Morality: Negative,1.1356818544832086,603,Traditional Morality: Positive,1.195947925975793,202,Democracy,1.2243229225685537,204,Constitutionalism: Negative,1.2281027601208185
1300,505,Welfare State Limitation,0.8888283348402694,404,Economic Planning,0.8894310061971473,504,Welfare State Expansion,1.00146569723075,109,Internationalism: Negative,1.1249872912699985,203,Constitutionalism: Positive,1.1265650853229177
1302,402,Incentives,1.132522349190298,706,Non-economic Demographic Groups,1.2002747582325417,504,Welfare State Expansion,1.2106539239773948,409,Keynesian Demand Management,1.2123975122853228,410,Economic Growth: Positive,1.213597150776809
1303,413,Nationalisation,1.0936592816193116,412,Controlled Economy,1.1164349183688926,404,Economic Planning,1.118272562799065,302,Centralisation,1.1230085661687779,303,Governmental and Administrative Efficiency,1.1290704545977739
1304,101,Foreign Special Relationships: Positive,1.109464418644131,706,Non-economic Demographic Groups,1.1652731800843859,503,Equality: Positive,1.1903428257483264,107,Internationalism: Positive,1.2061234620425711,410,Economic Growth: Positive,1.2085276431946133
1305,607,Multiculturalism: Positive,1.1918485210292118,605,Law and Order: Positive,1.2188900632261934,107,Internationalism: Positive,1.2457203183174483,505,Welfare State Limitation,1.250612563312165,504,Welfare State Expansion,1.25070318550241
1308,504,Welfare State Expansion,0.958799507259939,505,Welfare State Limitation,1.0535396439114495,503,Equality: Positive,1.2434500243944477,604,Traditional Morality: Negative,1.2574281891763373,506,Education Expansion,1.262547944611144
1399,505,Welfare State Limitation,0.9172936895147377,404,Economic Planning,0.9287841091021515,504,Welfare State Expansion,1.0273515661679,203,Constitutionalism: Positive,1.1261066381933216,109,Internationalism: Negative,1.1458467875928304
1400,504,Welfare State Expansion,1.197669148896747,404,Economic Planning,1.2093658970320667,416,Anti-Growth Economy: Positive,1.232926420500612,608,Multiculturalism: Negative,1.2415172129621597,302,Centralisation,1.2463488630418695
1401,109,Internationalism: Negative,1.072254606432347,404,Economic Planning,1.0777007544880213,416,Anti-Growth Economy: Positive,1.1209189101148287,602,National Way of Life: Negative,1.1264519475280228,504,Welfare State Expansion,1.1588012201099056
1403,416,Anti-Growth Economy: Positive,1.1461402878649314,701,Labour Groups: Positive,1.1626684130019174,305,Political Authority,1.16671976949601,108,European Community/Union: Positive,1.1878009833614465,608,Multiculturalism: Negative,1.221903810035859
1404,504,Welfare State Expansion,1.1923778221900767,703,Agriculture and Farmers: Positive,1.2111854344926087,403,Market Regulation,1.2502196577922076,409,Keynesian Demand Management,1.2568851419325637,414,Economic Orthodoxy,1.2597156476453701
1405,408,Economic Goals,1.0343001634498479,416,Anti-Growth Economy: Positive,1.0407706718707097,410,Economic Growth: Positive,1.0481767343240456,404,Economic Planning,1.079998933330634,403,Market Regulation,1.0835325833903922
1406,504,Welfare State Expansion,1.0874497043642968,411,Technology and Infrastructure,1.130560114884289,606,Civic Mindedness: Positive,1.1453294018309508,409,Keynesian Demand Management,1.1457542523513364,502,Culture: Positive,1.1824200701461145
1407,105,Military: Negative,1.0885306149262657,104,Military: Positive,1.107463692736801,504,Welfare State Expansion,1.1724303244370058,103,Anti-Imperialism,1.1854253667820942,706,Non-economic Demographic Groups,1.2183183722199686
1408,705,Underprivileged Minority Groups,1.1046777653300328,504,Welfare State Expansion,1.1433954590928024,706,Non-economic Demographic Groups,1.2153214056438046,408,Economic Goals,1.2254723060971762,505,Welfare State Limitation,1.2328966522119846
1409,504,Welfare State Expansion,1.1407284121288424,409,Keynesian Demand Management,1.194034552294351,105,Military: Negative,1.2065646090141149,410,Economic Growth: Positive,1.2183669281649627,304,Political Corruption,1.2252313967085957
1498,416,Anti-Growth Economy: Positive,1.120229166194077,411,Technology and Infrastructure,1.1621771925340052,507,Education Limitation,1.1674942592762472,504,Welfare State Expansion,1.1773525986930184,410,Economic Growth: Positive,1.2013406610584543
1499,416,Anti-Growth Economy: Positive,1.1211643590684153,504,Welfare State Expansion,1.1654805648127364,608,Multiculturalism: Negative,1.1897668932928742,410,Economic Growth: Positive,1.1906979017869905,507,Education Limitation,1.210578773164359
1500,405,Corporatism/ Mixed Economy,1.0672353119396738,404,Economic Planning,1.0698341364976816,413,Nationalisation,1.0834589408250572,412,Controlled Economy,1.0958254786915023,302,Centralisation,1.0992961985346466
1501,602,National Way of Life: Negative,1.122548006743959,414,Economic Orthodoxy,1.1324589766632776,402,Incentives,1.1513570427550424,109,Internationalism: Negative,1.155852796305654,202,Democracy,1.1833175024300633
1502,404,Economic Planning,1.2100303552176144,405,Corporatism/ Mixed Economy,1.2105202754727367,411,Technology and Infrastructure,1.2123880223671326,414,Economic Orthodoxy,1.2195086548937126,403,Market Regulation,1.2237079886140383
1504,403,Market Regulation,1.17980584823894,402,Incentives,1.2427107846932346,414,Economic Orthodoxy,1.2430931593534122,401,Free Market Economy,1.2470297519903366,504,Welfare State Expansion,1.2556786951962637
1505,402,Incentives,1.150853292246798,411,Technology and Infrastructure,1.1545797009488201,504,Welfare State Expansion,1.1730885856205584,704,Middle Class and Professional Groups,1.18253324298881,403,Market Regulation,1.1992185439635215
1507,401,Free Market Economy,1.1633883523033859,103,Anti-Imperialism,1.171120839565978,201,Freedom and Human Rights,1.212716048249848,505,Welfare State Limitation,1.2303885157336365,604,Traditional Morality: Negative,1.2336107026969458
1520,107,Internationalism: Positive,1.1729249428889201,302,Centralisation,1.2238486226305954,304,Political Corruption,1.226908414386129,403,Market Regulation,1.2302604256901384,401,Free Market Economy,1.2303615642713661
1521,403,Market Regulation,1.1377359902116442,410,Economic Growth: Positive,1.1926315783052295,408,Economic Goals,1.1946713423229762,506,Education Expansion,1.2079074095570683,401,Free Market Economy,1.217810370138288
1522,401,Free Market Economy,1.2005206311128924,302,Centralisation,1.2449144971355277,603,Traditional Morality: Positive,1.2478247715840909,505,Welfare State Limitation,1.2491067466630923,201,Freedom and Human Rights,1.2519757354608232
1523,501,Environmental Protection: Positive,1.2097982546220263,607,Multiculturalism: Positive,1.2227495873115424,605,Law and Order: Positive,1.2246537024259867,107,Internationalism: Positive,1.2329063660865542,414,Economic Orthodoxy,1.249942473886588
1524,404,Economic Planning,1.2202052434270683,703,Agriculture and Farmers: Positive,1.2209408008717688,412,Controlled Economy,1.2348683722004294,408,Economic Goals,1.2366311722029804,411,Technology and Infrastructure,1.2401217729677625
1525,403,Market Regulation,1.1521883851928265,605,Law and Order: Positive,1.1801525279868559,607,Multiculturalism: Positive,1.2089376393952935,407,Protectionism: Negative,1.228528677097138,401,Free Market Economy,1.2340559951722012
1526,502,Culture: Positive,1.1941386532039533,401,Free Market Economy,1.2067699373334841,201,Freedom and Human Rights,1.2217672265362831,603,Traditional Morality: Positive,1.2665041800623025,505,Welfare State Limitation,1.2667150946137546
1598,416,Anti-Growth Economy: Positive,1.151214078902214,507,Education Limitation,1.170886428044105,411,Technology and Infrastructure,1.1733128236257104,607,Multiculturalism: Positive,1.1846233964281603,605,Law and Order: Positive,1.2192997692339198
1599,404,Economic Planning,0.9445885280546036,109,Internationalism: Negative,1.1214936853010655,203,Constitutionalism: Positive,1.1502454518552305,605,Law and Order: Positive,1.175883183011189,607,Multiculturalism: Positive,1.1915616107935458
1600,404,Economic Planning,0.9462647387678896,305,Political Authority,1.1482067250639185,203,Constitutionalism: Positive,1.1574271571090968,701,Labour Groups: Positive,1.1629270352574652,109,Internationalism: Negative,1.1645616741582985
1602,107,Internationalism: Positive,1.1344182322714735,505,Welfare State Limitation,1.1424735848328536,402,Incentives,1.1762604725213055,104,Military: Positive,1.1778432664091978,605,Law and Order: Positive,1.1832496848208753
1603,105,Military: Negative,1.0128310941358192,104,Military: Positive,1.0816852743323733,103,Anti-Imperialism,1.1666519887460174,302,Centralisation,1.227856233398562,106,Peace,1.2345731814037293
1604,104,Military: Positive,1.0866055556779475,109,Internationalism: Negative,1.1542554593387955,105,Military: Negative,1.1583143502821072,103,Anti-Imperialism,1.1654243724668583,303,Governmental and Administrative Efficiency,1.1920635254768903
1605,105,Military: Negative,1.1936595308913687,104,Military: Positive,1.2510590163613502,304,Political Corruption,1.2658187200029007,106,Peace,1.2749304489978137,410,Economic Growth: Positive,1.2759687461737543
1606,105,Military: Negative,1.0770250538041148,412,Controlled Economy,1.0795846081982536,104,Military: Positive,1.0871296262680614,101,Foreign Special Relationships: Positive,1.0953716146410708,107,Internationalism: Positive,1.1424047495923768
1608,105,Military: Negative,0.9362633399447565,104,Military: Positive,1.0490998908433964,305,Political Authority,1.1603923052887801,701,Labour Groups: Positive,1.1753353815873042,103,Anti-Imperialism,1.1761930980261353
1610,104,Military: Positive,1.1003595855337858,105,Military: Negative,1.1113549146832096,103,Anti-Imperialism,1.1942429509399048,704,Middle Class and Professional Groups,1.1996360112980122,706,Non-economic Demographic Groups,1.212168614910497
1611,105,Military: Negative,1.0364658755377967,104,Military: Positive,1.078807965232291,413,Nationalisation,1.1276542942457357,103,Anti-Imperialism,1.184290150647232,106,Peace,1.2424552679088041
1612,104,Military: Positive,1.070578774710547,105,Military: Negative,1.07467345110404,103,Anti-Imperialism,1.1907075270169767,106,Peace,1.2312651265282573,404,Economic Planning,1.2532473364277001
1614,105,Military: Negative,0.9362517438157928,104,Military: Positive,1.0404701445839342,103,Anti-Imperialism,1.1716706113892004,416,Anti-Growth Economy: Positive,1.1855725932131422,501,Environmental Protection: Positive,1.2064575047320811
1615,605,Law and Order: Positive,1.0866150251351046,602,National Way of Life: Negative,1.1054975848119881,109,Internationalism: Negative,1.1065867649617214,303,Governmental and Administrative Efficiency,1.1237001791876673,505,Welfare State Limitation,1.1500525062782847
1616,105,Military: Negative,1.059424382708097,104,Military: Positive,1.1060643186787131,411,Technology and Infrastructure,1.1583738336282727,103,Anti-Imperialism,1.1655665185746296,704,Middle Class and Professional Groups,1.177049683501113
1617,105,Military: Negative,0.933565062183002,104,Military: Positive,1.0653694800782427,103,Anti-Imperialism,1.1519758287759374,302,Centralisation,1.201600911773821,304,Political Corruption,1.2033956528227925
1619,105,Military: Negative,0.9888219054955886,104,Military: Positive,1.114807670783562,103,Anti-Imperialism,1.130224523092821,412,Controlled Economy,1.1440271238112958,109,Internationalism: Negative,1.1499661810702468
1620,105,Military: Negative,0.9360413924608281,104,Military: Positive,1.0698181651519931,103,Anti-Imperialism,1.1631762501577985,106,Peace,1.2044454391535395,302,Centralisation,1.231965064123864
1698,416,Anti-Growth Economy: Positive,1.1717112627275903,507,Education Limitation,1.1964250429362018,411,Technology and Infrastructure,1.1992114421878368,410,Economic Growth: Positive,1.2466959715014156,506,Education Expansion,1.2541808376043486
1699,404,Economic Planning,0.9312603484336696,203,Constitutionalism: Positive,1.1377523757443173,109,Internationalism: Negative,1.1739863868204863,301,Federalism,1.2287965095067637,414,Economic Orthodoxy,1.2341674710120505
1700,411,Technology and Infrastructure,1.11082190718582,701,Labour Groups: Positive,1.1773041398970492,305,Political Authority,1.1921294152940283,108,European Community/Union: Positive,1.2211311406142251,507,Education Limitation,1.2447668368805769
1701,105,Military: Negative,1.0675774616508242,413,Nationalisation,1.1098286082294577,303,Governmental and Administrative Efficiency,1.1121802714696112,404,Economic Planning,1.1239440831549468,415,Marxist Analysis: Positive,1.1342067629392458
1704,410,Economic Growth: Positive,1.058466157081502,502,Culture: Positive,1.1589848120962747,303,Governmental and Administrative Efficiency,1.1653667100413359,103,Anti-Imperialism,1.1727463667845688,416,Anti-Growth Economy: Positive,1.1752660258446892
1705,107,Internationalism: Positive,1.0736306365808062,411,Technology and Infrastructure,1.159697311994493,109,Internationalism: Negative,1.164751572398445,202,Democracy,1.1937465794921571,507,Education Limitation,1.2315522153151708
1706,411,Technology and Infrastructure,1.1602208875562166,303,Governmental and Administrative Efficiency,1.2376928851595892,412,Controlled Economy,1.2427593880190644,403,Market Regulation,1.246566697995066,107,Internationalism: Positive,1.2530451019557078
1707,411,Technology and Infrastructure,1.2463282748336304,704,Middle Class and Professional Groups,1.249756153352312,405,Corporatism/ Mixed Economy,1.2697202597481638,412,Controlled Economy,1.2755068490646546,403,Market Regulation,1.2792401903960937
1708,411,Technology and Infrastructure,1.1902082638866451,416,Anti-Growth Economy: Positive,1.2541419861097975,507,Education Limitation,1.2565439641739045,404,Economic Planning,1.2674429257532391,403,Market Regulation,1.273089101283245
1709,411,Technology and Infrastructure,1.1481730947448379,505,Welfare State Limitation,1.1700714443520666,704,Middle Class and Professional Groups,1.1778413904037333,605,Law and Order: Positive,1.188631496425811,403,Market Regulation,1.2128450144126897
1798,411,Technology and Infrastructure,1.043847814104818,416,Anti-Growth Economy: Positive,1.1638204901394078,507,Education Limitation,1.1868897937010499,703,Agriculture and Farmers: Positive,1.2094048093024043,408,Economic Goals,1.2466875553265915
1799,411,Technology and Infrastructure,1.0479774562686985,416,Anti-Growth Economy: Positive,1.1561513647874486,507,Education Limitation,1.1753726352309977,410,Economic Growth: Positive,1.2342953083672576,506,Education Expansion,1.239361505664967
1800,405,Corporatism/ Mixed Economy,0.9706898542742038,404,Economic Planning,1.085580747983063,702,Labour Groups: Negative,1.088251687769213,302,Centralisation,1.1047329671434079,303,Governmental and Administrative Efficiency,1.1115979156356008
1802,405,Corporatism/ Mixed Economy,1.0887720263162557,402,Incentives,1.1180011940855117,702,Labour Groups: Negative,1.1420823297542677,407,Protectionism: Negative,1.1456965552718674,204,Constitutionalism: Negative,1.2132104385910067
1803,412,Controlled Economy,0.9659131699549824,406,Protectionism: Positive,1.0430228730276085,401,Free Market Economy,1.1930581154792057,410,Economic Growth: Positive,1.2190037337781274,201,Freedom and Human Rights,1.2223149141657483
1804,107,Internationalism: Positive,1.0549503714049433,507,Education Limitation,1.103338568276169,416,Anti-Growth Economy: Positive,1.1232786272938633,401,Free Market Economy,1.1359622467413577,505,Welfare State Limitation,1.1495328664143336
1806,605,Law and Order: Positive,1.2063138258553254,607,Multiculturalism: Positive,1.2158038531444986,412,Controlled Economy,1.2266651046561503,303,Governmental and Administrative Efficiency,1.2323257898689455,402,Incentives,1.2342594499731026
1807,406,Protectionism: Positive,1.1889050573179538,605,Law and Order: Positive,1.2096229407883776,411,Technology and Infrastructure,1.2144129787816176,607,Multiculturalism: Positive,1.22628119817456,410,Economic Growth: Positive,1.2348469514959768
1808,304,Political Corruption,1.2342936553373336,702,Labour Groups: Negative,1.237509130935869,410,Economic Growth: Positive,1.248865588200737,408,Economic Goals,1.248980180658004,404,Economic Planning,1.2505501708097806
1899,404,Economic Planning,0.9409258101835973,109,Internationalism: Negative,1.0357173181132378,405,Corporatism/ Mixed Economy,1.0877985095213503,702,Labour Groups: Negative,1.102787130505545,407,Protectionism: Negative,1.1183775664682647
1900,109,Internationalism: Negative,1.0393770179896804,107,Internationalism: Positive,1.0516608622657424,305,Political Authority,1.0618840776679517,410,Economic Growth: Positive,1.1106267395040916,101,Foreign Special Relationships: Positive,1.1271193636869514
1901,107,Internationalism: Positive,0.9479311286034356,101,Foreign Special Relationships: Positive,1.0631562585360474,109,Internationalism: Negative,1.065901581244586,409,Keynesian Demand Management,1.0744003690266428,507,Education Limitation,1.1075017886558036
1902,107,Internationalism: Positive,1.0357141596123385,109,Internationalism: Negative,1.1313934221246151,605,Law and Order: Positive,1.1405447551842545,202,Democracy,1.148357259849067,501,Environmental Protection: Positive,1.2066139934179023
1905,408,Economic Goals,1.1339379471010345,702,Labour Groups: Negative,1.1378150121098292,703,Agriculture and Farmers: Positive,1.1887620626480164,107,Internationalism: Positive,1.188876991329714,411,Technology and Infrastructure,1.1932932973648966
1906,107,Internationalism: Positive,0.9571358241330318,416,Anti-Growth Economy: Positive,1.0926587354106874,109,Internationalism: Negative,1.0973170997788793,301,Federalism,1.107020456481323,414,Economic Orthodoxy,1.1258425713454718
1910,110,European Community/Union: Negative,1.0736834575308893,108,European Community/Union: Positive,1.1350542589699235,701,Labour Groups: Positive,1.281260139837805,608,Multiculturalism: Negative,1.2846813691166068,505,Welfare State Limitation,1.2985243342204407
1921,101,Foreign Special Relationships: Positive,1.1089609301760797,102,Foreign Special Relationships: Negative,1.1163857014321805,110,European Community/Union: Negative,1.1320165697328826,607,Multiculturalism: Positive,1.1325883063915372,202,Democracy,1.1447763290976327
1925,304,Political Corruption,1.1928238763557633,605,Law and Order: Positive,1.1988788550653438,107,Internationalism: Positive,1.2120779428919997,201,Freedom and Human Rights,1.2204348133771354,501,Environmental Protection: Positive,1.247536625836699
1926,107,Internationalism: Positive,0.9615211268708216,109,Internationalism: Negative,1.1258780559074437,602,National Way of Life: Negative,1.1787661528767117,202,Democracy,1.1838781696662177,606,Civic Mindedness: Positive,1.1846477686409267
1927,107,Internationalism: Positive,1.001191984972732,109,Internationalism: Negative,1.1110403526491732,202,Democracy,1.1605304587051228,602,National Way of Life: Negative,1.2131664787628949,601,National Way of Life: Positive,1.2201165427029401
1929,109,Internationalism: Negative,1.099252586807902,101,Foreign Special Relationships: Positive,1.1670122560903684,102,Foreign Special Relationships: Negative,1.1724420708660364,110,European Community/Union: Negative,1.1803161325446407,407,Protectionism: Negative,1.1818248936339792
1999,404,Economic Planning,0.9563495267434738,107,Internationalism: Positive,0.9922674470862104,109,Internationalism: Negative,1.0188567938583108,203,Constitutionalism: Positive,1.157083940852523,202,Democracy,1.1831699430309164
2000,413,Nationalisation,1.015148546469306,305,Political Authority,1.0459106115168844,405,Corporatism/ Mixed Economy,1.0609537977574914,302,Centralisation,1.064151415250952,303,Governmental and Administrative Efficiency,1.0748285809576923
2001,404,Economic Planning,1.0487752480449086,302,Centralisation,1.0569215035391577,405,Corporatism/ Mixed Economy,1.0756069722930908,303,Governmental and Administrative Efficiency,1.0842257614291602,413,Nationalisation,1.0909467137766573
2002,303,Governmental and Administrative Efficiency,0.9692928333365809,302,Centralisation,1.0197539888302067,305,Political Authority,1.0380658292795024,413,Nationalisation,1.0747159096911094,304,Political Corruption,1.0749632662277937
2003,303,Governmental and Administrative Efficiency,0.9845601508837389,704,Middle Class and Professional Groups,1.1813048790124565,504,Welfare State Expansion,1.194897543474062,201,Freedom and Human Rights,1.216585407843912,606,Civic Mindedness: Positive,1.242909469776601
2004,303,Governmental and Administrative Efficiency,0.8741141430810168,305,Political Authority,1.05932852300423,701,Labour Groups: Positive,1.0753907831509493,405,Corporatism/ Mixed Economy,1.0994042026201876,302,Centralisation,1.1241099700161368
2005,204,Constitutionalism: Negative,1.2699465514419628,102,Foreign Special Relationships: Negative,1.2730602638030113,101,Foreign Special Relationships: Positive,1.2737486838182792,702,Labour Groups: Negative,1.2789354086540685,413,Nationalisation,1.2824785374657757
2006,408,Economic Goals,1.2089381389372278,414,Economic Orthodoxy,1.2287232318326216,703,Agriculture and Farmers: Positive,1.2395222297300712,304,Political Corruption,1.2449835258759938,413,Nationalisation,1.2472751052546838
2007,303,Governmental and Administrative Efficiency,1.0502299196323692,413,Nationalisation,1.0725538900944325,405,Corporatism/ Mixed Economy,1.0771922609751674,404,Economic Planning,1.0849945438499426,302,Centralisation,1.0944068596818393
2008,413,Nationalisation,1.0087616971731586,404,Economic Planning,1.0600193486146885,412,Controlled Economy,1.0884743204814076,302,Centralisation,1.0933735670684996,405,Corporatism/ Mixed Economy,1.1001294367963137
2009,402,Incentives,1.068150358677667,303,Governmental and Administrative Efficiency,1.0877981259234002,605,Law and Order: Positive,1.0998967912637148,608,Multiculturalism: Negative,1.113324706931216,404,Economic Planning,1.2011351941082482
2010,606,Civic Mindedness: Positive,1.1789898281584335,302,Centralisation,1.210014805002244,411,Technology and Infrastructure,1.2157664287339365,409,Keynesian Demand Management,1.2214352491618417,502,Culture: Positive,1.228225028751631
2011,302,Centralisation,0.8326470017915254,404,Economic Planning,1.05835322460837,303,Governmental and Administrative Efficiency,1.072572698184843,405,Corporatism/ Mixed Economy,1.0929356304747342,204,Constitutionalism: Negative,1.1014341118711841
2012,302,Centralisation,0.9775199727938898,304,Political Corruption,1.0085077220184417,202,Democracy,1.1165815354978943,103,Anti-Imperialism,1.159578000448869,201,Freedom and Human Rights,1.1858900453280365
2013,413,Nationalisation,1.0806470224719307,404,Economic Planning,1.0888473374857532,405,Corporatism/ Mixed Economy,1.0999978930529206,303,Governmental and Administrative Efficiency,1.1142243842108972,302,Centralisation,1.1264865832789
2014,502,Culture: Positive,1.2671416891466754,505,Welfare State Limitation,1.267650884535606,302,Centralisation,1.2679032117948037,608,Multiculturalism: Negative,1.2728137121438707,602,National Way of Life: Negative,1.2733396904678345
2015,404,Economic Planning,1.1283059184037254,412,Controlled Economy,1.1456026066664484,303,Governmental and Administrative Efficiency,1.1632430046776054,413,Nationalisation,1.1679775268474073,302,Centralisation,1.1689901634642015
2030,602,National Way of Life: Negative,0.9194519515701424,109,Internationalism: Negative,1.1652894214798304,601,National Way of Life: Positive,1.1877772384215908,301,Federalism,1.2414845649872457,102,Foreign Special Relationships: Negative,1.24155613613793
2099,302,Centralisation,1.0654208899320199,413,Nationalisation,1.069107509694787,404,Economic Planning,1.0879193758360126,303,Governmental and Administrative Efficiency,1.0954786401679562,405,Corporatism/ Mixed Economy,1.097176796840745
2100,411,Technology and Infrastructure,1.1644568217226632,701,Labour Groups: Positive,1.1662901621816144,305,Political Authority,1.168141718630536,606,Civic Mindedness: Positive,1.1792783218622833,502,Culture: Positive,1.1977204748319006
2101,607,Multiculturalism: Positive,1.1074598544679792,502,Culture: Positive,1.1167199655698143,602,National Way of Life: Negative,1.1441635853982,608,Multiculturalism: Negative,1.1449834495884978,501,Environmental Protection: Positive,1.1792330800676853
2102,706,Non-economic Demographic Groups,1.1340068493889515,402,Incentives,1.2039049225020735,608,Multiculturalism: Negative,1.210344934350772,606,Civic Mindedness: Positive,1.2113740229047705,101,Foreign Special Relationships: Positive,1.2188408925288607
2103,501,Environmental Protection: Positive,1.1478560468759842,411,Technology and Infrastructure,1.169453977311064,703,Agriculture and Farmers: Positive,1.1792597528631388,606,Civic Mindedness: Positive,1.1844467928615183,413,Nationalisation,1.191108326720616
2104,303,Governmental and Administrative Efficiency,1.1555264929658389,412,Controlled Economy,1.1644852362189415,201,Freedom and Human Rights,1.1653736400924697,416,Anti-Growth Economy: Positive,1.174048261975275,411,Technology and Infrastructure,1.1910623129569262
2105,203,Constitutionalism: Positive,1.2073695847580348,109,Internationalism: Negative,1.2201815023161873,302,Centralisation,1.2354138269127768,404,Economic Planning,1.2413743999888651,304,Political Corruption,1.2434516074872202
2199,404,Economic Planning,0.9552001392187828,109,Internationalism: Negative,1.143456877751181,203,Constitutionalism: Positive,1.1455197191436113,606,Civic Mindedness: Positive,1.1835399307857357,411,Technology and Infrastructure,1.1838610863623091
2300,404,Economic Planning,0.9216324796572959,608,Multiculturalism: Negative,0.9788007091990621,607,Multiculturalism: Positive,1.085176228352338,502,Culture: Positive,1.0905877455730364,109,Internationalism: Negative,1.123863292015318
