CAP,1 CODE,1 NAME,1 CORR,2 CODE,2 NAME,2 CORR,3 CODE,3 NAME,3 CORR,4 CODE,4 NAME,4 CORR,5 CODE,5 NAME,5 CORR
100,404,Economic Planning,0.9590680059889943,109,Internationalism: Negative,1.1196014184964376,305,Political Authority,1.1453718393109462,203,Constitutionalism: Positive,1.1591044082234863,301,Federalism,1.159207633671954
101,706,Non-economic Demographic Groups,1.2057957178852803,403,Market Regulation,1.214978151158457,409,Keynesian Demand Management,1.2190432702874037,414,Economic Orthodoxy,1.227363351094418,410,Economic Growth: Positive,1.2324233732444763
103,412,Controlled Economy,1.2188999612653098,409,Keynesian Demand Management,1.2234317681406028,404,Economic Planning,1.2237805424823578,414,Economic Orthodoxy,1.2251206080454664,701,Labour Groups: Positive,1.2276519195703595
104,404,Economic Planning,0.8759448060440563,414,Economic Orthodoxy,1.1393973250395788,109,Internationalism: Negative,1.1483641662737933,203,Constitutionalism: Positive,1.1537779140078668,301,Federalism,1.1877082807844477
105,110,European Community/Union: Negative,1.1072026442882568,602,National Way of Life: Negative,1.112229387747535,606,Civic Mindedness: Positive,1.1141831194506076,411,Technology and Infrastructure,1.1322804753370188,409,Keynesian Demand Management,1.1327491521633504
107,605,Law and Order: Positive,1.0173602940743567,402,Incentives,1.074507417783823,404,Economic Planning,1.0940904791378983,608,Multiculturalism: Negative,1.152142052802319,203,Constitutionalism: Positive,1.1577607746388439
108,404,Economic Planning,0.8940545550021983,416,Anti-Growth Economy: Positive,1.0360368266286595,410,Economic Growth: Positive,1.0455696211859737,203,Constitutionalism: Positive,1.1621281154375158,414,Economic Orthodoxy,1.1657965868619762
110,412,Controlled Economy,0.8674040783709287,402,Incentives,1.1644184872395746,401,Free Market Economy,1.2005516472268207,403,Market Regulation,1.2204177573325654,701,Labour Groups: Positive,1.2350354999326287
199,404,Economic Planning,1.2419602191324686,703,Agriculture and Farmers: Positive,1.2440387373494093,408,Economic Goals,1.255739965456424,302,Centralisation,1.2677847867642251,301,Federalism,1.282221541830351
200,201,Freedom and Human Rights,1.1596219385927737,303,Governmental and Administrative Efficiency,1.1662216965657208,606,Civic Mindedness: Positive,1.2410252544764517,503,Equality: Positive,1.250081556080745,607,Multiculturalism: Positive,1.2550290760199097
201,503,Equality: Positive,1.0964517393641384,608,Multiculturalism: Negative,1.2052584500658428,607,Multiculturalism: Positive,1.210295805197171,603,Traditional Morality: Positive,1.2350432600010524,302,Centralisation,1.2351913330585647
202,503,Equality: Positive,1.0774630640260916,608,Multiculturalism: Negative,1.2324556185981748,604,Traditional Morality: Negative,1.243885322210555,607,Multiculturalism: Positive,1.244251024885666,603,Traditional Morality: Positive,1.247295358760243
204,503,Equality: Positive,1.1506554947509406,706,Non-economic Demographic Groups,1.199461442744149,408,Economic Goals,1.2300196896193436,204,Constitutionalism: Negative,1.2380583997428334,701,Labour Groups: Positive,1.240985942070841
205,503,Equality: Positive,1.1618166376760632,705,Underprivileged Minority Groups,1.2797632631777376,608,Multiculturalism: Negative,1.2865552415406922,603,Traditional Morality: Positive,1.2869594710891807,607,Multiculturalism: Positive,1.2919427973308564
206,108,European Community/Union: Positive,1.142964419880815,201,Freedom and Human Rights,1.2256537408993735,406,Protectionism: Positive,1.2274481690853902,506,Education Expansion,1.2294164160872698,202,Democracy,1.2321524996709234
207,201,Freedom and Human Rights,0.9126008060766755,603,Traditional Morality: Positive,1.0995078160080476,604,Traditional Morality: Negative,1.1547444325539047,607,Multiculturalism: Positive,1.163164479173852,202,Democracy,1.179964191385485
208,413,Nationalisation,1.1360712619715274,201,Freedom and Human Rights,1.1505498771204916,604,Traditional Morality: Negative,1.1633378667598684,303,Governmental and Administrative Efficiency,1.1755892631939044,404,Economic Planning,1.1864044270576477
209,415,Marxist Analysis: Positive,0.9807509116721354,301,Federalism,1.1619948053820939,302,Centralisation,1.2049350404239738,202,Democracy,1.2124762643203966,304,Political Corruption,1.2253422763257555
299,201,Freedom and Human Rights,1.1607277396921052,303,Governmental and Administrative Efficiency,1.1664216949250392,606,Civic Mindedness: Positive,1.239804429220115,203,Constitutionalism: Positive,1.2565998504857543,204,Constitutionalism: Negative,1.2566072230356728
300,504,Welfare State Expansion,0.9565994764136709,505,Welfare State Limitation,0.9998022956651526,305,Political Authority,1.0485111751327818,303,Governmental and Administrative Efficiency,1.1175392144921468,405,Corporatism/ Mixed Economy,1.1303003736533168
301,504,Welfare State Expansion,0.9446758290576547,505,Welfare State Limitation,1.0381537256278794,408,Economic Goals,1.1242615253715,414,Economic Orthodoxy,1.176737587039996,506,Education Expansion,1.1828189216152298
302,504,Welfare State Expansion,1.176213612482994,507,Education Limitation,1.2075317504294873,412,Controlled Economy,1.2168113926873287,409,Keynesian Demand Management,1.233654013284186,401,Free Market Economy,1.235637331508246
321,411,Technology and Infrastructure,1.1443452666860474,704,Middle Class and Professional Groups,1.189505691323684,401,Free Market Economy,1.2377752705971448,403,Market Regulation,1.2479067110697797,505,Welfare State Limitation,1.251073954598257
322,504,Welfare State Expansion,1.1893997679155435,507,Education Limitation,1.217374047646248,303,Governmental and Administrative Efficiency,1.2182463022149679,411,Technology and Infrastructure,1.2358684798631054,505,Welfare State Limitation,1.2371118351207429
323,408,Economic Goals,1.2309079250040058,401,Free Market Economy,1.2368627442198818,505,Welfare State Limitation,1.2400024365344258,703,Agriculture and Farmers: Positive,1.2448148614175574,402,Incentives,1.246143986890035
324,504,Welfare State Expansion,1.21444144091531,503,Equality: Positive,1.2280046491504977,505,Welfare State Limitation,1.228263618875757,603,Traditional Morality: Positive,1.2480516520415756,304,Political Corruption,1.2491767983382518
325,504,Welfare State Expansion,1.0428676032239517,411,Technology and Infrastructure,1.064513446413845,505,Welfare State Limitation,1.1082603325599734,402,Incentives,1.1346149213033718,704,Middle Class and Professional Groups,1.1764773783178486
331,703,Agriculture and Farmers: Positive,1.1133962882150863,408,Economic Goals,1.1489521276780752,204,Constitutionalism: Negative,1.1834107443530226,504,Welfare State Expansion,1.190527757653417,415,Marxist Analysis: Positive,1.1931860372293595
332,504,Welfare State Expansion,1.0429586471028156,505,Welfare State Limitation,1.1485600870843828,706,Non-economic Demographic Groups,1.1970813365592092,507,Education Limitation,1.2206924777995165,503,Equality: Positive,1.2234361646820087
333,504,Welfare State Expansion,1.0102828956349477,505,Welfare State Limitation,1.0806630737019127,503,Equality: Positive,1.260697317776324,502,Culture: Positive,1.263274811811507,411,Technology and Infrastructure,1.2662512296380903
334,504,Welfare State Expansion,0.9640576816795706,505,Welfare State Limitation,1.0624721362262652,303,Governmental and Administrative Efficiency,1.2372468114831814,411,Technology and Infrastructure,1.2480779795026695,503,Equality: Positive,1.251263347089229
335,414,Economic Orthodoxy,1.212891560370895,404,Economic Planning,1.227115176071414,109,Internationalism: Negative,1.2313332624622921,303,Governmental and Administrative Efficiency,1.2385054221256449,203,Constitutionalism: Positive,1.239608872239252
341,507,Education Limitation,1.1388124061813476,504,Welfare State Expansion,1.1710301420421128,503,Equality: Positive,1.1852933875386447,411,Technology and Infrastructure,1.2133373591379284,505,Welfare State Limitation,1.230846204783237
342,507,Education Limitation,1.169384148271326,504,Welfare State Expansion,1.1803856762784577,503,Equality: Positive,1.1827790899535158,411,Technology and Infrastructure,1.2358965024144255,505,Welfare State Limitation,1.249518707239302
398,504,Welfare State Expansion,0.9920104446331371,505,Welfare State Limitation,1.0691483066372527,416,Anti-Growth Economy: Positive,1.1399088465419154,411,Technology and Infrastructure,1.1642950866327777,507,Education Limitation,1.1667251144710375
399,504,Welfare State Expansion,0.96342227021286,505,Welfare State Limitation,1.040906722489515,703,Agriculture and Farmers: Positive,1.2345803815116918,506,Education Expansion,1.242381493195337,411,Technology and Infrastructure,1.2447942332223227
400,703,Agriculture and Farmers: Positive,0.8681653170274808,404,Economic Planning,0.9994540621917213,305,Political Authority,1.0560047705284987,405,Corporatism/ Mixed Economy,1.1020202444808038,302,Centralisation,1.1102837776865626
401,702,Labour Groups: Negative,1.0734937288425141,405,Corporatism/ Mixed Economy,1.1066311831012439,407,Protectionism: Negative,1.1158952915409996,703,Agriculture and Farmers: Positive,1.139599856971796,109,Internationalism: Negative,1.1575228035410785
402,703,Agriculture and Farmers: Positive,1.078310952794822,413,Nationalisation,1.1103888684206646,404,Economic Planning,1.1348452291552946,405,Corporatism/ Mixed Economy,1.15008833215093,303,Governmental and Administrative Efficiency,1.1549922313112675
403,703,Agriculture and Farmers: Positive,1.2115501228514134,501,Environmental Protection: Positive,1.2384116925929276,412,Controlled Economy,1.2417035433834556,406,Protectionism: Positive,1.2462987284027713,504,Welfare State Expansion,1.250120410864735
404,703,Agriculture and Farmers: Positive,1.122282243926141,403,Market Regulation,1.1818574148099419,410,Economic Growth: Positive,1.2134679233762662,401,Free Market Economy,1.213571683435739,411,Technology and Infrastructure,1.2180088175422972
405,412,Controlled Economy,1.202489940375017,501,Environmental Protection: Positive,1.2033719895505182,401,Free Market Economy,1.2299514034048942,703,Agriculture and Farmers: Positive,1.2357747542116981,201,Freedom and Human Rights,1.2515511369121384
408,703,Agriculture and Farmers: Positive,1.1887294994994313,103,Anti-Imperialism,1.2081593641290334,501,Environmental Protection: Positive,1.2358337018135235,416,Anti-Growth Economy: Positive,1.2456839486002929,502,Culture: Positive,1.2597965235147537
498,703,Agriculture and Farmers: Positive,1.1336767691795342,416,Anti-Growth Economy: Positive,1.1480418605072542,507,Education Limitation,1.175490560587788,411,Technology and Infrastructure,1.1883048125020834,410,Economic Growth: Positive,1.2275290307594497
499,703,Agriculture and Farmers: Positive,0.7976344049658731,404,Economic Planning,1.2430530442573804,302,Centralisation,1.2436355675022956,405,Corporatism/ Mixed Economy,1.2488279551792358,416,Anti-Growth Economy: Positive,1.249247077831104
500,404,Economic Planning,1.0148963499465735,405,Corporatism/ Mixed Economy,1.1050194402007776,412,Controlled Economy,1.1070371621308772,303,Governmental and Administrative Efficiency,1.1116526566157245,414,Economic Orthodoxy,1.1141658652051032
501,406,Protectionism: Positive,1.1609505038260877,501,Environmental Protection: Positive,1.1667707917260373,407,Protectionism: Negative,1.185690809112273,503,Equality: Positive,1.2095337216876803,504,Welfare State Expansion,1.2397128230476786
502,416,Anti-Growth Economy: Positive,1.1836650502506643,701,Labour Groups: Positive,1.1862975908720284,411,Technology and Infrastructure,1.1875625807252115,410,Economic Growth: Positive,1.2170048603957953,504,Welfare State Expansion,1.2218016226863877
503,405,Corporatism/ Mixed Economy,1.1082012671260895,701,Labour Groups: Positive,1.1556901724968234,504,Welfare State Expansion,1.227770295403322,402,Incentives,1.2338370261514366,414,Economic Orthodoxy,1.2394320939385568
504,701,Labour Groups: Positive,1.2039944663395887,110,European Community/Union: Negative,1.2095769572755506,108,European Community/Union: Positive,1.2156827835085968,405,Corporatism/ Mixed Economy,1.2234129501998257,404,Economic Planning,1.2279372519997205
505,701,Labour Groups: Positive,1.0320085773829453,412,Controlled Economy,1.1020831656638108,503,Equality: Positive,1.1336437571385363,605,Law and Order: Positive,1.147457827392608,402,Incentives,1.185388539856211
506,504,Welfare State Expansion,1.1589874545504377,701,Labour Groups: Positive,1.1988573579302058,503,Equality: Positive,1.2188221393142804,411,Technology and Infrastructure,1.2249719200622866,706,Non-economic Demographic Groups,1.230624132210743
529,701,Labour Groups: Positive,1.2678011046428643,706,Non-economic Demographic Groups,1.268124413803519,405,Corporatism/ Mixed Economy,1.2684379265727102,503,Equality: Positive,1.273468858337417,703,Agriculture and Farmers: Positive,1.2766836705199398
599,404,Economic Planning,0.9193708599545067,109,Internationalism: Negative,1.1656898807562717,203,Constitutionalism: Positive,1.1706675574224623,414,Economic Orthodoxy,1.211609317827553,301,Federalism,1.2236122984666105
600,404,Economic Planning,0.913941554329176,305,Political Authority,1.021886048310122,507,Education Limitation,1.0483885007073221,303,Governmental and Administrative Efficiency,1.111576391330717,302,Centralisation,1.1296793729081411
601,507,Education Limitation,1.0595491612223986,302,Centralisation,1.1502450338069907,506,Education Expansion,1.1753712392048954,411,Technology and Infrastructure,1.1944831086145724,409,Keynesian Demand Management,1.2109823218787579
602,506,Education Expansion,1.0785913892348813,507,Education Limitation,1.1335628659142811,607,Multiculturalism: Positive,1.1790309288988825,504,Welfare State Expansion,1.2071530248495534,104,Military: Positive,1.2096163854902
603,507,Education Limitation,1.0904271745562586,705,Underprivileged Minority Groups,1.1173555363696501,503,Equality: Positive,1.140592857729791,506,Education Expansion,1.1516665097472012,504,Welfare State Expansion,1.1709886833630503
604,507,Education Limitation,1.1150563805678388,411,Technology and Infrastructure,1.1930731894194793,506,Education Expansion,1.193845814011821,706,Non-economic Demographic Groups,1.2096409563999508,504,Welfare State Expansion,1.2110935518323978
606,102,Foreign Special Relationships: Negative,1.0265973063104974,101,Foreign Special Relationships: Positive,1.0649780210781001,705,Underprivileged Minority Groups,1.1270118689357351,507,Education Limitation,1.1486062598656168,706,Non-economic Demographic Groups,1.1634048229356146
607,703,Agriculture and Farmers: Positive,1.1160464586240317,411,Technology and Infrastructure,1.1167963824312925,507,Education Limitation,1.1321981914223993,408,Economic Goals,1.1484150774648993,107,Internationalism: Positive,1.1494612372603201
698,507,Education Limitation,1.0347827303064348,411,Technology and Infrastructure,1.1316532331874654,416,Anti-Growth Economy: Positive,1.1465809275972723,506,Education Expansion,1.1765909764050722,410,Economic Growth: Positive,1.223683141330336
699,404,Economic Planning,0.9580857417376095,507,Education Limitation,1.1056266559450567,203,Constitutionalism: Positive,1.1467063574747445,109,Internationalism: Negative,1.1695222174781925,506,Education Expansion,1.1839570520142855
700,404,Economic Planning,0.8792178802997588,305,Political Authority,1.0286092897527845,501,Environmental Protection: Positive,1.0921077085962265,303,Governmental and Administrative Efficiency,1.1020284478358304,414,Economic Orthodoxy,1.1185496662688017
701,605,Law and Order: Positive,1.1951461303402993,402,Incentives,1.2127323856212446,607,Multiculturalism: Positive,1.2151004689218572,501,Environmental Protection: Positive,1.2176852168005905,416,Anti-Growth Economy: Positive,1.2424325192598484
703,503,Equality: Positive,1.247796092411249,416,Anti-Growth Economy: Positive,1.254683819024062,501,Environmental Protection: Positive,1.2675357407591843,305,Political Authority,1.271490930204231,103,Anti-Imperialism,1.2798188449817345
704,503,Equality: Positive,1.240377242256276,702,Labour Groups: Negative,1.268873238208442,501,Environmental Protection: Positive,1.2796658090605972,411,Technology and Infrastructure,1.2813761736853126,416,Anti-Growth Economy: Positive,1.2836264928783712
705,501,Environmental Protection: Positive,1.132429999781621,416,Anti-Growth Economy: Positive,1.2482983066045632,412,Controlled Economy,1.2640856307114363,409,Keynesian Demand Management,1.273553791773327,405,Corporatism/ Mixed Economy,1.274112478716746
707,501,Environmental Protection: Positive,1.2368521206900664,416,Anti-Growth Economy: Positive,1.2539872558827863,703,Agriculture and Farmers: Positive,1.2646991178911633,506,Education Expansion,1.2741009221224784,502,Culture: Positive,1.2748703528765022
708,501,Environmental Protection: Positive,1.2044947703512225,416,Anti-Growth Economy: Positive,1.2254932956879372,502,Culture: Positive,1.2645704727247227,702,Labour Groups: Negative,1.2745141076206548,408,Economic Goals,1.2785833294260278
709,501,Environmental Protection: Positive,1.1325181373114224,407,Protectionism: Negative,1.1470218539128414,607,Multiculturalism: Positive,1.1927449305707638,403,Market Regulation,1.2007097835019693,405,Corporatism/ Mixed Economy,1.2024237287264061
711,413,Nationalisation,1.195043907895739,501,Environmental Protection: Positive,1.2175103122776552,703,Agriculture and Farmers: Positive,1.242215166030053,416,Anti-Growth Economy: Positive,1.2593115160475916,607,Multiculturalism: Positive,1.2701830951019377
798,416,Anti-Growth Economy: Positive,1.0611411084244822,411,Technology and Infrastructure,1.1474189351494013,507,Education Limitation,1.175126354125468,501,Environmental Protection: Positive,1.1802278601758924,410,Economic Growth: Positive,1.2091871025280876
799,501,Environmental Protection: Positive,1.1301552824660053,416,Anti-Growth Economy: Positive,1.1628420720087156,404,Economic Planning,1.2385839809604005,608,Multiculturalism: Negative,1.2416337522609457,703,Agriculture and Farmers: Positive,1.2482962753738656
800,404,Economic Planning,0.8842943923054878,303,Governmental and Administrative Efficiency,1.0803071214869768,414,Economic Orthodoxy,1.127453535655394,405,Corporatism/ Mixed Economy,1.1275803906833979,412,Controlled Economy,1.136222952491376
801,104,Military: Positive,1.1809543162378109,505,Welfare State Limitation,1.1926633725571572,105,Military: Negative,1.1974874775363258,605,Law and Order: Positive,1.2185972643396557,504,Welfare State Expansion,1.2225557474273574
802,701,Labour Groups: Positive,1.172998587399568,305,Political Authority,1.1940289001276891,108,European Community/Union: Positive,1.2454285557052707,703,Agriculture and Farmers: Positive,1.2474904654499668,304,Political Corruption,1.2496502252990784
803,501,Environmental Protection: Positive,1.235512641853464,414,Economic Orthodoxy,1.2374989873910582,409,Keynesian Demand Management,1.2523191297028367,403,Market Regulation,1.2542305905923785,402,Incentives,1.2646904019236729
805,410,Economic Growth: Positive,1.1673704393566202,405,Corporatism/ Mixed Economy,1.180755179361017,702,Labour Groups: Negative,1.1820576609161806,407,Protectionism: Negative,1.1855364973290428,105,Military: Negative,1.1884618236776603
806,702,Labour Groups: Negative,1.1642117792720665,304,Political Corruption,1.1747684734997161,105,Military: Negative,1.1951124262880353,703,Agriculture and Farmers: Positive,1.238331144256137,416,Anti-Growth Economy: Positive,1.2412221851992957
807,303,Governmental and Administrative Efficiency,1.0756374486782254,105,Military: Negative,1.133262015758238,413,Nationalisation,1.1404786255684052,405,Corporatism/ Mixed Economy,1.1542116696172016,305,Political Authority,1.1637616454683426
898,416,Anti-Growth Economy: Positive,1.151358291192877,507,Education Limitation,1.1843122366969945,411,Technology and Infrastructure,1.1891598249049011,410,Economic Growth: Positive,1.233291746080253,506,Education Expansion,1.2361446076975822
899,703,Agriculture and Farmers: Positive,1.2307750456034152,702,Labour Groups: Negative,1.26747438003146,303,Governmental and Administrative Efficiency,1.2790955446429961,411,Technology and Infrastructure,1.2803712746424125,416,Anti-Growth Economy: Positive,1.282690751817766
900,601,National Way of Life: Positive,1.2184392386502643,605,Law and Order: Positive,1.2482437223523482,302,Centralisation,1.2486453416421315,109,Internationalism: Negative,1.2503715650101015,608,Multiculturalism: Negative,1.251299227223608
1000,404,Economic Planning,0.9866041415554321,303,Governmental and Administrative Efficiency,1.087857570755336,405,Corporatism/ Mixed Economy,1.11216426655345,302,Centralisation,1.1155050173947711,413,Nationalisation,1.1209231907760395
1001,502,Culture: Positive,1.1752096682923967,411,Technology and Infrastructure,1.222368820622532,507,Education Limitation,1.2246127671572737,412,Controlled Economy,1.2328228179046243,504,Welfare State Expansion,1.2381078456149346
1002,411,Technology and Infrastructure,1.1493993428767724,504,Welfare State Expansion,1.1631265474767436,502,Culture: Positive,1.1930562462366787,606,Civic Mindedness: Positive,1.1968278336591556,507,Education Limitation,1.2100578525551795
1003,411,Technology and Infrastructure,1.1733416932022498,412,Controlled Economy,1.1906826973431033,401,Free Market Economy,1.2049124382341714,201,Freedom and Human Rights,1.2260077163076146,303,Governmental and Administrative Efficiency,1.2538968496020244
1005,704,Middle Class and Professional Groups,1.187389128958997,416,Anti-Growth Economy: Positive,1.1993376792081003,411,Technology and Infrastructure,1.2204176618314362,303,Governmental and Administrative Efficiency,1.2534347678987383,410,Economic Growth: Positive,1.2537141823931501
1007,505,Welfare State Limitation,1.1733536076757904,504,Welfare State Expansion,1.2064161078984015,104,Military: Positive,1.211260232828413,605,Law and Order: Positive,1.211411326166746,501,Environmental Protection: Positive,1.2272820533075353
1010,411,Technology and Infrastructure,1.0291626938698846,409,Keynesian Demand Management,1.1529912612803321,606,Civic Mindedness: Positive,1.1649794226612893,504,Welfare State Expansion,1.1658338678046718,502,Culture: Positive,1.1661149757760094
1098,416,Anti-Growth Economy: Positive,1.1563832313122924,411,Technology and Infrastructure,1.161486854559788,507,Education Limitation,1.1655895173031807,410,Economic Growth: Positive,1.2279213305571581,506,Education Expansion,1.2386730531558037
1099,703,Agriculture and Farmers: Positive,1.221182336554217,411,Technology and Infrastructure,1.221887326023805,505,Welfare State Limitation,1.2538296699928495,507,Education Limitation,1.263614255169845,405,Corporatism/ Mixed Economy,1.2690473071270019
1200,605,Law and Order: Positive,0.9984171188369786,701,Labour Groups: Positive,1.147669626523319,604,Traditional Morality: Negative,1.150808681370257,305,Political Authority,1.1571001205035523,603,Traditional Morality: Positive,1.1815125551610088
1201,605,Law and Order: Positive,0.9979321912103197,608,Multiculturalism: Negative,1.1095786073447742,301,Federalism,1.186161245373751,303,Governmental and Administrative Efficiency,1.2152258511156153,404,Economic Planning,1.223599109432752
1202,704,Middle Class and Professional Groups,1.1157031329646963,605,Law and Order: Positive,1.1905294080560278,304,Political Corruption,1.2643926659309925,503,Equality: Positive,1.2645679317710785,505,Welfare State Limitation,1.2748190811837357
1203,605,Law and Order: Positive,1.0935145786872953,608,Multiculturalism: Negative,1.219872490902564,202,Democracy,1.223907045522928,107,Internationalism: Positive,1.2246214134311628,109,Internationalism: Negative,1.224761298533009
1204,303,Governmental and Administrative Efficiency,1.1034517724868038,302,Centralisation,1.2137876845824658,404,Economic Planning,1.2182229926452444,605,Law and Order: Positive,1.22004098177247,202,Democracy,1.2245532689310328
1205,110,European Community/Union: Negative,1.2485581747368284,302,Centralisation,1.2526737525369032,303,Governmental and Administrative Efficiency,1.254496900585118,507,Education Limitation,1.2620039494611595,505,Welfare State Limitation,1.2625229068743171
1206,605,Law and Order: Positive,1.164105393674144,503,Equality: Positive,1.214254158933285,304,Political Corruption,1.223497331689658,504,Welfare State Expansion,1.2406064962762076,302,Centralisation,1.2453267768050138
1207,503,Equality: Positive,1.1682985754240305,504,Welfare State Expansion,1.179599104072011,604,Traditional Morality: Negative,1.2381789198905908,505,Welfare State Limitation,1.2542313238595757,603,Traditional Morality: Positive,1.2546714297774675
1208,605,Law and Order: Positive,1.0563481232689325,604,Traditional Morality: Negative,1.1213111520733452,504,Welfare State Expansion,1.1548715663835358,603,Traditional Morality: Positive,1.1620863546735305,202,Democracy,1.189219253622724
1210,605,Law and Order: Positive,1.0437969305165982,303,Governmental and Administrative Efficiency,1.1388571087637525,607,Multiculturalism: Positive,1.1816028244392913,606,Civic Mindedness: Positive,1.1981675245391812,201,Freedom and Human Rights,1.2171762051317496
1211,412,Controlled Economy,0.9688893040156111,605,Law and Order: Positive,1.1612516182971269,201,Freedom and Human Rights,1.214284993829737,304,Political Corruption,1.2204109237659218,401,Free Market Economy,1.2349955722198915
1227,605,Law and Order: Positive,1.0114568965574302,607,Multiculturalism: Positive,1.1353343207796462,101,Foreign Special Relationships: Positive,1.1462709655015333,102,Foreign Special Relationships: Negative,1.1568235625834633,701,Labour Groups: Positive,1.166810268454636
1299,605,Law and Order: Positive,1.0157423736153475,604,Traditional Morality: Negative,1.1432740535488122,603,Traditional Morality: Positive,1.1953062304736581,203,Constitutionalism: Positive,1.212782855947756,202,Democracy,1.2156797237693393
1300,505,Welfare State Limitation,0.8849508285165033,404,Economic Planning,0.9951311800474248,504,Welfare State Expansion,0.9983334519414689,109,Internationalism: Negative,1.1356619090380016,203,Constitutionalism: Positive,1.13827807796402
1302,402,Incentives,1.1024961553010648,706,Non-economic Demographic Groups,1.1629238688426844,409,Keynesian Demand Management,1.1777384881831354,410,Economic Growth: Positive,1.203537314280143,504,Welfare State Expansion,1.2073961610713049
1303,706,Non-economic Demographic Groups,1.1348393344680276,412,Controlled Economy,1.1384889987890918,413,Nationalisation,1.140625171876809,303,Governmental and Administrative Efficiency,1.144851474019544,409,Keynesian Demand Management,1.152032277245872
1304,706,Non-economic Demographic Groups,1.098328452535766,101,Foreign Special Relationships: Positive,1.1044673015251576,503,Equality: Positive,1.181294423986475,402,Incentives,1.1942174555406222,107,Internationalism: Positive,1.2050016552952298
1305,607,Multiculturalism: Positive,1.1944846062250436,605,Law and Order: Positive,1.2202527697746828,505,Welfare State Limitation,1.2538450879749667,504,Welfare State Expansion,1.254506321847517,107,Internationalism: Positive,1.2558442353661632
1308,504,Welfare State Expansion,0.950523527054472,505,Welfare State Limitation,1.0537563129698904,503,Equality: Positive,1.2391273595419128,604,Traditional Morality: Negative,1.256383784514115,506,Education Expansion,1.2582570196105356
1399,505,Welfare State Limitation,0.8965690017400031,504,Welfare State Expansion,1.0116214947516378,404,Economic Planning,1.0290295921816732,203,Constitutionalism: Positive,1.1323438317299732,503,Equality: Positive,1.1473382472471239
1400,504,Welfare State Expansion,1.1972670519210913,404,Economic Planning,1.226455673473295,416,Anti-Growth Economy: Positive,1.2325852802699604,608,Multiculturalism: Negative,1.2462754374679963,414,Economic Orthodoxy,1.252455535967633
1401,109,Internationalism: Negative,1.0818803651603834,404,Economic Planning,1.1103264868166294,416,Anti-Growth Economy: Positive,1.1140579315929005,504,Welfare State Expansion,1.155202736907167,602,National Way of Life: Negative,1.1572032309385656
1403,416,Anti-Growth Economy: Positive,1.1291314961675039,701,Labour Groups: Positive,1.166424132346266,305,Political Authority,1.1711067854512949,108,European Community/Union: Positive,1.1919790265657,608,Multiculturalism: Negative,1.2120524988315755
1404,504,Welfare State Expansion,1.1923778221900767,703,Agriculture and Farmers: Positive,1.2111854344926087,403,Market Regulation,1.2502196577922076,409,Keynesian Demand Management,1.2568851419325637,414,Economic Orthodoxy,1.2597156476453701
1405,416,Anti-Growth Economy: Positive,1.0513329202071864,410,Economic Growth: Positive,1.05643455967425,408,Economic Goals,1.0641075699820897,404,Economic Planning,1.0988652872308011,403,Market Regulation,1.1050036015047628
1406,504,Welfare State Expansion,1.079766201832079,409,Keynesian Demand Management,1.0964245085608064,706,Non-economic Demographic Groups,1.1284712718884615,411,Technology and Infrastructure,1.1357526150321842,402,Incentives,1.1415314163351893
1407,105,Military: Negative,1.1100391672578533,104,Military: Positive,1.1291429373517134,504,Welfare State Expansion,1.1761202940387228,103,Anti-Imperialism,1.1950945985585082,706,Non-economic Demographic Groups,1.2247101152833186
1408,705,Underprivileged Minority Groups,1.1039918996429443,504,Welfare State Expansion,1.1412308294669602,706,Non-economic Demographic Groups,1.215178454949155,408,Economic Goals,1.2302452500795151,505,Welfare State Limitation,1.2385287598420742
1409,504,Welfare State Expansion,1.1393674958352706,409,Keynesian Demand Management,1.2029778851029622,105,Military: Negative,1.2216360064641474,705,Underprivileged Minority Groups,1.231236825168667,304,Political Corruption,1.2361716495519575
1498,416,Anti-Growth Economy: Positive,1.1268770786483653,411,Technology and Infrastructure,1.1672035457659005,507,Education Limitation,1.1728694314554373,504,Welfare State Expansion,1.1876998130352134,410,Economic Growth: Positive,1.2102825957759586
1499,416,Anti-Growth Economy: Positive,1.1340589218455486,504,Welfare State Expansion,1.1681872575062509,410,Economic Growth: Positive,1.2033443184048476,608,Multiculturalism: Negative,1.207844945690521,507,Education Limitation,1.2170183506148637
1500,405,Corporatism/ Mixed Economy,1.083408004533469,404,Economic Planning,1.1042396499880196,303,Governmental and Administrative Efficiency,1.1171981664906672,412,Controlled Economy,1.1182839746376576,413,Nationalisation,1.1272587791253854
1501,414,Economic Orthodoxy,1.1322368959008262,602,National Way of Life: Negative,1.1478852217254643,402,Incentives,1.1581735424214825,109,Internationalism: Negative,1.162727818360646,202,Democracy,1.1861327851404027
1502,414,Economic Orthodoxy,1.2176709970566468,411,Technology and Infrastructure,1.2198486737309744,405,Corporatism/ Mixed Economy,1.2212371442272556,404,Economic Planning,1.2223780854952864,403,Market Regulation,1.230237986764905
1504,403,Market Regulation,1.1671531536372892,414,Economic Orthodoxy,1.2354531342190906,402,Incentives,1.2389297270775779,401,Free Market Economy,1.2423495473816335,504,Welfare State Expansion,1.2487046876993295
1505,411,Technology and Infrastructure,1.1615178087748876,402,Incentives,1.1644878243868695,504,Welfare State Expansion,1.1793330582843893,704,Middle Class and Professional Groups,1.192623678011487,403,Market Regulation,1.2108292592149188
1507,401,Free Market Economy,1.170804995975373,103,Anti-Imperialism,1.1749262138022998,201,Freedom and Human Rights,1.2192323330348565,604,Traditional Morality: Negative,1.237099541027432,505,Welfare State Limitation,1.2388081985364439
1520,107,Internationalism: Positive,1.1717887084671812,302,Centralisation,1.2240943383464367,304,Political Corruption,1.2273312088661248,403,Market Regulation,1.230671119449758,401,Free Market Economy,1.2307093024306772
1521,403,Market Regulation,1.129744372236086,410,Economic Growth: Positive,1.2005668387819843,408,Economic Goals,1.2033363804148693,401,Free Market Economy,1.210816536349913,703,Agriculture and Farmers: Positive,1.2238417420132155
1522,401,Free Market Economy,1.2100414903729997,201,Freedom and Human Rights,1.2601839006976707,603,Traditional Morality: Positive,1.262182026163995,413,Nationalisation,1.267572283113671,505,Welfare State Limitation,1.2678136665317863
1523,501,Environmental Protection: Positive,1.2145996549701352,607,Multiculturalism: Positive,1.228144814128276,605,Law and Order: Positive,1.2296182247461716,107,Internationalism: Positive,1.23867494267066,414,Economic Orthodoxy,1.2558459125015777
1524,404,Economic Planning,1.2202052434270683,703,Agriculture and Farmers: Positive,1.2209408008717688,412,Controlled Economy,1.2348683722004294,408,Economic Goals,1.2366311722029804,411,Technology and Infrastructure,1.2401217729677625
1525,403,Market Regulation,1.1449395502553654,605,Law and Order: Positive,1.1792386534697898,607,Multiculturalism: Positive,1.2096751735410405,407,Protectionism: Negative,1.2269138224286187,416,Anti-Growth Economy: Positive,1.2277439385883047
1526,502,Culture: Positive,1.191897125633329,401,Free Market Economy,1.2138493750888661,201,Freedom and Human Rights,1.2255898830699932,605,Law and Order: Positive,1.2667891120298953,608,Multiculturalism: Negative,1.2677398545811258
1598,416,Anti-Growth Economy: Positive,1.1422850115877303,507,Education Limitation,1.169710032537249,411,Technology and Infrastructure,1.1778677900349441,607,Multiculturalism: Positive,1.1877857367208082,605,Law and Order: Positive,1.2273048982479173
1599,404,Economic Planning,1.046622780234219,109,Internationalism: Negative,1.1301807191983264,203,Constitutionalism: Positive,1.1758335235440147,605,Law and Order: Positive,1.1779744996175874,607,Multiculturalism: Positive,1.194821601758545
1600,404,Economic Planning,0.9890829291756233,305,Political Authority,1.147566512364641,203,Constitutionalism: Positive,1.16392203886011,701,Labour Groups: Positive,1.1654861585115246,109,Internationalism: Negative,1.1709534076026384
1602,107,Internationalism: Positive,1.1371598448690037,505,Welfare State Limitation,1.141476832543854,402,Incentives,1.1814704743550903,104,Military: Positive,1.1837747291228775,605,Law and Order: Positive,1.184589086916602
1603,105,Military: Negative,1.048510624852572,104,Military: Positive,1.088738588961333,103,Anti-Imperialism,1.1699498933942274,302,Centralisation,1.232826958319484,106,Peace,1.2357857606303142
1604,104,Military: Positive,1.0872642677281386,109,Internationalism: Negative,1.1633192967866914,105,Military: Negative,1.1656866982242406,103,Anti-Imperialism,1.1747937667855257,601,National Way of Life: Positive,1.193962592643141
1605,105,Military: Negative,1.2005056574993829,104,Military: Positive,1.2562032902535423,106,Peace,1.2719674703310118,304,Political Corruption,1.2737758770678342,109,Internationalism: Negative,1.2758359380936575
1606,105,Military: Negative,0.9775412498655175,104,Military: Positive,1.042087380052821,101,Foreign Special Relationships: Positive,1.0914143005781534,412,Controlled Economy,1.1226875774379332,103,Anti-Imperialism,1.1468870059251104
1608,105,Military: Negative,0.9632570941806989,104,Military: Positive,1.0406971425318394,305,Political Authority,1.1628762527913983,103,Anti-Imperialism,1.1783522832179267,701,Labour Groups: Positive,1.1907260807352884
1610,104,Military: Positive,1.1184541282095681,105,Military: Negative,1.1276791523140879,103,Anti-Imperialism,1.1969318869708652,704,Middle Class and Professional Groups,1.1990803039998952,706,Non-economic Demographic Groups,1.2215035756286627
1611,105,Military: Negative,1.1095892646411338,104,Military: Positive,1.1251081920638275,413,Nationalisation,1.130315621839303,103,Anti-Imperialism,1.1934137919096173,106,Peace,1.2459735712516797
1612,104,Military: Positive,1.0902906201406564,105,Military: Negative,1.1135818887973692,103,Anti-Imperialism,1.1923471691214225,106,Peace,1.225036869128292,404,Economic Planning,1.259647234232732
1614,105,Military: Negative,1.0043503768509212,104,Military: Positive,1.041808676263036,103,Anti-Imperialism,1.1752633261839243,416,Anti-Growth Economy: Positive,1.1901727895127565,501,Environmental Protection: Positive,1.2116439970280548
1615,605,Law and Order: Positive,1.0836017076221112,303,Governmental and Administrative Efficiency,1.1148159583851778,109,Internationalism: Negative,1.1148284400607469,602,National Way of Life: Negative,1.1191231844744682,505,Welfare State Limitation,1.1534590398209201
1616,105,Military: Negative,1.0752163996843642,104,Military: Positive,1.1200178325809647,411,Technology and Infrastructure,1.1601105298737,103,Anti-Imperialism,1.169005628729534,704,Middle Class and Professional Groups,1.177566809208251
1617,105,Military: Negative,0.9445231408902813,104,Military: Positive,1.0690043941221896,103,Anti-Imperialism,1.1558558249560449,304,Political Corruption,1.213817573100297,302,Centralisation,1.2145063509424237
1619,105,Military: Negative,1.0274337324505352,109,Internationalism: Negative,1.1326063415889276,103,Anti-Imperialism,1.1334767277951234,104,Military: Positive,1.1343518938758743,412,Controlled Economy,1.1631948093255347
1620,105,Military: Negative,0.9315658984933274,104,Military: Positive,1.0712684520745406,103,Anti-Imperialism,1.1642408046905088,106,Peace,1.204120084645503,302,Centralisation,1.2290838527730017
1698,416,Anti-Growth Economy: Positive,1.1614025094937253,507,Education Limitation,1.1865485657201529,411,Technology and Infrastructure,1.197470960927162,410,Economic Growth: Positive,1.2400051767406648,506,Education Expansion,1.2458133856352092
1699,404,Economic Planning,0.9894974177082889,203,Constitutionalism: Positive,1.1546172406898025,109,Internationalism: Negative,1.1852657134756686,301,Federalism,1.2363554876271028,414,Economic Orthodoxy,1.2428698342776612
1700,411,Technology and Infrastructure,1.1109426266385594,701,Labour Groups: Positive,1.1837678903454545,305,Political Authority,1.196372703096329,108,European Community/Union: Positive,1.2216376278661012,507,Education Limitation,1.2479588886118262
1701,105,Military: Negative,1.077517326566079,303,Governmental and Administrative Efficiency,1.1181536219019437,413,Nationalisation,1.1211476166049232,404,Economic Planning,1.1376498503658992,415,Marxist Analysis: Positive,1.1386963518191304
1704,410,Economic Growth: Positive,1.0868553533865937,415,Marxist Analysis: Positive,1.1589581412443881,502,Culture: Positive,1.161010270075142,105,Military: Negative,1.1705785390215606,103,Anti-Imperialism,1.1762890013812357
1705,107,Internationalism: Positive,1.1316614927619364,411,Technology and Infrastructure,1.1701980275143176,109,Internationalism: Negative,1.1843753047360226,202,Democracy,1.1968913473348732,507,Education Limitation,1.2309251637258054
1706,411,Technology and Infrastructure,1.1527202582151572,303,Governmental and Administrative Efficiency,1.2354605263061609,403,Market Regulation,1.241248778572272,412,Controlled Economy,1.2459239919047347,401,Free Market Economy,1.2485515604773125
1707,411,Technology and Infrastructure,1.250585011538004,704,Middle Class and Professional Groups,1.2611894241737402,405,Corporatism/ Mixed Economy,1.2730589626523852,412,Controlled Economy,1.2816526560248434,407,Protectionism: Negative,1.281819157410492
1708,411,Technology and Infrastructure,1.1973269169678,416,Anti-Growth Economy: Positive,1.2575296240729683,507,Education Limitation,1.2628934574463724,404,Economic Planning,1.2677200440759853,403,Market Regulation,1.2722736456635535
1709,411,Technology and Infrastructure,1.149662649796462,505,Welfare State Limitation,1.175424985911719,704,Middle Class and Professional Groups,1.1839980490946178,605,Law and Order: Positive,1.1974007768361186,504,Welfare State Expansion,1.2184585428280212
1798,411,Technology and Infrastructure,1.0503602445689206,416,Anti-Growth Economy: Positive,1.1530718937517406,507,Education Limitation,1.17716669809922,703,Agriculture and Farmers: Positive,1.2188197336439786,410,Economic Growth: Positive,1.241590354893578
1799,411,Technology and Infrastructure,1.0472144223217212,416,Anti-Growth Economy: Positive,1.1570148701852994,507,Education Limitation,1.177621980847717,410,Economic Growth: Positive,1.2353780218726458,403,Market Regulation,1.2378388874108948
1800,405,Corporatism/ Mixed Economy,0.996357838356535,702,Labour Groups: Negative,1.0932202778628834,404,Economic Planning,1.1097119588429494,407,Protectionism: Negative,1.1156978122133512,302,Centralisation,1.133948888763815
1802,405,Corporatism/ Mixed Economy,1.0925577674799252,702,Labour Groups: Negative,1.117015878523545,407,Protectionism: Negative,1.13180011083169,402,Incentives,1.1528457305877302,204,Constitutionalism: Negative,1.2233200764537377
1803,412,Controlled Economy,0.9962917200050627,406,Protectionism: Positive,1.0446920327640572,401,Free Market Economy,1.1802438676866598,410,Economic Growth: Positive,1.1919191956959865,703,Agriculture and Farmers: Positive,1.2186602900344707
1804,507,Education Limitation,1.1007354267935516,107,Internationalism: Positive,1.1124034760782986,416,Anti-Growth Economy: Positive,1.1306261561870192,401,Free Market Economy,1.135809344312246,505,Welfare State Limitation,1.1425441992225294
1806,605,Law and Order: Positive,1.2063133251492053,607,Multiculturalism: Positive,1.2143722320611474,412,Controlled Economy,1.225051591068847,410,Economic Growth: Positive,1.2347430842542542,305,Political Authority,1.2368456476173864
1807,406,Protectionism: Positive,1.1848461456786439,605,Law and Order: Positive,1.2097342045266446,411,Technology and Infrastructure,1.222576222495816,402,Incentives,1.2339999279829181,607,Multiculturalism: Positive,1.2354835666031387
1808,702,Labour Groups: Negative,1.2428213871854699,304,Political Corruption,1.2435368212968108,410,Economic Growth: Positive,1.2465136396677379,404,Economic Planning,1.2506305154113069,416,Anti-Growth Economy: Positive,1.2539919773834085
1899,109,Internationalism: Negative,1.037529316358607,404,Economic Planning,1.039648882421657,405,Corporatism/ Mixed Economy,1.0921115198986846,702,Labour Groups: Negative,1.1001769794708132,407,Protectionism: Negative,1.1120163962543634
1900,107,Internationalism: Positive,0.9974487814748816,109,Internationalism: Negative,1.0334102937424832,305,Political Authority,1.0742375327910076,410,Economic Growth: Positive,1.113202854187496,404,Economic Planning,1.1357261095355229
1901,107,Internationalism: Positive,0.9764042148202978,109,Internationalism: Negative,1.0641268803721453,101,Foreign Special Relationships: Positive,1.0722182596539245,409,Keynesian Demand Management,1.092669336145255,507,Education Limitation,1.1069268427596308
1902,107,Internationalism: Positive,1.0678698438538023,109,Internationalism: Negative,1.1409626240134114,202,Democracy,1.1540492843061936,605,Law and Order: Positive,1.1612428786419686,501,Environmental Protection: Positive,1.2125715898466052
1905,702,Labour Groups: Negative,1.1540750844074015,408,Economic Goals,1.157393782252184,107,Internationalism: Positive,1.1742640279550418,411,Technology and Infrastructure,1.1910186621875583,703,Agriculture and Farmers: Positive,1.198819230647159
1906,107,Internationalism: Positive,0.928301779918484,109,Internationalism: Negative,1.0990562345202002,416,Anti-Growth Economy: Positive,1.1046124437490312,301,Federalism,1.1101873223632486,414,Economic Orthodoxy,1.1369361142250907
1910,110,European Community/Union: Negative,1.0865205378130807,108,European Community/Union: Positive,1.1400591699159064,608,Multiculturalism: Negative,1.2857997247496822,701,Labour Groups: Positive,1.294842473613484,505,Welfare State Limitation,1.2973164097261802
1921,110,European Community/Union: Negative,1.0305744992307353,101,Foreign Special Relationships: Positive,1.0499077554058298,102,Foreign Special Relationships: Negative,1.0538956228525203,107,Internationalism: Positive,1.106485097287686,408,Economic Goals,1.1195905915260371
1925,304,Political Corruption,1.2017229649072934,605,Law and Order: Positive,1.2048911117176442,201,Freedom and Human Rights,1.217514739397103,107,Internationalism: Positive,1.2217566276287155,501,Environmental Protection: Positive,1.246126640391868
1926,107,Internationalism: Positive,0.9659188517992101,109,Internationalism: Negative,1.1284638982672441,606,Civic Mindedness: Positive,1.1836035070579407,202,Democracy,1.1847534052535096,602,National Way of Life: Negative,1.1866642191496697
1927,107,Internationalism: Positive,1.0179622468153071,109,Internationalism: Negative,1.109163400861349,202,Democracy,1.157194063708209,602,National Way of Life: Negative,1.2145070360359622,601,National Way of Life: Positive,1.2198536120786032
1929,109,Internationalism: Negative,1.1018862924802009,101,Foreign Special Relationships: Positive,1.1785728805241817,102,Foreign Special Relationships: Negative,1.1861216250789308,110,European Community/Union: Negative,1.1904014684034363,407,Protectionism: Negative,1.195533931510553
1999,107,Internationalism: Positive,0.9745655743784317,109,Internationalism: Negative,1.0185916701708735,404,Economic Planning,1.049050363597644,203,Constitutionalism: Positive,1.175362876408158,301,Federalism,1.1900392239272215
2000,413,Nationalisation,1.015746808003716,305,Political Authority,1.0440199430183068,302,Centralisation,1.0568478397482053,405,Corporatism/ Mixed Economy,1.062008988745576,303,Governmental and Administrative Efficiency,1.0646618896798765
2001,404,Economic Planning,1.0438740941551865,302,Centralisation,1.051882108373345,405,Corporatism/ Mixed Economy,1.0785636076132599,303,Governmental and Administrative Efficiency,1.1060185920020018,301,Federalism,1.113351527202561
2002,303,Governmental and Administrative Efficiency,0.9691211712560835,302,Centralisation,1.0120319239831583,305,Political Authority,1.0461913243847776,304,Political Corruption,1.0562394397546697,404,Economic Planning,1.0757816156676698
2003,303,Governmental and Administrative Efficiency,0.9931496186594226,704,Middle Class and Professional Groups,1.1838427415031096,504,Welfare State Expansion,1.192042739583145,201,Freedom and Human Rights,1.2182812457035679,606,Civic Mindedness: Positive,1.2443102156165473
2004,303,Governmental and Administrative Efficiency,0.8946088549388557,305,Political Authority,1.062965389910267,701,Labour Groups: Positive,1.0834425371198437,405,Corporatism/ Mixed Economy,1.0980392628265332,302,Centralisation,1.1358385907401445
2005,204,Constitutionalism: Negative,1.2702103790714319,102,Foreign Special Relationships: Negative,1.2755922041233658,101,Foreign Special Relationships: Positive,1.2820138084199773,404,Economic Planning,1.2864951220677705,413,Nationalisation,1.2901754818224684
2006,408,Economic Goals,1.2041517595092837,414,Economic Orthodoxy,1.213487689599032,109,Internationalism: Negative,1.2424926946786123,413,Nationalisation,1.244637607230335,703,Agriculture and Farmers: Positive,1.2455556203578229
2007,303,Governmental and Administrative Efficiency,1.062130856270128,405,Corporatism/ Mixed Economy,1.0877495177630876,404,Economic Planning,1.0909401243062897,413,Nationalisation,1.0921730912220435,302,Centralisation,1.10155879951039
2008,413,Nationalisation,1.052065472768105,404,Economic Planning,1.0715624389002556,412,Controlled Economy,1.0948477078464696,302,Centralisation,1.109326653224022,405,Corporatism/ Mixed Economy,1.1095495790175887
2009,402,Incentives,1.0602916715113104,303,Governmental and Administrative Efficiency,1.0789152094892223,605,Law and Order: Positive,1.103725677021183,608,Multiculturalism: Negative,1.1390960120993392,404,Economic Planning,1.1893970874944977
2010,606,Civic Mindedness: Positive,1.1828751654009881,411,Technology and Infrastructure,1.2140732917726027,409,Keynesian Demand Management,1.216905459698781,302,Centralisation,1.2281290454975085,502,Culture: Positive,1.23316595571661
2011,302,Centralisation,0.8914635727503843,405,Corporatism/ Mixed Economy,1.0827628733463883,404,Economic Planning,1.0847789870427618,303,Governmental and Administrative Efficiency,1.08957024345724,412,Controlled Economy,1.1359121972675175
2012,302,Centralisation,0.922503322924534,304,Political Corruption,0.9749520462567962,202,Democracy,1.1061431515166573,103,Anti-Imperialism,1.1524271932955048,201,Freedom and Human Rights,1.1825616156531598
2013,404,Economic Planning,1.095042694329015,413,Nationalisation,1.1068892017959384,405,Corporatism/ Mixed Economy,1.1240499906026333,302,Centralisation,1.1408894015695723,303,Governmental and Administrative Efficiency,1.1419361002505977
2014,502,Culture: Positive,1.2671416891466754,505,Welfare State Limitation,1.267650884535606,302,Centralisation,1.2679032117948037,608,Multiculturalism: Negative,1.2728137121438707,602,National Way of Life: Negative,1.2733396904678345
2015,404,Economic Planning,1.1428860155410339,412,Controlled Economy,1.1581820376621903,303,Governmental and Administrative Efficiency,1.1754055966115413,413,Nationalisation,1.1780006872969055,302,Centralisation,1.1815389681809163
2030,602,National Way of Life: Negative,0.8990905857299806,109,Internationalism: Negative,1.166274714181437,601,National Way of Life: Positive,1.1875920371705795,505,Welfare State Limitation,1.2389344501505453,107,Internationalism: Positive,1.2389438480098531
2099,302,Centralisation,1.0535965857622087,413,Nationalisation,1.0682101398330488,404,Economic Planning,1.0806522472342817,303,Governmental and Administrative Efficiency,1.0819516959724556,405,Corporatism/ Mixed Economy,1.0857639369020373
2100,701,Labour Groups: Positive,1.1688969330996568,411,Technology and Infrastructure,1.1698663278822483,606,Civic Mindedness: Positive,1.1727137068015618,305,Political Authority,1.1752951450456532,502,Culture: Positive,1.1940742264018058
2101,602,National Way of Life: Negative,1.0678909365948246,607,Multiculturalism: Positive,1.1169309887650176,502,Culture: Positive,1.1229425655968508,608,Multiculturalism: Negative,1.1658121819335991,601,National Way of Life: Positive,1.1691954506720326
2102,706,Non-economic Demographic Groups,1.140462386807767,402,Incentives,1.210950970036571,606,Civic Mindedness: Positive,1.2172098964633045,608,Multiculturalism: Negative,1.217947208594431,409,Keynesian Demand Management,1.226698075708258
2103,501,Environmental Protection: Positive,1.151207601168433,411,Technology and Infrastructure,1.170019928678624,606,Civic Mindedness: Positive,1.1789755300256657,413,Nationalisation,1.188320150024391,703,Agriculture and Farmers: Positive,1.1995782189430173
2104,201,Freedom and Human Rights,1.168051700350166,303,Governmental and Administrative Efficiency,1.1770339641668939,416,Anti-Growth Economy: Positive,1.180424321949997,412,Controlled Economy,1.1862039513542033,411,Technology and Infrastructure,1.191522960225459
2105,109,Internationalism: Negative,1.223015389179945,102,Foreign Special Relationships: Negative,1.2345931623630524,301,Federalism,1.2371267924828464,203,Constitutionalism: Positive,1.2395692669762375,101,Foreign Special Relationships: Positive,1.2431052604932618
2199,404,Economic Planning,1.060734638032928,109,Internationalism: Negative,1.1557486726297896,203,Constitutionalism: Positive,1.1690827408678648,606,Civic Mindedness: Positive,1.1803817430461676,411,Technology and Infrastructure,1.1867520032434122
2300,404,Economic Planning,0.9709115581288281,608,Multiculturalism: Negative,0.972824244055738,502,Culture: Positive,1.0625958755799965,607,Multiculturalism: Positive,1.0742815400666654,109,Internationalism: Negative,1.119167203997079
