CAP,1 CODE,1 NAME,1 CORR,2 CODE,2 NAME,2 CORR,3 CODE,3 NAME,3 CORR,4 CODE,4 NAME,4 CORR,5 CODE,5 NAME,5 CORR
100,404,Economic Planning,0.9921064418998045,109,Internationalism: Negative,1.1172641717851595,305,Political Authority,1.135578818742025,203,Constitutionalism: Positive,1.143273203895464,108,European Community/Union: Positive,1.1444516202579977
101,706,Non-economic Demographic Groups,1.2026016824654668,414,Economic Orthodoxy,1.2143149922869418,403,Market Regulation,1.224400405405267,606,Civic Mindedness: Positive,1.2250247047305276,412,Controlled Economy,1.2267496674836753
103,412,Controlled Economy,1.192173665486845,701,Labour Groups: Positive,1.2087320504158736,404,Economic Planning,1.221490213966987,409,Keynesian Demand Management,1.2257853046025708,414,Economic Orthodoxy,1.236686496225805
104,404,Economic Planning,1.0291599480940175,414,Economic Orthodoxy,1.1454071143696132,203,Constitutionalism: Positive,1.1619305027533393,109,Internationalism: Negative,1.163919331579602,301,Federalism,1.186862086369503
105,409,Keynesian Demand Management,1.1086587353814785,502,Culture: Positive,1.1464061858378978,504,Welfare State Expansion,1.158147863696755,411,Technology and Infrastructure,1.1862399430605006,304,Political Corruption,1.188616070987571
107,404,Economic Planning,1.0456252983050334,608,Multiculturalism: Negative,1.1065686377552137,203,Constitutionalism: Positive,1.1573119425805212,605,Law and Order: Positive,1.1582852944470792,402,Incentives,1.1632025774743955
108,404,Economic Planning,1.043623865102377,410,Economic Growth: Positive,1.11473806790104,416,Anti-Growth Economy: Positive,1.1184283126960042,203,Constitutionalism: Positive,1.163939470812265,414,Economic Orthodoxy,1.1709502576737412
110,412,Controlled Economy,0.9919946936396674,402,Incentives,1.1558296691243535,401,Free Market Economy,1.1934706349581665,701,Labour Groups: Positive,1.2161308709004066,201,Freedom and Human Rights,1.231199331222141
199,404,Economic Planning,1.2607068260836956,703,Agriculture and Farmers: Positive,1.2651615686990363,408,Economic Goals,1.2695701508608013,301,Federalism,1.2820499326428896,203,Constitutionalism: Positive,1.2843003928762153
200,201,Freedom and Human Rights,1.1863076822873966,303,Governmental and Administrative Efficiency,1.2286554994244634,606,Civic Mindedness: Positive,1.240286554380315,607,Multiculturalism: Positive,1.2429886994522898,503,Equality: Positive,1.2511171084491506
201,503,Equality: Positive,1.12792706342999,607,Multiculturalism: Positive,1.2072782542064437,608,Multiculturalism: Negative,1.210903589122575,302,Centralisation,1.234470204938984,602,National Way of Life: Negative,1.2402941862116932
202,503,Equality: Positive,1.1149243925352297,604,Traditional Morality: Negative,1.2398683413325537,607,Multiculturalism: Positive,1.248699310489112,603,Traditional Morality: Positive,1.250614556981518,608,Multiculturalism: Negative,1.2581833129291935
204,503,Equality: Positive,1.1940903266995275,706,Non-economic Demographic Groups,1.1963318471024933,408,Economic Goals,1.216696348812985,204,Constitutionalism: Negative,1.2281599387633588,701,Labour Groups: Positive,1.2323691900212352
205,503,Equality: Positive,1.2066330710873547,608,Multiculturalism: Negative,1.2872680886667314,603,Traditional Morality: Positive,1.2894279057895999,607,Multiculturalism: Positive,1.2929393839301075,416,Anti-Growth Economy: Positive,1.299423697238923
206,108,European Community/Union: Positive,1.1314645402107242,506,Education Expansion,1.2017813185850144,507,Education Limitation,1.2244629799619438,304,Political Corruption,1.22558056382934,406,Protectionism: Positive,1.2270121935765654
207,201,Freedom and Human Rights,1.0790443404941363,607,Multiculturalism: Positive,1.1366374847674163,604,Traditional Morality: Negative,1.1406267620837747,603,Traditional Morality: Positive,1.1429375859183322,109,Internationalism: Negative,1.2034801732529434
208,413,Nationalisation,1.1174923928809226,604,Traditional Morality: Negative,1.1532015267491669,405,Corporatism/ Mixed Economy,1.169931243155566,412,Controlled Economy,1.172159312239674,305,Political Authority,1.1724779528309586
209,415,Marxist Analysis: Positive,0.9776287515095793,301,Federalism,1.2063816574019377,602,National Way of Life: Negative,1.2160432425525785,103,Anti-Imperialism,1.2215081996782746,109,Internationalism: Negative,1.225602947650772
299,201,Freedom and Human Rights,1.1849845032427715,303,Governmental and Administrative Efficiency,1.230710649325492,606,Civic Mindedness: Positive,1.2383301271316312,204,Constitutionalism: Negative,1.2594790896228951,607,Multiculturalism: Positive,1.2599104325601065
300,305,Political Authority,1.02711778383147,504,Welfare State Expansion,1.0530428006107024,505,Welfare State Limitation,1.0732427378019107,405,Corporatism/ Mixed Economy,1.1184894868317063,404,Economic Planning,1.1200684634212155
301,504,Welfare State Expansion,1.0532214627733938,505,Welfare State Limitation,1.1061234047027606,408,Economic Goals,1.1133998175152755,506,Education Expansion,1.1835415860485063,414,Economic Orthodoxy,1.1909644161758308
302,504,Welfare State Expansion,1.1650952880246517,507,Education Limitation,1.1986309784822367,412,Controlled Economy,1.2059282450879087,401,Free Market Economy,1.2261540560314215,303,Governmental and Administrative Efficiency,1.2288986875391745
321,411,Technology and Infrastructure,1.2563653739662708,507,Education Limitation,1.2582214745705886,506,Education Expansion,1.266930475359757,504,Welfare State Expansion,1.2670991800296054,505,Welfare State Limitation,1.2675606680843936
322,504,Welfare State Expansion,1.2057844432109779,507,Education Limitation,1.2190449553434681,303,Governmental and Administrative Efficiency,1.2350158139223624,413,Nationalisation,1.2470800185816704,704,Middle Class and Professional Groups,1.2470826057074236
323,408,Economic Goals,1.215813037261203,703,Agriculture and Farmers: Positive,1.2283352509912933,505,Welfare State Limitation,1.2377363169087618,414,Economic Orthodoxy,1.243522500617708,204,Constitutionalism: Negative,1.2481424566838266
324,504,Welfare State Expansion,1.2254215705602034,503,Equality: Positive,1.2363353116517755,505,Welfare State Limitation,1.2421432870253557,304,Political Corruption,1.2422551617765416,603,Traditional Morality: Positive,1.2469414391115434
325,504,Welfare State Expansion,1.0758078093781425,411,Technology and Infrastructure,1.0868065062812584,505,Welfare State Limitation,1.0985584274595082,402,Incentives,1.126540426740552,704,Middle Class and Professional Groups,1.147698886050862
331,703,Agriculture and Farmers: Positive,1.0905549402035242,408,Economic Goals,1.1196524104103924,204,Constitutionalism: Negative,1.1466786119975565,107,Internationalism: Positive,1.1617230779422523,415,Marxist Analysis: Positive,1.1717721180107812
332,504,Welfare State Expansion,1.0310997386581902,505,Welfare State Limitation,1.1444075760574508,706,Non-economic Demographic Groups,1.2085666293258206,507,Education Limitation,1.2121821881056438,503,Equality: Positive,1.2160108771282463
333,504,Welfare State Expansion,1.0775348061001522,505,Welfare State Limitation,1.1225898157707694,411,Technology and Infrastructure,1.257134773635682,503,Equality: Positive,1.2595126589794055,409,Keynesian Demand Management,1.2602067944487598
334,504,Welfare State Expansion,1.0543327853186235,505,Welfare State Limitation,1.1156389161216471,411,Technology and Infrastructure,1.2362004138479996,303,Governmental and Administrative Efficiency,1.236970924201563,402,Incentives,1.245421082224931
335,414,Economic Orthodoxy,1.206163696310728,109,Internationalism: Negative,1.2099264286930596,203,Constitutionalism: Positive,1.2127019205114984,404,Economic Planning,1.212748259685148,409,Keynesian Demand Management,1.2366322967577807
341,507,Education Limitation,1.117719214872129,504,Welfare State Expansion,1.1602035977508722,503,Equality: Positive,1.1697828758627227,411,Technology and Infrastructure,1.184790244543078,506,Education Expansion,1.2305326363497004
342,507,Education Limitation,1.141497307043785,504,Welfare State Expansion,1.167297713829368,503,Equality: Positive,1.1682852276270113,411,Technology and Infrastructure,1.2045320740003584,603,Traditional Morality: Positive,1.243249985799141
398,504,Welfare State Expansion,1.0633713606404962,505,Welfare State Limitation,1.1095284341409206,416,Anti-Growth Economy: Positive,1.144522455198142,411,Technology and Infrastructure,1.145050158586656,507,Education Limitation,1.1692095120617632
399,504,Welfare State Expansion,1.066010455962187,505,Welfare State Limitation,1.1202902944984696,506,Education Expansion,1.2471773412857536,411,Technology and Infrastructure,1.2476445852908977,409,Keynesian Demand Management,1.26838865566607
400,404,Economic Planning,0.9721362770299147,305,Political Authority,1.0283201638306032,703,Agriculture and Farmers: Positive,1.0334975760996015,405,Corporatism/ Mixed Economy,1.0890074334736888,302,Centralisation,1.0981829383369535
401,702,Labour Groups: Negative,1.0702830228818083,405,Corporatism/ Mixed Economy,1.104870285739684,407,Protectionism: Negative,1.133089836030384,703,Agriculture and Farmers: Positive,1.1488102764356596,109,Internationalism: Negative,1.1496291598290544
402,413,Nationalisation,1.0993715210679054,703,Agriculture and Farmers: Positive,1.105704638224606,404,Economic Planning,1.1113944350706422,405,Corporatism/ Mixed Economy,1.11265875928244,412,Controlled Economy,1.1175880609147333
403,703,Agriculture and Farmers: Positive,1.1946872960313213,412,Controlled Economy,1.2314688854694273,406,Protectionism: Positive,1.2402382201370026,408,Economic Goals,1.2440490411336755,501,Environmental Protection: Positive,1.2467119118995418
404,703,Agriculture and Farmers: Positive,1.10688792503365,403,Market Regulation,1.1880023347535664,410,Economic Growth: Positive,1.2137066158268892,411,Technology and Infrastructure,1.2155388786140964,401,Free Market Economy,1.216449948282139
405,412,Controlled Economy,1.172585230278057,501,Environmental Protection: Positive,1.1941815827985067,401,Free Market Economy,1.2114159857663045,201,Freedom and Human Rights,1.2308751389238362,504,Welfare State Expansion,1.2544227098977043
408,103,Anti-Imperialism,1.2052462586990258,416,Anti-Growth Economy: Positive,1.235573832668898,703,Agriculture and Farmers: Positive,1.236818259350456,501,Environmental Protection: Positive,1.2407447296587586,401,Free Market Economy,1.2602228190837945
498,703,Agriculture and Farmers: Positive,1.1252713798545675,416,Anti-Growth Economy: Positive,1.152670806964032,507,Education Limitation,1.1733519930013954,411,Technology and Infrastructure,1.174904583822446,410,Economic Growth: Positive,1.2407284608665734
499,703,Agriculture and Farmers: Positive,1.0937454739542003,404,Economic Planning,1.261717114809147,607,Multiculturalism: Positive,1.2669893149459441,408,Economic Goals,1.2673553773126602,416,Anti-Growth Economy: Positive,1.2715544915013837
500,404,Economic Planning,0.9883168281489023,412,Controlled Economy,1.0787548186561589,405,Corporatism/ Mixed Economy,1.0921994547078373,302,Centralisation,1.106913609655762,414,Economic Orthodoxy,1.1135886033103675
501,406,Protectionism: Positive,1.1132593816874927,407,Protectionism: Negative,1.185104543434998,503,Equality: Positive,1.1984832504400462,501,Environmental Protection: Positive,1.2092913207707798,403,Market Regulation,1.2237594705171138
502,411,Technology and Infrastructure,1.1788933777553101,416,Anti-Growth Economy: Positive,1.1813657511694131,701,Labour Groups: Positive,1.1996100310059878,412,Controlled Economy,1.2237226212602943,504,Welfare State Expansion,1.2295114780292282
503,405,Corporatism/ Mixed Economy,1.097851444108948,701,Labour Groups: Positive,1.1350590098397135,412,Controlled Economy,1.2277018946020792,402,Incentives,1.2311534913955011,504,Welfare State Expansion,1.2316939325325864
504,701,Labour Groups: Positive,1.2111410013986796,110,European Community/Union: Negative,1.2151198512877228,102,Foreign Special Relationships: Negative,1.2203051986154079,404,Economic Planning,1.2219859013024832,405,Corporatism/ Mixed Economy,1.2264348415048598
505,701,Labour Groups: Positive,1.0217466122242163,412,Controlled Economy,1.043690372650092,605,Law and Order: Positive,1.159529722465236,402,Incentives,1.1747825611190055,503,Equality: Positive,1.1847972464731202
506,504,Welfare State Expansion,1.155897222088166,701,Labour Groups: Positive,1.1923715345437622,411,Technology and Infrastructure,1.2079036146126312,503,Equality: Positive,1.220651836103484,706,Non-economic Demographic Groups,1.2269128273150152
529,701,Labour Groups: Positive,1.2577170092654226,405,Corporatism/ Mixed Economy,1.2613101906931399,706,Non-economic Demographic Groups,1.2725544525464736,503,Equality: Positive,1.2766275523926078,412,Controlled Economy,1.2804074833614285
599,404,Economic Planning,1.0457480243748178,203,Constitutionalism: Positive,1.1459211933682862,109,Internationalism: Negative,1.1507333252906173,414,Economic Orthodoxy,1.2111463943209733,301,Federalism,1.2147471078665857
600,404,Economic Planning,0.9219234717224849,305,Political Authority,1.0007421143515587,507,Education Limitation,1.0448292408503412,302,Centralisation,1.108169882801819,108,European Community/Union: Positive,1.1185476102353333
601,507,Education Limitation,1.061118123027792,302,Centralisation,1.1559482418939633,411,Technology and Infrastructure,1.1693403458498195,506,Education Expansion,1.182821511252271,409,Keynesian Demand Management,1.2221641278243842
602,506,Education Expansion,1.0511353010125999,507,Education Limitation,1.1149969261648927,607,Multiculturalism: Positive,1.1647418632699102,104,Military: Positive,1.1915635557769866,504,Welfare State Expansion,1.197612972179368
603,507,Education Limitation,1.0829778845771874,503,Equality: Positive,1.1313617881835931,411,Technology and Infrastructure,1.1436265014862501,506,Education Expansion,1.1473375761528202,504,Welfare State Expansion,1.1693868396584863
604,507,Education Limitation,1.1053897309303287,411,Technology and Infrastructure,1.179371981947083,506,Education Expansion,1.1869709260005712,706,Non-economic Demographic Groups,1.2010497702144336,504,Welfare State Expansion,1.2079567125520208
606,102,Foreign Special Relationships: Negative,1.086640247402598,101,Foreign Special Relationships: Positive,1.0868772301426417,705,Underprivileged Minority Groups,1.117744305693342,507,Education Limitation,1.1454626345224563,607,Multiculturalism: Positive,1.1525458552786787
607,411,Technology and Infrastructure,1.0835148979532396,703,Agriculture and Farmers: Positive,1.1180642372607232,507,Education Limitation,1.121153243241225,408,Economic Goals,1.1439932261427341,107,Internationalism: Positive,1.146312986367233
698,507,Education Limitation,1.0173305279867544,411,Technology and Infrastructure,1.0943947259285507,416,Anti-Growth Economy: Positive,1.1519740080247853,506,Education Expansion,1.1677807638702216,608,Multiculturalism: Negative,1.2333329627507859
699,404,Economic Planning,1.05298717810423,507,Education Limitation,1.115487003285537,203,Constitutionalism: Positive,1.1283184568391211,109,Internationalism: Negative,1.1620526661766293,411,Technology and Infrastructure,1.18418095091078
700,404,Economic Planning,0.9052199989014286,305,Political Authority,1.0130773455981255,302,Centralisation,1.0988022665588382,405,Corporatism/ Mixed Economy,1.1141220710002664,108,European Community/Union: Positive,1.12180754432559
701,605,Law and Order: Positive,1.1780876078240863,607,Multiculturalism: Positive,1.189504166652403,402,Incentives,1.2005268617129974,501,Environmental Protection: Positive,1.2212178521901997,416,Anti-Growth Economy: Positive,1.2225073035676046
703,503,Equality: Positive,1.2254622153930184,416,Anti-Growth Economy: Positive,1.2376407149044182,305,Political Authority,1.2549969221098356,501,Environmental Protection: Positive,1.2680631024284985,414,Economic Orthodoxy,1.2765680815435072
704,503,Equality: Positive,1.2196714858860218,416,Anti-Growth Economy: Positive,1.2734439475782648,702,Labour Groups: Negative,1.2757605318892788,501,Environmental Protection: Positive,1.2802816706905153,411,Technology and Infrastructure,1.2803256343278455
705,501,Environmental Protection: Positive,1.1157921759235079,416,Anti-Growth Economy: Positive,1.2293181059858647,412,Controlled Economy,1.2589283695295819,304,Political Corruption,1.2693022151670714,303,Governmental and Administrative Efficiency,1.2698364248609502
707,501,Environmental Protection: Positive,1.238507476675262,416,Anti-Growth Economy: Positive,1.2443156121675225,506,Education Expansion,1.2677025841566085,303,Governmental and Administrative Efficiency,1.2684811296607605,608,Multiculturalism: Negative,1.2689754920425453
708,501,Environmental Protection: Positive,1.1983880667805573,416,Anti-Growth Economy: Positive,1.2026402637900355,502,Culture: Positive,1.2731426574906772,413,Nationalisation,1.2736060548029644,408,Economic Goals,1.27461362965737
709,407,Protectionism: Negative,1.1234723034948593,501,Environmental Protection: Positive,1.1364191949690683,403,Market Regulation,1.1773347720745424,607,Multiculturalism: Positive,1.1788608009275745,605,Law and Order: Positive,1.183946546060252
711,413,Nationalisation,1.1797692121279226,501,Environmental Protection: Positive,1.2440045003773563,416,Anti-Growth Economy: Positive,1.2561438850021425,607,Multiculturalism: Positive,1.2744801322393855,303,Governmental and Administrative Efficiency,1.2820476892273365
798,416,Anti-Growth Economy: Positive,1.0506161003145293,411,Technology and Infrastructure,1.139802381116321,501,Environmental Protection: Positive,1.1722967001709175,507,Education Limitation,1.1855184553934315,703,Agriculture and Farmers: Positive,1.2160511901463675
799,416,Anti-Growth Economy: Positive,1.1760779677213922,501,Environmental Protection: Positive,1.2042560632059662,703,Agriculture and Farmers: Positive,1.2596544275922648,607,Multiculturalism: Positive,1.2723066336042776,404,Economic Planning,1.2737976547921879
800,404,Economic Planning,0.9099049082692672,303,Governmental and Administrative Efficiency,1.103037959881198,302,Centralisation,1.1102133889150922,405,Corporatism/ Mixed Economy,1.1129894442420838,412,Controlled Economy,1.1165769024079584
801,505,Welfare State Limitation,1.1379334332144257,104,Military: Positive,1.157414995347598,504,Welfare State Expansion,1.1958480807034537,105,Military: Negative,1.1994814340107984,605,Law and Order: Positive,1.2029346517169253
802,701,Labour Groups: Positive,1.1555537869788974,305,Political Authority,1.1786985007433233,108,European Community/Union: Positive,1.1982852427124429,304,Political Corruption,1.2419202198363437,404,Economic Planning,1.2599195194571784
803,501,Environmental Protection: Positive,1.232873342369125,414,Economic Orthodoxy,1.241909825518774,403,Market Regulation,1.2593939529801772,409,Keynesian Demand Management,1.261362453667242,412,Controlled Economy,1.262960893477656
805,410,Economic Growth: Positive,1.1406002620181437,702,Labour Groups: Negative,1.1699889687136626,405,Corporatism/ Mixed Economy,1.1705445721553895,407,Protectionism: Negative,1.1710324093787066,105,Military: Negative,1.1719420699348442
806,702,Labour Groups: Negative,1.134601370271672,304,Political Corruption,1.1363541165681672,105,Military: Negative,1.1661894777777178,301,Federalism,1.2344108732414403,416,Anti-Growth Economy: Positive,1.2481652955970464
807,303,Governmental and Administrative Efficiency,1.0574790272062025,105,Military: Negative,1.1206372442810673,413,Nationalisation,1.1281269802133793,405,Corporatism/ Mixed Economy,1.1394322311623963,410,Economic Growth: Positive,1.1466761364663665
898,416,Anti-Growth Economy: Positive,1.1595179850098682,411,Technology and Infrastructure,1.1763016374760353,507,Education Limitation,1.1876657606870726,506,Education Expansion,1.2434185018487218,410,Economic Growth: Positive,1.2497182408979153
899,703,Agriculture and Farmers: Positive,1.2533597732108317,304,Political Corruption,1.2748160441746854,303,Governmental and Administrative Efficiency,1.2756374172683922,702,Labour Groups: Negative,1.2758595536462773,408,Economic Goals,1.2851456169112772
900,601,National Way of Life: Positive,1.2173939644121965,109,Internationalism: Negative,1.2526966358019953,608,Multiculturalism: Negative,1.2544358461147886,605,Law and Order: Positive,1.2679116551599356,604,Traditional Morality: Negative,1.269928611827389
1000,404,Economic Planning,0.9500738427512497,302,Centralisation,1.091292624505234,405,Corporatism/ Mixed Economy,1.0951685110939442,412,Controlled Economy,1.0967822742858018,303,Governmental and Administrative Efficiency,1.1302076858308092
1001,502,Culture: Positive,1.1506313393824925,507,Education Limitation,1.218113918373607,411,Technology and Infrastructure,1.2201400235255275,504,Welfare State Expansion,1.2311784161622075,412,Controlled Economy,1.2368520516261277
1002,504,Welfare State Expansion,1.1322027201850358,502,Culture: Positive,1.159494121790307,409,Keynesian Demand Management,1.1897405551042555,411,Technology and Infrastructure,1.1900780598444036,603,Traditional Morality: Positive,1.2006946018060065
1003,411,Technology and Infrastructure,1.1609934332195013,412,Controlled Economy,1.179006225767502,401,Free Market Economy,1.1822306479313345,201,Freedom and Human Rights,1.210675602087599,303,Governmental and Administrative Efficiency,1.2473551477795484
1005,704,Middle Class and Professional Groups,1.1686641564074385,416,Anti-Growth Economy: Positive,1.18293924123837,411,Technology and Infrastructure,1.2249519968305689,303,Governmental and Administrative Efficiency,1.2492731033018138,410,Economic Growth: Positive,1.2499907842483788
1007,505,Welfare State Limitation,1.1595463356029951,504,Welfare State Expansion,1.1813188984049816,104,Military: Positive,1.1946233366159447,605,Law and Order: Positive,1.2028775430492193,411,Technology and Infrastructure,1.232095605193487
1010,411,Technology and Infrastructure,1.1012944649406555,502,Culture: Positive,1.1260252029767455,409,Keynesian Demand Management,1.1392681772257398,504,Welfare State Expansion,1.1411820763290805,507,Education Limitation,1.1885004641555024
1098,411,Technology and Infrastructure,1.1331907305151738,507,Education Limitation,1.1608996124539992,416,Anti-Growth Economy: Positive,1.164618879921388,506,Education Expansion,1.23902242883328,410,Economic Growth: Positive,1.2401602321319414
1099,411,Technology and Infrastructure,1.2294467036548735,703,Agriculture and Farmers: Positive,1.2554786815222836,110,European Community/Union: Negative,1.2669615819297408,505,Welfare State Limitation,1.2744081056172698,507,Education Limitation,1.2768167821963312
1200,605,Law and Order: Positive,1.0672249261376243,701,Labour Groups: Positive,1.1224271563050627,305,Political Authority,1.13743902534467,604,Traditional Morality: Negative,1.1430715971983518,108,European Community/Union: Positive,1.155774283253241
1201,608,Multiculturalism: Negative,1.0757118780381116,605,Law and Order: Positive,1.079563719454198,301,Federalism,1.1873225055662042,202,Democracy,1.2158458217247594,204,Constitutionalism: Negative,1.2169208617055889
1202,704,Middle Class and Professional Groups,1.0863527952104326,605,Law and Order: Positive,1.1848817194473733,304,Political Corruption,1.2597283092905367,503,Equality: Positive,1.2646200106830665,606,Civic Mindedness: Positive,1.2724393391293745
1203,605,Law and Order: Positive,1.0793459361868183,608,Multiculturalism: Negative,1.2044860518309468,202,Democracy,1.206825049707215,107,Internationalism: Positive,1.2134796613013747,109,Internationalism: Negative,1.2138131263415997
1204,303,Governmental and Administrative Efficiency,1.171048527710954,302,Centralisation,1.2080891409067156,404,Economic Planning,1.224513942809815,202,Democracy,1.226978412367772,203,Constitutionalism: Positive,1.2274426273221595
1205,302,Centralisation,1.2433236038029671,110,European Community/Union: Negative,1.2470471498736255,414,Economic Orthodoxy,1.259124889716558,303,Governmental and Administrative Efficiency,1.2603573646851007,507,Education Limitation,1.2645075532674792
1206,605,Law and Order: Positive,1.1553749681136753,503,Equality: Positive,1.199282002422195,304,Political Corruption,1.209680474046671,302,Centralisation,1.2329525326243271,105,Military: Negative,1.2419573987448116
1207,503,Equality: Positive,1.1554246218384598,504,Welfare State Expansion,1.1776437500738786,604,Traditional Morality: Negative,1.235788617555906,603,Traditional Morality: Positive,1.2459571207056612,607,Multiculturalism: Positive,1.2620380364816601
1208,605,Law and Order: Positive,1.0617263217692638,604,Traditional Morality: Negative,1.1192260760521875,504,Welfare State Expansion,1.1311243417481542,603,Traditional Morality: Positive,1.1527685904532499,202,Democracy,1.167945345766084
1210,605,Law and Order: Positive,1.0810894003861395,607,Multiculturalism: Positive,1.1624122215996089,606,Civic Mindedness: Positive,1.186467950774055,303,Governmental and Administrative Efficiency,1.198335268850106,201,Freedom and Human Rights,1.2076630183053305
1211,412,Controlled Economy,1.107407059774532,605,Law and Order: Positive,1.1557601957553056,201,Freedom and Human Rights,1.2140230889235177,401,Free Market Economy,1.2164947560278438,304,Political Corruption,1.216909687979447
1227,605,Law and Order: Positive,0.9860819978244452,607,Multiculturalism: Positive,1.107571154657736,101,Foreign Special Relationships: Positive,1.120293207744928,102,Foreign Special Relationships: Negative,1.129755110891035,505,Welfare State Limitation,1.1307452746018767
1299,605,Law and Order: Positive,1.0843930487593616,604,Traditional Morality: Negative,1.1356818544832086,603,Traditional Morality: Positive,1.1872818132677827,202,Democracy,1.2161704600085137,204,Constitutionalism: Negative,1.240108296533561
1300,404,Economic Planning,1.0285531617520882,505,Welfare State Limitation,1.050095197400166,203,Constitutionalism: Positive,1.1166187627600292,109,Internationalism: Negative,1.1249872912699985,504,Welfare State Expansion,1.1323244088163604
1302,402,Incentives,1.1395048671386,706,Non-economic Demographic Groups,1.2002747582325417,409,Keynesian Demand Management,1.2022044050020753,410,Economic Growth: Positive,1.206843047541495,504,Welfare State Expansion,1.2110059302610223
1303,412,Controlled Economy,1.087150890141037,404,Economic Planning,1.119871973787948,302,Centralisation,1.121362336762814,413,Nationalisation,1.1280358916658926,405,Corporatism/ Mixed Economy,1.1358569228065492
1304,101,Foreign Special Relationships: Positive,1.109464418644131,107,Internationalism: Positive,1.1538516731886863,706,Non-economic Demographic Groups,1.1652731800843859,503,Equality: Positive,1.1813090841356715,410,Economic Growth: Positive,1.183653042205232
1305,607,Multiculturalism: Positive,1.1828554122603516,605,Law and Order: Positive,1.208270563421914,107,Internationalism: Positive,1.243774320196083,608,Multiculturalism: Negative,1.2523020407274144,502,Culture: Positive,1.2547192305259407
1308,504,Welfare State Expansion,1.0592085505726145,505,Welfare State Limitation,1.1281971124584824,503,Equality: Positive,1.2426294267705442,604,Traditional Morality: Negative,1.2574281891763373,506,Education Expansion,1.262547944611144
1399,404,Economic Planning,1.0308148514818787,505,Welfare State Limitation,1.0665542930048704,203,Constitutionalism: Positive,1.1139429598118074,109,Internationalism: Negative,1.1458467875928304,504,Welfare State Expansion,1.1539165639622786
1400,504,Welfare State Expansion,1.1921037195359165,404,Economic Planning,1.2124740412813928,416,Anti-Growth Economy: Positive,1.2313620910257579,302,Centralisation,1.250241586624128,608,Multiculturalism: Negative,1.2515681952142599
1401,109,Internationalism: Negative,1.072254606432347,404,Economic Planning,1.0735262133845551,416,Anti-Growth Economy: Positive,1.1219059473669615,602,National Way of Life: Negative,1.1261826791214944,504,Welfare State Expansion,1.1368832753907683
1403,416,Anti-Growth Economy: Positive,1.1375586625681346,701,Labour Groups: Positive,1.150279902160257,305,Political Authority,1.1534750124387505,108,European Community/Union: Positive,1.1565107706074718,608,Multiculturalism: Negative,1.230729812983602
1404,504,Welfare State Expansion,1.1857536227296472,409,Keynesian Demand Management,1.260255054002546,703,Agriculture and Farmers: Positive,1.2615130322119612,416,Anti-Growth Economy: Positive,1.2623944121153738,404,Economic Planning,1.2629801543897305
1405,416,Anti-Growth Economy: Positive,1.0387372575094063,404,Economic Planning,1.0511627703616342,405,Corporatism/ Mixed Economy,1.1041271228233032,410,Economic Growth: Positive,1.1177061081236763,705,Underprivileged Minority Groups,1.1341899125985022
1406,504,Welfare State Expansion,1.0562581275649219,409,Keynesian Demand Management,1.1301685598005606,502,Culture: Positive,1.1511437370687683,411,Technology and Infrastructure,1.1640499004369276,401,Free Market Economy,1.185759992123587
1407,105,Military: Negative,1.1459908155493814,504,Welfare State Expansion,1.1518567044246308,103,Anti-Imperialism,1.1854253667820942,104,Military: Positive,1.2070270114504875,706,Non-economic Demographic Groups,1.2183183722199686
1408,705,Underprivileged Minority Groups,1.1046777653300328,504,Welfare State Expansion,1.135175916782107,706,Non-economic Demographic Groups,1.2153214056438046,413,Nationalisation,1.240493709261673,408,Economic Goals,1.247813724505183
1409,504,Welfare State Expansion,1.1285264875612453,409,Keynesian Demand Management,1.1958872436915995,105,Military: Negative,1.2023142489911718,304,Political Corruption,1.2157212370852015,506,Education Expansion,1.2267710074491978
1498,416,Anti-Growth Economy: Positive,1.128542702009095,411,Technology and Infrastructure,1.1525520505370026,504,Welfare State Expansion,1.1671004398571478,507,Education Limitation,1.1674942592762472,608,Multiculturalism: Negative,1.2048313312318948
1499,416,Anti-Growth Economy: Positive,1.1262158267955136,504,Welfare State Expansion,1.15333552220443,608,Multiculturalism: Negative,1.1868144037564885,410,Economic Growth: Positive,1.2085140433297616,507,Education Limitation,1.210578773164359
1500,404,Economic Planning,1.0657793860269895,412,Controlled Economy,1.0667902064409822,405,Corporatism/ Mixed Economy,1.0672353119396738,302,Centralisation,1.0990007589919173,413,Nationalisation,1.1324939740521138
1501,414,Economic Orthodoxy,1.1361898429371107,602,National Way of Life: Negative,1.1444277365862672,402,Incentives,1.1507494248367534,109,Internationalism: Negative,1.155852796305654,202,Democracy,1.1749838802653292
1502,405,Corporatism/ Mixed Economy,1.2105202754727367,404,Economic Planning,1.2129300806900845,414,Economic Orthodoxy,1.2217839041927308,411,Technology and Infrastructure,1.2231284359429735,410,Economic Growth: Positive,1.2246303585710092
1504,403,Market Regulation,1.1829744086635594,414,Economic Orthodoxy,1.2458555464853192,402,Incentives,1.2464424463993846,401,Free Market Economy,1.2535606374533323,504,Welfare State Expansion,1.2550348837215621
1505,402,Incentives,1.158324243064571,504,Welfare State Expansion,1.1604960446896775,704,Middle Class and Professional Groups,1.1648798995586604,411,Technology and Infrastructure,1.1863469937305688,401,Free Market Economy,1.2134940234207239
1507,401,Free Market Economy,1.1542126752405872,103,Anti-Imperialism,1.171120839565978,201,Freedom and Human Rights,1.204128049224961,604,Traditional Morality: Negative,1.2336107026969458,405,Corporatism/ Mixed Economy,1.2337989142467678
1520,107,Internationalism: Positive,1.1256791036957348,302,Centralisation,1.222477431195072,304,Political Corruption,1.2341001412972616,403,Market Regulation,1.2356230386986138,404,Economic Planning,1.2358113137025148
1521,403,Market Regulation,1.1181402080605918,410,Economic Growth: Positive,1.1965968498952837,506,Education Expansion,1.2079074095570683,408,Economic Goals,1.2113729457851052,401,Free Market Economy,1.218880019158049
1522,401,Free Market Economy,1.1850618833063788,505,Welfare State Limitation,1.2406756379576709,603,Traditional Morality: Positive,1.2463706169265805,302,Centralisation,1.2476712495636795,604,Traditional Morality: Negative,1.2569906724739275
1523,501,Environmental Protection: Positive,1.2093757897952744,607,Multiculturalism: Positive,1.211147679949432,605,Law and Order: Positive,1.2145223969426016,107,Internationalism: Positive,1.2239241633058788,409,Keynesian Demand Management,1.2452569373730216
1524,404,Economic Planning,1.2286746140533582,703,Agriculture and Farmers: Positive,1.2346339163282825,412,Controlled Economy,1.2360244823312039,416,Anti-Growth Economy: Positive,1.2378086361668827,411,Technology and Infrastructure,1.2416327884032254
1525,403,Market Regulation,1.1592146189944887,605,Law and Order: Positive,1.1701085758348362,607,Multiculturalism: Positive,1.2016943991449793,407,Protectionism: Negative,1.228528677097138,504,Welfare State Expansion,1.238862272373518
1526,401,Free Market Economy,1.1914964557550447,201,Freedom and Human Rights,1.211929653029229,502,Culture: Positive,1.2123534084760592,603,Traditional Morality: Positive,1.2639094730603553,411,Technology and Infrastructure,1.269003026484331
1598,416,Anti-Growth Economy: Positive,1.151401643081997,411,Technology and Infrastructure,1.1607364970004543,507,Education Limitation,1.170886428044105,607,Multiculturalism: Positive,1.1733533661136633,605,Law and Order: Positive,1.2091478588934774
1599,404,Economic Planning,1.0421333135444264,109,Internationalism: Negative,1.1214936853010655,203,Constitutionalism: Positive,1.1364336429569153,605,Law and Order: Positive,1.172899195076855,607,Multiculturalism: Positive,1.1859228283421224
1600,404,Economic Planning,1.0466311266561024,305,Political Authority,1.1317199151477817,701,Labour Groups: Positive,1.1435747333132624,203,Constitutionalism: Positive,1.1448852861266912,109,Internationalism: Negative,1.1645616741582985
1602,107,Internationalism: Positive,1.0431393590463995,505,Welfare State Limitation,1.0713991243166923,104,Military: Positive,1.1565664537917077,402,Incentives,1.1671440346779807,605,Law and Order: Positive,1.176831285922938
1603,105,Military: Negative,1.1304548759362678,103,Anti-Imperialism,1.1666519887460174,104,Military: Positive,1.206558311194378,106,Peace,1.227270386203443,302,Centralisation,1.2342137637667179
1604,104,Military: Positive,1.0818634409824963,109,Internationalism: Negative,1.1542554593387955,103,Anti-Imperialism,1.1654243724668583,105,Military: Negative,1.1760759205309155,202,Democracy,1.194695133216359
1605,105,Military: Negative,1.2026799267493347,104,Military: Positive,1.2589219171390515,304,Political Corruption,1.2754223337900041,109,Internationalism: Negative,1.276626237255493,410,Economic Growth: Positive,1.282148993049329
1606,107,Internationalism: Positive,1.073137469819766,412,Controlled Economy,1.0801969552344903,101,Foreign Special Relationships: Positive,1.0953716146410708,105,Military: Negative,1.1134955170767036,410,Economic Growth: Positive,1.120004949771098
1608,105,Military: Negative,1.124005266471901,305,Political Authority,1.1517024086682799,108,European Community/Union: Positive,1.1692568461289052,701,Labour Groups: Positive,1.1702600330363662,103,Anti-Imperialism,1.1761930980261353
1610,105,Military: Negative,1.1307126289455542,104,Military: Positive,1.1692242987857981,704,Middle Class and Professional Groups,1.1742247653675677,103,Anti-Imperialism,1.1942429509399048,106,Peace,1.2047434270926856
1611,413,Nationalisation,1.121852590098938,105,Military: Negative,1.139372969731919,103,Anti-Imperialism,1.184290150647232,104,Military: Positive,1.2061822635694532,106,Peace,1.2367679228744861
1612,105,Military: Negative,1.1738445008522147,103,Anti-Imperialism,1.1907075270169767,104,Military: Positive,1.2004334577114464,106,Peace,1.2200271916844916,302,Centralisation,1.2462235166941882
1614,105,Military: Negative,1.077126326776175,416,Anti-Growth Economy: Positive,1.1673618151822573,104,Military: Positive,1.1692673702336027,103,Anti-Imperialism,1.1716706113892004,501,Environmental Protection: Positive,1.203144509826218
1615,605,Law and Order: Positive,1.0675586454487132,505,Welfare State Limitation,1.1028319303347427,109,Internationalism: Negative,1.1065867649617214,602,National Way of Life: Negative,1.1239706278010402,601,National Way of Life: Positive,1.151912672722553
1616,105,Military: Negative,1.127110704910226,704,Middle Class and Professional Groups,1.155851833068897,103,Anti-Imperialism,1.1655665185746296,104,Military: Positive,1.186832950623939,411,Technology and Infrastructure,1.1906138493324079
1617,105,Military: Negative,1.1187343867827069,103,Anti-Imperialism,1.1519758287759374,104,Military: Positive,1.1931167942999152,302,Centralisation,1.212608682293743,304,Political Corruption,1.220383557541016
1619,105,Military: Negative,1.0236345079942821,103,Anti-Imperialism,1.130224523092821,412,Controlled Economy,1.138450208320022,109,Internationalism: Negative,1.1499661810702468,104,Military: Positive,1.177423986487681
1620,105,Military: Negative,1.1258283464070291,103,Anti-Imperialism,1.1631762501577985,104,Military: Positive,1.2015423715890885,106,Peace,1.2026482025078375,302,Centralisation,1.226332062009247
1698,416,Anti-Growth Economy: Positive,1.1770730067411734,411,Technology and Infrastructure,1.1897045832834374,507,Education Limitation,1.1964250429362018,506,Education Expansion,1.2541808376043486,410,Economic Growth: Positive,1.2572377447938854
1699,404,Economic Planning,1.0667842622304975,203,Constitutionalism: Positive,1.1283179424484384,109,Internationalism: Negative,1.1739863868204863,301,Federalism,1.2240126302431402,414,Economic Orthodoxy,1.2337960944391166
1700,411,Technology and Infrastructure,1.1026228752716762,701,Labour Groups: Positive,1.163294551770687,108,European Community/Union: Positive,1.1838295508773329,305,Political Authority,1.1844708681036475,502,Culture: Positive,1.2312969970845342
1701,105,Military: Negative,1.0560120562490765,410,Economic Growth: Positive,1.119822892253752,404,Economic Planning,1.122549648868623,412,Controlled Economy,1.127120393064379,415,Marxist Analysis: Positive,1.1342067629392458
1704,410,Economic Growth: Positive,1.0593109702629626,502,Culture: Positive,1.1496256098833344,303,Governmental and Administrative Efficiency,1.1609631797953701,103,Anti-Imperialism,1.1727463667845688,416,Anti-Growth Economy: Positive,1.1757161794028845
1705,107,Internationalism: Positive,1.1070715889197067,411,Technology and Infrastructure,1.148025579360076,109,Internationalism: Negative,1.164751572398445,202,Democracy,1.1853670504564107,507,Education Limitation,1.2315522153151708
1706,411,Technology and Infrastructure,1.1898826076873212,303,Governmental and Administrative Efficiency,1.2393040709776453,412,Controlled Economy,1.2422618359926774,505,Welfare State Limitation,1.2426292006623478,403,Market Regulation,1.2477785697294603
1707,704,Middle Class and Professional Groups,1.2384839399928653,411,Technology and Infrastructure,1.2579797161723474,405,Corporatism/ Mixed Economy,1.2697202597481638,412,Controlled Economy,1.275933615296543,403,Market Regulation,1.2779018871629415
1708,411,Technology and Infrastructure,1.1705101733195795,507,Education Limitation,1.2565439641739045,416,Anti-Growth Economy: Positive,1.263267760596069,404,Economic Planning,1.2652941150928656,403,Market Regulation,1.2830983604812425
1709,505,Welfare State Limitation,1.124859824846058,704,Middle Class and Professional Groups,1.1539311754815629,605,Law and Order: Positive,1.1779506776244377,411,Technology and Infrastructure,1.1821284116344901,504,Welfare State Expansion,1.1969309092243035
1798,411,Technology and Infrastructure,0.9956662538381537,416,Anti-Growth Economy: Positive,1.160041162364609,507,Education Limitation,1.1868897937010499,703,Agriculture and Farmers: Positive,1.2217146691589347,408,Economic Goals,1.2505565832100214
1799,411,Technology and Infrastructure,1.0102698320569132,416,Anti-Growth Economy: Positive,1.1549324239324334,507,Education Limitation,1.1753726352309977,410,Economic Growth: Positive,1.2385768947145412,506,Education Expansion,1.239361505664967
1800,405,Corporatism/ Mixed Economy,0.9706898542742038,702,Labour Groups: Negative,1.088251687769213,404,Economic Planning,1.0912143141885131,302,Centralisation,1.1088755195288442,412,Controlled Economy,1.1099431260644255
1802,405,Corporatism/ Mixed Economy,1.0887720263162557,702,Labour Groups: Negative,1.1420823297542677,407,Protectionism: Negative,1.1456965552718674,402,Incentives,1.1890043219183437,204,Constitutionalism: Negative,1.2159187938820275
1803,412,Controlled Economy,1.0387452364986145,406,Protectionism: Positive,1.0430228730276085,401,Free Market Economy,1.1792293027987006,410,Economic Growth: Positive,1.2090867830767595,201,Freedom and Human Rights,1.21057809850404
1804,107,Internationalism: Positive,1.0891617518808911,507,Education Limitation,1.103338568276169,505,Welfare State Limitation,1.1048249269158252,416,Anti-Growth Economy: Positive,1.1273430352012208,401,Free Market Economy,1.1323704569569293
1806,605,Law and Order: Positive,1.1965213494321385,607,Multiculturalism: Positive,1.2008843419473094,412,Controlled Economy,1.217887100858057,303,Governmental and Administrative Efficiency,1.2202750719368616,402,Incentives,1.236081689058656
1807,406,Protectionism: Positive,1.1889050573179538,605,Law and Order: Positive,1.1982623107192627,607,Multiculturalism: Positive,1.214781035585816,412,Controlled Economy,1.2282530380114898,410,Economic Growth: Positive,1.2363124039471072
1808,304,Political Corruption,1.229092772420458,702,Labour Groups: Negative,1.237509130935869,408,Economic Goals,1.2522895727877617,404,Economic Planning,1.2567705437186454,414,Economic Orthodoxy,1.2610335489422246
1899,109,Internationalism: Negative,1.0357173181132378,404,Economic Planning,1.0454807397827968,405,Corporatism/ Mixed Economy,1.0877985095213503,702,Labour Groups: Negative,1.102787130505545,407,Protectionism: Negative,1.1183775664682647
1900,109,Internationalism: Negative,1.0393770179896804,107,Internationalism: Positive,1.0439198342622544,305,Political Authority,1.0529395904550776,410,Economic Growth: Positive,1.0832475958992465,101,Foreign Special Relationships: Positive,1.1271193636869514
1901,107,Internationalism: Positive,0.9086535847500814,101,Foreign Special Relationships: Positive,1.0631562585360474,109,Internationalism: Negative,1.065901581244586,410,Economic Growth: Positive,1.0846566097018693,409,Keynesian Demand Management,1.0985786866271408
1902,107,Internationalism: Positive,1.0885265230709864,202,Democracy,1.1235993695983728,109,Internationalism: Negative,1.1313934221246151,605,Law and Order: Positive,1.166445125651244,501,Environmental Protection: Positive,1.212257651705837
1905,702,Labour Groups: Negative,1.1378150121098292,408,Economic Goals,1.1420896543533328,411,Technology and Infrastructure,1.177029534817679,703,Agriculture and Farmers: Positive,1.1865036556790787,402,Incentives,1.1887062634105996
1906,107,Internationalism: Positive,1.005586972969249,416,Anti-Growth Economy: Positive,1.0828125852040078,109,Internationalism: Negative,1.0973170997788793,301,Federalism,1.106524712152999,414,Economic Orthodoxy,1.139735064881195
1910,110,European Community/Union: Negative,1.0736834575308893,108,European Community/Union: Positive,1.1783770303844097,701,Labour Groups: Positive,1.2727430712659955,107,Internationalism: Positive,1.2887786361647844,302,Centralisation,1.291297844140184
1921,101,Foreign Special Relationships: Positive,1.1089609301760797,102,Foreign Special Relationships: Negative,1.1163857014321805,607,Multiculturalism: Positive,1.128579076632805,110,European Community/Union: Negative,1.1320165697328826,107,Internationalism: Positive,1.1436367503094076
1925,304,Political Corruption,1.1957238014119935,605,Law and Order: Positive,1.1962535609634235,107,Internationalism: Positive,1.2034487810657053,201,Freedom and Human Rights,1.2451401544491125,501,Environmental Protection: Positive,1.2541396942682452
1926,107,Internationalism: Positive,1.0594766963392008,109,Internationalism: Negative,1.1258780559074437,202,Democracy,1.1727579379416364,606,Civic Mindedness: Positive,1.1808005986287617,602,National Way of Life: Negative,1.226684573968553
1927,107,Internationalism: Positive,1.0709311955747025,109,Internationalism: Negative,1.1110403526491732,202,Democracy,1.1595472684632007,601,National Way of Life: Positive,1.2201165427029401,605,Law and Order: Positive,1.2241094105166943
1929,109,Internationalism: Negative,1.099252586807902,101,Foreign Special Relationships: Positive,1.1670122560903684,102,Foreign Special Relationships: Negative,1.1724420708660364,110,European Community/Union: Negative,1.1803161325446407,108,European Community/Union: Positive,1.181409729898906
1999,109,Internationalism: Negative,1.0188567938583108,404,Economic Planning,1.0598575737914218,107,Internationalism: Positive,1.079380535893142,203,Constitutionalism: Positive,1.1466307725854936,202,Democracy,1.1712028239605683
2000,302,Centralisation,1.0001092083332062,305,Political Authority,1.0207446758261476,405,Corporatism/ Mixed Economy,1.0609537977574914,404,Economic Planning,1.0655254302532486,412,Controlled Economy,1.0854841122725063
2001,302,Centralisation,1.0068288622110844,404,Economic Planning,1.0244013496326492,405,Corporatism/ Mixed Economy,1.0756069722930908,412,Controlled Economy,1.1172468505876982,303,Governmental and Administrative Efficiency,1.1352908783220157
2002,302,Centralisation,0.9616955336149215,303,Governmental and Administrative Efficiency,0.9866054306816455,305,Political Authority,1.0218415563877226,404,Economic Planning,1.0575714678250243,304,Political Corruption,1.065182286012389
2003,303,Governmental and Administrative Efficiency,1.0866050396413909,704,Middle Class and Professional Groups,1.1598851652621218,504,Welfare State Expansion,1.18473461210038,201,Freedom and Human Rights,1.2039958276175768,606,Civic Mindedness: Positive,1.234556535432202
2004,303,Governmental and Administrative Efficiency,0.9831484276999455,305,Political Authority,1.0395183339152811,701,Labour Groups: Positive,1.0708126649688008,405,Corporatism/ Mixed Economy,1.0994042026201876,108,European Community/Union: Positive,1.1136981039773224
2005,204,Constitutionalism: Negative,1.2666842189755532,102,Foreign Special Relationships: Negative,1.2730602638030113,413,Nationalisation,1.2733331905785006,101,Foreign Special Relationships: Positive,1.2737486838182792,702,Labour Groups: Negative,1.2789354086540685
2006,408,Economic Goals,1.2116277362504204,414,Economic Orthodoxy,1.226153325834202,703,Agriculture and Farmers: Positive,1.2394254554947315,607,Multiculturalism: Positive,1.2423863876192436,413,Nationalisation,1.2426391441541806
2007,302,Centralisation,1.0233311900986555,404,Economic Planning,1.0667165683591942,405,Corporatism/ Mixed Economy,1.0771922609751674,303,Governmental and Administrative Efficiency,1.0948917919522343,412,Controlled Economy,1.1064214875550171
2008,302,Centralisation,1.0207683761641502,404,Economic Planning,1.0369419324293694,412,Controlled Economy,1.0753699642100583,413,Nationalisation,1.10009823076013,405,Corporatism/ Mixed Economy,1.1001294367963137
2009,608,Multiculturalism: Negative,1.081676639379222,303,Governmental and Administrative Efficiency,1.1425847171205332,402,Incentives,1.1469095727647192,605,Law and Order: Positive,1.1637909916193083,404,Economic Planning,1.2017208749714932
2010,502,Culture: Positive,1.1872215818201712,409,Keynesian Demand Management,1.1909428322412534,504,Welfare State Expansion,1.223769603408507,606,Civic Mindedness: Positive,1.2286974045908687,302,Centralisation,1.2346675620214806
2011,302,Centralisation,0.7892398379740738,404,Economic Planning,1.035853859814607,405,Corporatism/ Mixed Economy,1.0929356304747342,412,Controlled Economy,1.103412451405901,204,Constitutionalism: Negative,1.1064941299770488
2012,302,Centralisation,1.0323375992485353,304,Political Corruption,1.1016055241034872,103,Anti-Imperialism,1.159578000448869,202,Democracy,1.161462370549192,201,Freedom and Human Rights,1.1663361273477266
2013,302,Centralisation,1.0611616070541143,404,Economic Planning,1.0641987998722207,405,Corporatism/ Mixed Economy,1.0999978930529206,412,Controlled Economy,1.1160694260572543,413,Nationalisation,1.1698909951771679
2014,502,Culture: Positive,1.2513997505495162,302,Centralisation,1.2693735586082817,602,National Way of Life: Negative,1.2729107157084345,505,Welfare State Limitation,1.2760833014758974,405,Corporatism/ Mixed Economy,1.281072043447584
2015,404,Economic Planning,1.1288294041655156,412,Controlled Economy,1.1379872917928449,302,Centralisation,1.1665166586034672,405,Corporatism/ Mixed Economy,1.1698698120157802,410,Economic Growth: Positive,1.1723993949515534
2030,602,National Way of Life: Negative,1.0951186055647504,109,Internationalism: Negative,1.1652894214798304,601,National Way of Life: Positive,1.1877772384215908,202,Democracy,1.226331812957101,102,Foreign Special Relationships: Negative,1.24155613613793
2099,302,Centralisation,0.9979200969237169,404,Economic Planning,1.064484229808948,405,Corporatism/ Mixed Economy,1.097176796840745,412,Controlled Economy,1.1163632695958867,303,Governmental and Administrative Efficiency,1.160269591937169
2100,701,Labour Groups: Positive,1.1465263314296512,305,Political Authority,1.154361343976926,502,Culture: Positive,1.1702200287272304,409,Keynesian Demand Management,1.1736007155329253,108,European Community/Union: Positive,1.1783651165796531
2101,502,Culture: Positive,1.1151158727230583,607,Multiculturalism: Positive,1.1262395675246135,602,National Way of Life: Negative,1.1511501933764374,608,Multiculturalism: Negative,1.1601443443954587,501,Environmental Protection: Positive,1.1755469151610225
2102,706,Non-economic Demographic Groups,1.1340068493889515,402,Incentives,1.195621240634528,409,Keynesian Demand Management,1.1988822337809848,606,Civic Mindedness: Positive,1.2054030278565424,107,Internationalism: Positive,1.2058716330347259
2103,501,Environmental Protection: Positive,1.1399095118993081,502,Culture: Positive,1.1750604636573783,504,Welfare State Expansion,1.1902486166716078,409,Keynesian Demand Management,1.1953034172786916,413,Nationalisation,1.1984676103692145
2104,201,Freedom and Human Rights,1.140210585159285,412,Controlled Economy,1.1628745364478892,416,Anti-Growth Economy: Positive,1.1660806868179538,411,Technology and Infrastructure,1.1790096463388395,303,Governmental and Administrative Efficiency,1.1849839148336272
2105,203,Constitutionalism: Positive,1.2055683835253284,109,Internationalism: Negative,1.2201815023161873,302,Centralisation,1.2328767587719236,105,Military: Negative,1.242398907425662,301,Federalism,1.2427325593086447
2199,404,Economic Planning,1.0478889334445238,203,Constitutionalism: Positive,1.131708184820191,109,Internationalism: Negative,1.143456877751181,502,Culture: Positive,1.1682434025522468,409,Keynesian Demand Management,1.179731198090315
2300,404,Economic Planning,1.0172461954057148,608,Multiculturalism: Negative,1.0695454257139854,109,Internationalism: Negative,1.123863292015318,203,Constitutionalism: Positive,1.1269804717507403,502,Culture: Positive,1.1277355097644899
